Episode index,Start index,End index,Environment
0,896,904,Gravitar
0,892,900,Gravitar
0,888,896,Gravitar
0,884,892,Gravitar
0,880,888,Gravitar
0,876,884,Gravitar
0,872,880,Gravitar
0,868,876,Gravitar
0,864,872,Gravitar
0,860,868,Gravitar
0,856,864,Gravitar
0,852,860,Gravitar
0,848,856,Gravitar
0,844,852,Gravitar
0,840,848,Gravitar
0,836,844,Gravitar
0,832,840,Gravitar
0,828,836,Gravitar
0,824,832,Gravitar
0,820,828,Gravitar
0,816,824,Gravitar
0,812,820,Gravitar
0,808,816,Gravitar
0,804,812,Gravitar
0,800,808,Gravitar
0,796,804,Gravitar
0,792,800,Gravitar
0,788,796,Gravitar
0,784,792,Gravitar
0,780,788,Gravitar
0,776,784,Gravitar
0,772,780,Gravitar
0,768,776,Gravitar
0,764,772,Gravitar
0,760,768,Gravitar
0,756,764,Gravitar
0,752,760,Gravitar
0,748,756,Gravitar
0,744,752,Gravitar
0,740,748,Gravitar
0,736,744,Gravitar
0,732,740,Gravitar
0,728,736,Gravitar
0,724,732,Gravitar
0,720,728,Gravitar
0,716,724,Gravitar
0,712,720,Gravitar
0,708,716,Gravitar
0,704,712,Gravitar
0,700,708,Gravitar
0,696,704,Gravitar
0,692,700,Gravitar
0,688,696,Gravitar
0,684,692,Gravitar
0,680,688,Gravitar
0,676,684,Gravitar
0,672,680,Gravitar
0,668,676,Gravitar
0,664,672,Gravitar
0,660,668,Gravitar
0,656,664,Gravitar
0,652,660,Gravitar
0,648,656,Gravitar
0,644,652,Gravitar
0,640,648,Gravitar
0,636,644,Gravitar
0,632,640,Gravitar
0,628,636,Gravitar
0,624,632,Gravitar
0,620,628,Gravitar
0,616,624,Gravitar
0,612,620,Gravitar
0,608,616,Gravitar
0,604,612,Gravitar
0,600,608,Gravitar
0,596,604,Gravitar
0,592,600,Gravitar
0,588,596,Gravitar
0,584,592,Gravitar
0,580,588,Gravitar
0,576,584,Gravitar
0,572,580,Gravitar
0,568,576,Gravitar
0,564,572,Gravitar
0,560,568,Gravitar
0,556,564,Gravitar
0,552,560,Gravitar
0,548,556,Gravitar
0,544,552,Gravitar
0,540,548,Gravitar
0,536,544,Gravitar
0,532,540,Gravitar
0,528,536,Gravitar
0,524,532,Gravitar
0,520,528,Gravitar
0,516,524,Gravitar
0,512,520,Gravitar
0,508,516,Gravitar
0,504,512,Gravitar
0,500,508,Gravitar
0,496,504,Gravitar
0,492,500,Gravitar
0,488,496,Gravitar
0,484,492,Gravitar
0,480,488,Gravitar
0,476,484,Gravitar
0,472,480,Gravitar
0,468,476,Gravitar
0,464,472,Gravitar
0,460,468,Gravitar
0,456,464,Gravitar
0,452,460,Gravitar
0,448,456,Gravitar
0,444,452,Gravitar
0,440,448,Gravitar
0,436,444,Gravitar
0,432,440,Gravitar
0,428,436,Gravitar
0,424,432,Gravitar
0,420,428,Gravitar
0,416,424,Gravitar
0,412,420,Gravitar
0,408,416,Gravitar
0,404,412,Gravitar
0,400,408,Gravitar
0,396,404,Gravitar
0,392,400,Gravitar
0,388,396,Gravitar
0,384,392,Gravitar
0,380,388,Gravitar
0,376,384,Gravitar
0,372,380,Gravitar
0,368,376,Gravitar
0,364,372,Gravitar
0,360,368,Gravitar
0,356,364,Gravitar
0,352,360,Gravitar
0,348,356,Gravitar
0,344,352,Gravitar
0,340,348,Gravitar
0,336,344,Gravitar
0,332,340,Gravitar
0,328,336,Gravitar
0,324,332,Gravitar
0,320,328,Gravitar
0,316,324,Gravitar
0,312,320,Gravitar
0,308,316,Gravitar
0,304,312,Gravitar
0,300,308,Gravitar
0,296,304,Gravitar
0,292,300,Gravitar
0,288,296,Gravitar
0,284,292,Gravitar
0,280,288,Gravitar
0,276,284,Gravitar
0,272,280,Gravitar
0,268,276,Gravitar
0,264,272,Gravitar
0,260,268,Gravitar
0,256,264,Gravitar
0,252,260,Gravitar
0,248,256,Gravitar
0,244,252,Gravitar
0,240,248,Gravitar
0,236,244,Gravitar
0,232,240,Gravitar
0,228,236,Gravitar
0,224,232,Gravitar
0,220,228,Gravitar
0,216,224,Gravitar
0,212,220,Gravitar
0,208,216,Gravitar
0,204,212,Gravitar
0,200,208,Gravitar
0,196,204,Gravitar
0,192,200,Gravitar
0,188,196,Gravitar
0,184,192,Gravitar
0,180,188,Gravitar
0,176,184,Gravitar
0,172,180,Gravitar
0,168,176,Gravitar
0,164,172,Gravitar
0,160,168,Gravitar
0,156,164,Gravitar
0,152,160,Gravitar
0,148,156,Gravitar
0,144,152,Gravitar
0,140,148,Gravitar
0,136,144,Gravitar
0,132,140,Gravitar
0,128,136,Gravitar
0,124,132,Gravitar
0,120,128,Gravitar
0,116,124,Gravitar
0,112,120,Gravitar
0,108,116,Gravitar
0,104,112,Gravitar
0,100,108,Gravitar
0,96,104,Gravitar
0,92,100,Gravitar
0,88,96,Gravitar
0,84,92,Gravitar
0,80,88,Gravitar
0,76,84,Gravitar
0,72,80,Gravitar
0,68,76,Gravitar
0,64,72,Gravitar
0,60,68,Gravitar
0,56,64,Gravitar
0,52,60,Gravitar
0,48,56,Gravitar
0,44,52,Gravitar
0,40,48,Gravitar
0,36,44,Gravitar
0,32,40,Gravitar
0,28,36,Gravitar
0,24,32,Gravitar
0,20,28,Gravitar
0,16,24,Gravitar
0,12,20,Gravitar
0,8,16,Gravitar
0,4,12,Gravitar
0,0,8,Gravitar
0,-4,4,Gravitar
1,662,670,Gravitar
1,658,666,Gravitar
1,654,662,Gravitar
1,650,658,Gravitar
1,646,654,Gravitar
1,642,650,Gravitar
1,638,646,Gravitar
1,634,642,Gravitar
1,630,638,Gravitar
1,626,634,Gravitar
1,622,630,Gravitar
1,618,626,Gravitar
1,614,622,Gravitar
1,610,618,Gravitar
1,606,614,Gravitar
1,602,610,Gravitar
1,598,606,Gravitar
1,594,602,Gravitar
1,590,598,Gravitar
1,586,594,Gravitar
1,582,590,Gravitar
1,578,586,Gravitar
1,574,582,Gravitar
1,570,578,Gravitar
1,566,574,Gravitar
1,562,570,Gravitar
1,558,566,Gravitar
1,554,562,Gravitar
1,550,558,Gravitar
1,546,554,Gravitar
1,542,550,Gravitar
1,538,546,Gravitar
1,534,542,Gravitar
1,530,538,Gravitar
1,526,534,Gravitar
1,522,530,Gravitar
1,518,526,Gravitar
1,514,522,Gravitar
1,510,518,Gravitar
1,506,514,Gravitar
1,502,510,Gravitar
1,498,506,Gravitar
1,494,502,Gravitar
1,490,498,Gravitar
1,486,494,Gravitar
1,482,490,Gravitar
1,478,486,Gravitar
1,474,482,Gravitar
1,470,478,Gravitar
1,466,474,Gravitar
1,462,470,Gravitar
1,458,466,Gravitar
1,454,462,Gravitar
1,450,458,Gravitar
1,446,454,Gravitar
1,442,450,Gravitar
1,438,446,Gravitar
1,434,442,Gravitar
1,430,438,Gravitar
1,426,434,Gravitar
1,422,430,Gravitar
1,418,426,Gravitar
1,414,422,Gravitar
1,410,418,Gravitar
1,406,414,Gravitar
1,402,410,Gravitar
1,398,406,Gravitar
1,394,402,Gravitar
1,390,398,Gravitar
1,386,394,Gravitar
1,382,390,Gravitar
1,378,386,Gravitar
1,374,382,Gravitar
1,370,378,Gravitar
1,366,374,Gravitar
1,362,370,Gravitar
1,358,366,Gravitar
1,354,362,Gravitar
1,350,358,Gravitar
1,346,354,Gravitar
1,342,350,Gravitar
1,338,346,Gravitar
1,334,342,Gravitar
1,330,338,Gravitar
1,326,334,Gravitar
1,322,330,Gravitar
1,318,326,Gravitar
1,314,322,Gravitar
1,310,318,Gravitar
1,306,314,Gravitar
1,302,310,Gravitar
1,298,306,Gravitar
1,294,302,Gravitar
1,290,298,Gravitar
1,286,294,Gravitar
1,282,290,Gravitar
1,278,286,Gravitar
1,274,282,Gravitar
1,270,278,Gravitar
1,266,274,Gravitar
1,262,270,Gravitar
1,258,266,Gravitar
1,254,262,Gravitar
1,250,258,Gravitar
1,246,254,Gravitar
1,242,250,Gravitar
1,238,246,Gravitar
1,234,242,Gravitar
1,230,238,Gravitar
1,226,234,Gravitar
1,222,230,Gravitar
1,218,226,Gravitar
1,214,222,Gravitar
1,210,218,Gravitar
1,206,214,Gravitar
1,202,210,Gravitar
1,198,206,Gravitar
1,194,202,Gravitar
1,190,198,Gravitar
1,186,194,Gravitar
1,182,190,Gravitar
1,178,186,Gravitar
1,174,182,Gravitar
1,170,178,Gravitar
1,166,174,Gravitar
1,162,170,Gravitar
1,158,166,Gravitar
1,154,162,Gravitar
1,150,158,Gravitar
1,146,154,Gravitar
1,142,150,Gravitar
1,138,146,Gravitar
1,134,142,Gravitar
1,130,138,Gravitar
1,126,134,Gravitar
1,122,130,Gravitar
1,118,126,Gravitar
1,114,122,Gravitar
1,110,118,Gravitar
1,106,114,Gravitar
1,102,110,Gravitar
1,98,106,Gravitar
1,94,102,Gravitar
1,90,98,Gravitar
1,86,94,Gravitar
1,82,90,Gravitar
1,78,86,Gravitar
1,74,82,Gravitar
1,70,78,Gravitar
1,66,74,Gravitar
1,62,70,Gravitar
1,58,66,Gravitar
1,54,62,Gravitar
1,50,58,Gravitar
1,46,54,Gravitar
1,42,50,Gravitar
1,38,46,Gravitar
1,34,42,Gravitar
1,30,38,Gravitar
1,26,34,Gravitar
1,22,30,Gravitar
1,18,26,Gravitar
1,14,22,Gravitar
1,10,18,Gravitar
1,6,14,Gravitar
1,2,10,Gravitar
1,-2,6,Gravitar
1,-6,2,Gravitar
2,674,682,Gravitar
2,670,678,Gravitar
2,666,674,Gravitar
2,662,670,Gravitar
2,658,666,Gravitar
2,654,662,Gravitar
2,650,658,Gravitar
2,646,654,Gravitar
2,642,650,Gravitar
2,638,646,Gravitar
2,634,642,Gravitar
2,630,638,Gravitar
2,626,634,Gravitar
2,622,630,Gravitar
2,618,626,Gravitar
2,614,622,Gravitar
2,610,618,Gravitar
2,606,614,Gravitar
2,602,610,Gravitar
2,598,606,Gravitar
2,594,602,Gravitar
2,590,598,Gravitar
2,586,594,Gravitar
2,582,590,Gravitar
2,578,586,Gravitar
2,574,582,Gravitar
2,570,578,Gravitar
2,566,574,Gravitar
2,562,570,Gravitar
2,558,566,Gravitar
2,554,562,Gravitar
2,550,558,Gravitar
2,546,554,Gravitar
2,542,550,Gravitar
2,538,546,Gravitar
2,534,542,Gravitar
2,530,538,Gravitar
2,526,534,Gravitar
2,522,530,Gravitar
2,518,526,Gravitar
2,514,522,Gravitar
2,510,518,Gravitar
2,506,514,Gravitar
2,502,510,Gravitar
2,498,506,Gravitar
2,494,502,Gravitar
2,490,498,Gravitar
2,486,494,Gravitar
2,482,490,Gravitar
2,478,486,Gravitar
2,474,482,Gravitar
2,470,478,Gravitar
2,466,474,Gravitar
2,462,470,Gravitar
2,458,466,Gravitar
2,454,462,Gravitar
2,450,458,Gravitar
2,446,454,Gravitar
2,442,450,Gravitar
2,438,446,Gravitar
2,434,442,Gravitar
2,430,438,Gravitar
2,426,434,Gravitar
2,422,430,Gravitar
2,418,426,Gravitar
2,414,422,Gravitar
2,410,418,Gravitar
2,406,414,Gravitar
2,402,410,Gravitar
2,398,406,Gravitar
2,394,402,Gravitar
2,390,398,Gravitar
2,386,394,Gravitar
2,382,390,Gravitar
2,378,386,Gravitar
2,374,382,Gravitar
2,370,378,Gravitar
2,366,374,Gravitar
2,362,370,Gravitar
2,358,366,Gravitar
2,354,362,Gravitar
2,350,358,Gravitar
2,346,354,Gravitar
2,342,350,Gravitar
2,338,346,Gravitar
2,334,342,Gravitar
2,330,338,Gravitar
2,326,334,Gravitar
2,322,330,Gravitar
2,318,326,Gravitar
2,314,322,Gravitar
2,310,318,Gravitar
2,306,314,Gravitar
2,302,310,Gravitar
2,298,306,Gravitar
2,294,302,Gravitar
2,290,298,Gravitar
2,286,294,Gravitar
2,282,290,Gravitar
2,278,286,Gravitar
2,274,282,Gravitar
2,270,278,Gravitar
2,266,274,Gravitar
2,262,270,Gravitar
2,258,266,Gravitar
2,254,262,Gravitar
2,250,258,Gravitar
2,246,254,Gravitar
2,242,250,Gravitar
2,238,246,Gravitar
2,234,242,Gravitar
2,230,238,Gravitar
2,226,234,Gravitar
2,222,230,Gravitar
2,218,226,Gravitar
2,214,222,Gravitar
2,210,218,Gravitar
2,206,214,Gravitar
2,202,210,Gravitar
2,198,206,Gravitar
2,194,202,Gravitar
2,190,198,Gravitar
2,186,194,Gravitar
2,182,190,Gravitar
2,178,186,Gravitar
2,174,182,Gravitar
2,170,178,Gravitar
2,166,174,Gravitar
2,162,170,Gravitar
2,158,166,Gravitar
2,154,162,Gravitar
2,150,158,Gravitar
2,146,154,Gravitar
2,142,150,Gravitar
2,138,146,Gravitar
2,134,142,Gravitar
2,130,138,Gravitar
2,126,134,Gravitar
2,122,130,Gravitar
2,118,126,Gravitar
2,114,122,Gravitar
2,110,118,Gravitar
2,106,114,Gravitar
2,102,110,Gravitar
2,98,106,Gravitar
2,94,102,Gravitar
2,90,98,Gravitar
2,86,94,Gravitar
2,82,90,Gravitar
2,78,86,Gravitar
2,74,82,Gravitar
2,70,78,Gravitar
2,66,74,Gravitar
2,62,70,Gravitar
2,58,66,Gravitar
2,54,62,Gravitar
2,50,58,Gravitar
2,46,54,Gravitar
2,42,50,Gravitar
2,38,46,Gravitar
2,34,42,Gravitar
2,30,38,Gravitar
2,26,34,Gravitar
2,22,30,Gravitar
2,18,26,Gravitar
2,14,22,Gravitar
2,10,18,Gravitar
2,6,14,Gravitar
2,2,10,Gravitar
2,-2,6,Gravitar
2,-6,2,Gravitar
3,902,910,Gravitar
3,898,906,Gravitar
3,894,902,Gravitar
3,890,898,Gravitar
3,886,894,Gravitar
3,882,890,Gravitar
3,878,886,Gravitar
3,874,882,Gravitar
3,870,878,Gravitar
3,866,874,Gravitar
3,862,870,Gravitar
3,858,866,Gravitar
3,854,862,Gravitar
3,850,858,Gravitar
3,846,854,Gravitar
3,842,850,Gravitar
3,838,846,Gravitar
3,834,842,Gravitar
3,830,838,Gravitar
3,826,834,Gravitar
3,822,830,Gravitar
3,818,826,Gravitar
3,814,822,Gravitar
3,810,818,Gravitar
3,806,814,Gravitar
3,802,810,Gravitar
3,798,806,Gravitar
3,794,802,Gravitar
3,790,798,Gravitar
3,786,794,Gravitar
3,782,790,Gravitar
3,778,786,Gravitar
3,774,782,Gravitar
3,770,778,Gravitar
3,766,774,Gravitar
3,762,770,Gravitar
3,758,766,Gravitar
3,754,762,Gravitar
3,750,758,Gravitar
3,746,754,Gravitar
3,742,750,Gravitar
3,738,746,Gravitar
3,734,742,Gravitar
3,730,738,Gravitar
3,726,734,Gravitar
3,722,730,Gravitar
3,718,726,Gravitar
3,714,722,Gravitar
3,710,718,Gravitar
3,706,714,Gravitar
3,702,710,Gravitar
3,698,706,Gravitar
3,694,702,Gravitar
3,690,698,Gravitar
3,686,694,Gravitar
3,682,690,Gravitar
3,678,686,Gravitar
3,674,682,Gravitar
3,670,678,Gravitar
3,666,674,Gravitar
3,662,670,Gravitar
3,658,666,Gravitar
3,654,662,Gravitar
3,650,658,Gravitar
3,646,654,Gravitar
3,642,650,Gravitar
3,638,646,Gravitar
3,634,642,Gravitar
3,630,638,Gravitar
3,626,634,Gravitar
3,622,630,Gravitar
3,618,626,Gravitar
3,614,622,Gravitar
3,610,618,Gravitar
3,606,614,Gravitar
3,602,610,Gravitar
3,598,606,Gravitar
3,594,602,Gravitar
3,590,598,Gravitar
3,586,594,Gravitar
3,582,590,Gravitar
3,578,586,Gravitar
3,574,582,Gravitar
3,570,578,Gravitar
3,566,574,Gravitar
3,562,570,Gravitar
3,558,566,Gravitar
3,554,562,Gravitar
3,550,558,Gravitar
3,546,554,Gravitar
3,542,550,Gravitar
3,538,546,Gravitar
3,534,542,Gravitar
3,530,538,Gravitar
3,526,534,Gravitar
3,522,530,Gravitar
3,518,526,Gravitar
3,514,522,Gravitar
3,510,518,Gravitar
3,506,514,Gravitar
3,502,510,Gravitar
3,498,506,Gravitar
3,494,502,Gravitar
3,490,498,Gravitar
3,486,494,Gravitar
3,482,490,Gravitar
3,478,486,Gravitar
3,474,482,Gravitar
3,470,478,Gravitar
3,466,474,Gravitar
3,462,470,Gravitar
3,458,466,Gravitar
3,454,462,Gravitar
3,450,458,Gravitar
3,446,454,Gravitar
3,442,450,Gravitar
3,438,446,Gravitar
3,434,442,Gravitar
3,430,438,Gravitar
3,426,434,Gravitar
3,422,430,Gravitar
3,418,426,Gravitar
3,414,422,Gravitar
3,410,418,Gravitar
3,406,414,Gravitar
3,402,410,Gravitar
3,398,406,Gravitar
3,394,402,Gravitar
3,390,398,Gravitar
3,386,394,Gravitar
3,382,390,Gravitar
3,378,386,Gravitar
3,374,382,Gravitar
3,370,378,Gravitar
3,366,374,Gravitar
3,362,370,Gravitar
3,358,366,Gravitar
3,354,362,Gravitar
3,350,358,Gravitar
3,346,354,Gravitar
3,342,350,Gravitar
3,338,346,Gravitar
3,334,342,Gravitar
3,330,338,Gravitar
3,326,334,Gravitar
3,322,330,Gravitar
3,318,326,Gravitar
3,314,322,Gravitar
3,310,318,Gravitar
3,306,314,Gravitar
3,302,310,Gravitar
3,298,306,Gravitar
3,294,302,Gravitar
3,290,298,Gravitar
3,286,294,Gravitar
3,282,290,Gravitar
3,278,286,Gravitar
3,274,282,Gravitar
3,270,278,Gravitar
3,266,274,Gravitar
3,262,270,Gravitar
3,258,266,Gravitar
3,254,262,Gravitar
3,250,258,Gravitar
3,246,254,Gravitar
3,242,250,Gravitar
3,238,246,Gravitar
3,234,242,Gravitar
3,230,238,Gravitar
3,226,234,Gravitar
3,222,230,Gravitar
3,218,226,Gravitar
3,214,222,Gravitar
3,210,218,Gravitar
3,206,214,Gravitar
3,202,210,Gravitar
3,198,206,Gravitar
3,194,202,Gravitar
3,190,198,Gravitar
3,186,194,Gravitar
3,182,190,Gravitar
3,178,186,Gravitar
3,174,182,Gravitar
3,170,178,Gravitar
3,166,174,Gravitar
3,162,170,Gravitar
3,158,166,Gravitar
3,154,162,Gravitar
3,150,158,Gravitar
3,146,154,Gravitar
3,142,150,Gravitar
3,138,146,Gravitar
3,134,142,Gravitar
3,130,138,Gravitar
3,126,134,Gravitar
3,122,130,Gravitar
3,118,126,Gravitar
3,114,122,Gravitar
3,110,118,Gravitar
3,106,114,Gravitar
3,102,110,Gravitar
3,98,106,Gravitar
3,94,102,Gravitar
3,90,98,Gravitar
3,86,94,Gravitar
3,82,90,Gravitar
3,78,86,Gravitar
3,74,82,Gravitar
3,70,78,Gravitar
3,66,74,Gravitar
3,62,70,Gravitar
3,58,66,Gravitar
3,54,62,Gravitar
3,50,58,Gravitar
3,46,54,Gravitar
3,42,50,Gravitar
3,38,46,Gravitar
3,34,42,Gravitar
3,30,38,Gravitar
3,26,34,Gravitar
3,22,30,Gravitar
3,18,26,Gravitar
3,14,22,Gravitar
3,10,18,Gravitar
3,6,14,Gravitar
3,2,10,Gravitar
3,-2,6,Gravitar
3,-6,2,Gravitar
4,648,656,Gravitar
4,644,652,Gravitar
4,640,648,Gravitar
4,636,644,Gravitar
4,632,640,Gravitar
4,628,636,Gravitar
4,624,632,Gravitar
4,620,628,Gravitar
4,616,624,Gravitar
4,612,620,Gravitar
4,608,616,Gravitar
4,604,612,Gravitar
4,600,608,Gravitar
4,596,604,Gravitar
4,592,600,Gravitar
4,588,596,Gravitar
4,584,592,Gravitar
4,580,588,Gravitar
4,576,584,Gravitar
4,572,580,Gravitar
4,568,576,Gravitar
4,564,572,Gravitar
4,560,568,Gravitar
4,556,564,Gravitar
4,552,560,Gravitar
4,548,556,Gravitar
4,544,552,Gravitar
4,540,548,Gravitar
4,536,544,Gravitar
4,532,540,Gravitar
4,528,536,Gravitar
4,524,532,Gravitar
4,520,528,Gravitar
4,516,524,Gravitar
4,512,520,Gravitar
4,508,516,Gravitar
4,504,512,Gravitar
4,500,508,Gravitar
4,496,504,Gravitar
4,492,500,Gravitar
4,488,496,Gravitar
4,484,492,Gravitar
4,480,488,Gravitar
4,476,484,Gravitar
4,472,480,Gravitar
4,468,476,Gravitar
4,464,472,Gravitar
4,460,468,Gravitar
4,456,464,Gravitar
4,452,460,Gravitar
4,448,456,Gravitar
4,444,452,Gravitar
4,440,448,Gravitar
4,436,444,Gravitar
4,432,440,Gravitar
4,428,436,Gravitar
4,424,432,Gravitar
4,420,428,Gravitar
4,416,424,Gravitar
4,412,420,Gravitar
4,408,416,Gravitar
4,404,412,Gravitar
4,400,408,Gravitar
4,396,404,Gravitar
4,392,400,Gravitar
4,388,396,Gravitar
4,384,392,Gravitar
4,380,388,Gravitar
4,376,384,Gravitar
4,372,380,Gravitar
4,368,376,Gravitar
4,364,372,Gravitar
4,360,368,Gravitar
4,356,364,Gravitar
4,352,360,Gravitar
4,348,356,Gravitar
4,344,352,Gravitar
4,340,348,Gravitar
4,336,344,Gravitar
4,332,340,Gravitar
4,328,336,Gravitar
4,324,332,Gravitar
4,320,328,Gravitar
4,316,324,Gravitar
4,312,320,Gravitar
4,308,316,Gravitar
4,304,312,Gravitar
4,300,308,Gravitar
4,296,304,Gravitar
4,292,300,Gravitar
4,288,296,Gravitar
4,284,292,Gravitar
4,280,288,Gravitar
4,276,284,Gravitar
4,272,280,Gravitar
4,268,276,Gravitar
4,264,272,Gravitar
4,260,268,Gravitar
4,256,264,Gravitar
4,252,260,Gravitar
4,248,256,Gravitar
4,244,252,Gravitar
4,240,248,Gravitar
4,236,244,Gravitar
4,232,240,Gravitar
4,228,236,Gravitar
4,224,232,Gravitar
4,220,228,Gravitar
4,216,224,Gravitar
4,212,220,Gravitar
4,208,216,Gravitar
4,204,212,Gravitar
4,200,208,Gravitar
4,196,204,Gravitar
4,192,200,Gravitar
4,188,196,Gravitar
4,184,192,Gravitar
4,180,188,Gravitar
4,176,184,Gravitar
4,172,180,Gravitar
4,168,176,Gravitar
4,164,172,Gravitar
4,160,168,Gravitar
4,156,164,Gravitar
4,152,160,Gravitar
4,148,156,Gravitar
4,144,152,Gravitar
4,140,148,Gravitar
4,136,144,Gravitar
4,132,140,Gravitar
4,128,136,Gravitar
4,124,132,Gravitar
4,120,128,Gravitar
4,116,124,Gravitar
4,112,120,Gravitar
4,108,116,Gravitar
4,104,112,Gravitar
4,100,108,Gravitar
4,96,104,Gravitar
4,92,100,Gravitar
4,88,96,Gravitar
4,84,92,Gravitar
4,80,88,Gravitar
4,76,84,Gravitar
4,72,80,Gravitar
4,68,76,Gravitar
4,64,72,Gravitar
4,60,68,Gravitar
4,56,64,Gravitar
4,52,60,Gravitar
4,48,56,Gravitar
4,44,52,Gravitar
4,40,48,Gravitar
4,36,44,Gravitar
4,32,40,Gravitar
4,28,36,Gravitar
4,24,32,Gravitar
4,20,28,Gravitar
4,16,24,Gravitar
4,12,20,Gravitar
4,8,16,Gravitar
4,4,12,Gravitar
4,0,8,Gravitar
4,-4,4,Gravitar
5,674,682,Gravitar
5,670,678,Gravitar
5,666,674,Gravitar
5,662,670,Gravitar
5,658,666,Gravitar
5,654,662,Gravitar
5,650,658,Gravitar
5,646,654,Gravitar
5,642,650,Gravitar
5,638,646,Gravitar
5,634,642,Gravitar
5,630,638,Gravitar
5,626,634,Gravitar
5,622,630,Gravitar
5,618,626,Gravitar
5,614,622,Gravitar
5,610,618,Gravitar
5,606,614,Gravitar
5,602,610,Gravitar
5,598,606,Gravitar
5,594,602,Gravitar
5,590,598,Gravitar
5,586,594,Gravitar
5,582,590,Gravitar
5,578,586,Gravitar
5,574,582,Gravitar
5,570,578,Gravitar
5,566,574,Gravitar
5,562,570,Gravitar
5,558,566,Gravitar
5,554,562,Gravitar
5,550,558,Gravitar
5,546,554,Gravitar
5,542,550,Gravitar
5,538,546,Gravitar
5,534,542,Gravitar
5,530,538,Gravitar
5,526,534,Gravitar
5,522,530,Gravitar
5,518,526,Gravitar
5,514,522,Gravitar
5,510,518,Gravitar
5,506,514,Gravitar
5,502,510,Gravitar
5,498,506,Gravitar
5,494,502,Gravitar
5,490,498,Gravitar
5,486,494,Gravitar
5,482,490,Gravitar
5,478,486,Gravitar
5,474,482,Gravitar
5,470,478,Gravitar
5,466,474,Gravitar
5,462,470,Gravitar
5,458,466,Gravitar
5,454,462,Gravitar
5,450,458,Gravitar
5,446,454,Gravitar
5,442,450,Gravitar
5,438,446,Gravitar
5,434,442,Gravitar
5,430,438,Gravitar
5,426,434,Gravitar
5,422,430,Gravitar
5,418,426,Gravitar
5,414,422,Gravitar
5,410,418,Gravitar
5,406,414,Gravitar
5,402,410,Gravitar
5,398,406,Gravitar
5,394,402,Gravitar
5,390,398,Gravitar
5,386,394,Gravitar
5,382,390,Gravitar
5,378,386,Gravitar
5,374,382,Gravitar
5,370,378,Gravitar
5,366,374,Gravitar
5,362,370,Gravitar
5,358,366,Gravitar
5,354,362,Gravitar
5,350,358,Gravitar
5,346,354,Gravitar
5,342,350,Gravitar
5,338,346,Gravitar
5,334,342,Gravitar
5,330,338,Gravitar
5,326,334,Gravitar
5,322,330,Gravitar
5,318,326,Gravitar
5,314,322,Gravitar
5,310,318,Gravitar
5,306,314,Gravitar
5,302,310,Gravitar
5,298,306,Gravitar
5,294,302,Gravitar
5,290,298,Gravitar
5,286,294,Gravitar
5,282,290,Gravitar
5,278,286,Gravitar
5,274,282,Gravitar
5,270,278,Gravitar
5,266,274,Gravitar
5,262,270,Gravitar
5,258,266,Gravitar
5,254,262,Gravitar
5,250,258,Gravitar
5,246,254,Gravitar
5,242,250,Gravitar
5,238,246,Gravitar
5,234,242,Gravitar
5,230,238,Gravitar
5,226,234,Gravitar
5,222,230,Gravitar
5,218,226,Gravitar
5,214,222,Gravitar
5,210,218,Gravitar
5,206,214,Gravitar
5,202,210,Gravitar
5,198,206,Gravitar
5,194,202,Gravitar
5,190,198,Gravitar
5,186,194,Gravitar
5,182,190,Gravitar
5,178,186,Gravitar
5,174,182,Gravitar
5,170,178,Gravitar
5,166,174,Gravitar
5,162,170,Gravitar
5,158,166,Gravitar
5,154,162,Gravitar
5,150,158,Gravitar
5,146,154,Gravitar
5,142,150,Gravitar
5,138,146,Gravitar
5,134,142,Gravitar
5,130,138,Gravitar
5,126,134,Gravitar
5,122,130,Gravitar
5,118,126,Gravitar
5,114,122,Gravitar
5,110,118,Gravitar
5,106,114,Gravitar
5,102,110,Gravitar
5,98,106,Gravitar
5,94,102,Gravitar
5,90,98,Gravitar
5,86,94,Gravitar
5,82,90,Gravitar
5,78,86,Gravitar
5,74,82,Gravitar
5,70,78,Gravitar
5,66,74,Gravitar
5,62,70,Gravitar
5,58,66,Gravitar
5,54,62,Gravitar
5,50,58,Gravitar
5,46,54,Gravitar
5,42,50,Gravitar
5,38,46,Gravitar
5,34,42,Gravitar
5,30,38,Gravitar
5,26,34,Gravitar
5,22,30,Gravitar
5,18,26,Gravitar
5,14,22,Gravitar
5,10,18,Gravitar
5,6,14,Gravitar
5,2,10,Gravitar
5,-2,6,Gravitar
5,-6,2,Gravitar
6,867,875,Gravitar
6,863,871,Gravitar
6,859,867,Gravitar
6,855,863,Gravitar
6,851,859,Gravitar
6,847,855,Gravitar
6,843,851,Gravitar
6,839,847,Gravitar
6,835,843,Gravitar
6,831,839,Gravitar
6,827,835,Gravitar
6,823,831,Gravitar
6,819,827,Gravitar
6,815,823,Gravitar
6,811,819,Gravitar
6,807,815,Gravitar
6,803,811,Gravitar
6,799,807,Gravitar
6,795,803,Gravitar
6,791,799,Gravitar
6,787,795,Gravitar
6,783,791,Gravitar
6,779,787,Gravitar
6,775,783,Gravitar
6,771,779,Gravitar
6,767,775,Gravitar
6,763,771,Gravitar
6,759,767,Gravitar
6,755,763,Gravitar
6,751,759,Gravitar
6,747,755,Gravitar
6,743,751,Gravitar
6,739,747,Gravitar
6,735,743,Gravitar
6,731,739,Gravitar
6,727,735,Gravitar
6,723,731,Gravitar
6,719,727,Gravitar
6,715,723,Gravitar
6,711,719,Gravitar
6,707,715,Gravitar
6,703,711,Gravitar
6,699,707,Gravitar
6,695,703,Gravitar
6,691,699,Gravitar
6,687,695,Gravitar
6,683,691,Gravitar
6,679,687,Gravitar
6,675,683,Gravitar
6,671,679,Gravitar
6,667,675,Gravitar
6,663,671,Gravitar
6,659,667,Gravitar
6,655,663,Gravitar
6,651,659,Gravitar
6,647,655,Gravitar
6,643,651,Gravitar
6,639,647,Gravitar
6,635,643,Gravitar
6,631,639,Gravitar
6,627,635,Gravitar
6,623,631,Gravitar
6,619,627,Gravitar
6,615,623,Gravitar
6,611,619,Gravitar
6,607,615,Gravitar
6,603,611,Gravitar
6,599,607,Gravitar
6,595,603,Gravitar
6,591,599,Gravitar
6,587,595,Gravitar
6,583,591,Gravitar
6,579,587,Gravitar
6,575,583,Gravitar
6,571,579,Gravitar
6,567,575,Gravitar
6,563,571,Gravitar
6,559,567,Gravitar
6,555,563,Gravitar
6,551,559,Gravitar
6,547,555,Gravitar
6,543,551,Gravitar
6,539,547,Gravitar
6,535,543,Gravitar
6,531,539,Gravitar
6,527,535,Gravitar
6,523,531,Gravitar
6,519,527,Gravitar
6,515,523,Gravitar
6,511,519,Gravitar
6,507,515,Gravitar
6,503,511,Gravitar
6,499,507,Gravitar
6,495,503,Gravitar
6,491,499,Gravitar
6,487,495,Gravitar
6,483,491,Gravitar
6,479,487,Gravitar
6,475,483,Gravitar
6,471,479,Gravitar
6,467,475,Gravitar
6,463,471,Gravitar
6,459,467,Gravitar
6,455,463,Gravitar
6,451,459,Gravitar
6,447,455,Gravitar
6,443,451,Gravitar
6,439,447,Gravitar
6,435,443,Gravitar
6,431,439,Gravitar
6,427,435,Gravitar
6,423,431,Gravitar
6,419,427,Gravitar
6,415,423,Gravitar
6,411,419,Gravitar
6,407,415,Gravitar
6,403,411,Gravitar
6,399,407,Gravitar
6,395,403,Gravitar
6,391,399,Gravitar
6,387,395,Gravitar
6,383,391,Gravitar
6,379,387,Gravitar
6,375,383,Gravitar
6,371,379,Gravitar
6,367,375,Gravitar
6,363,371,Gravitar
6,359,367,Gravitar
6,355,363,Gravitar
6,351,359,Gravitar
6,347,355,Gravitar
6,343,351,Gravitar
6,339,347,Gravitar
6,335,343,Gravitar
6,331,339,Gravitar
6,327,335,Gravitar
6,323,331,Gravitar
6,319,327,Gravitar
6,315,323,Gravitar
6,311,319,Gravitar
6,307,315,Gravitar
6,303,311,Gravitar
6,299,307,Gravitar
6,295,303,Gravitar
6,291,299,Gravitar
6,287,295,Gravitar
6,283,291,Gravitar
6,279,287,Gravitar
6,275,283,Gravitar
6,271,279,Gravitar
6,267,275,Gravitar
6,263,271,Gravitar
6,259,267,Gravitar
6,255,263,Gravitar
6,251,259,Gravitar
6,247,255,Gravitar
6,243,251,Gravitar
6,239,247,Gravitar
6,235,243,Gravitar
6,231,239,Gravitar
6,227,235,Gravitar
6,223,231,Gravitar
6,219,227,Gravitar
6,215,223,Gravitar
6,211,219,Gravitar
6,207,215,Gravitar
6,203,211,Gravitar
6,199,207,Gravitar
6,195,203,Gravitar
6,191,199,Gravitar
6,187,195,Gravitar
6,183,191,Gravitar
6,179,187,Gravitar
6,175,183,Gravitar
6,171,179,Gravitar
6,167,175,Gravitar
6,163,171,Gravitar
6,159,167,Gravitar
6,155,163,Gravitar
6,151,159,Gravitar
6,147,155,Gravitar
6,143,151,Gravitar
6,139,147,Gravitar
6,135,143,Gravitar
6,131,139,Gravitar
6,127,135,Gravitar
6,123,131,Gravitar
6,119,127,Gravitar
6,115,123,Gravitar
6,111,119,Gravitar
6,107,115,Gravitar
6,103,111,Gravitar
6,99,107,Gravitar
6,95,103,Gravitar
6,91,99,Gravitar
6,87,95,Gravitar
6,83,91,Gravitar
6,79,87,Gravitar
6,75,83,Gravitar
6,71,79,Gravitar
6,67,75,Gravitar
6,63,71,Gravitar
6,59,67,Gravitar
6,55,63,Gravitar
6,51,59,Gravitar
6,47,55,Gravitar
6,43,51,Gravitar
6,39,47,Gravitar
6,35,43,Gravitar
6,31,39,Gravitar
6,27,35,Gravitar
6,23,31,Gravitar
6,19,27,Gravitar
6,15,23,Gravitar
6,11,19,Gravitar
6,7,15,Gravitar
6,3,11,Gravitar
6,-1,7,Gravitar
6,-5,3,Gravitar
7,478,486,Gravitar
7,474,482,Gravitar
7,470,478,Gravitar
7,466,474,Gravitar
7,462,470,Gravitar
7,458,466,Gravitar
7,454,462,Gravitar
7,450,458,Gravitar
7,446,454,Gravitar
7,442,450,Gravitar
7,438,446,Gravitar
7,434,442,Gravitar
7,430,438,Gravitar
7,426,434,Gravitar
7,422,430,Gravitar
7,418,426,Gravitar
7,414,422,Gravitar
7,410,418,Gravitar
7,406,414,Gravitar
7,402,410,Gravitar
7,398,406,Gravitar
7,394,402,Gravitar
7,390,398,Gravitar
7,386,394,Gravitar
7,382,390,Gravitar
7,378,386,Gravitar
7,374,382,Gravitar
7,370,378,Gravitar
7,366,374,Gravitar
7,362,370,Gravitar
7,358,366,Gravitar
7,354,362,Gravitar
7,350,358,Gravitar
7,346,354,Gravitar
7,342,350,Gravitar
7,338,346,Gravitar
7,334,342,Gravitar
7,330,338,Gravitar
7,326,334,Gravitar
7,322,330,Gravitar
7,318,326,Gravitar
7,314,322,Gravitar
7,310,318,Gravitar
7,306,314,Gravitar
7,302,310,Gravitar
7,298,306,Gravitar
7,294,302,Gravitar
7,290,298,Gravitar
7,286,294,Gravitar
7,282,290,Gravitar
7,278,286,Gravitar
7,274,282,Gravitar
7,270,278,Gravitar
7,266,274,Gravitar
7,262,270,Gravitar
7,258,266,Gravitar
7,254,262,Gravitar
7,250,258,Gravitar
7,246,254,Gravitar
7,242,250,Gravitar
7,238,246,Gravitar
7,234,242,Gravitar
7,230,238,Gravitar
7,226,234,Gravitar
7,222,230,Gravitar
7,218,226,Gravitar
7,214,222,Gravitar
7,210,218,Gravitar
7,206,214,Gravitar
7,202,210,Gravitar
7,198,206,Gravitar
7,194,202,Gravitar
7,190,198,Gravitar
7,186,194,Gravitar
7,182,190,Gravitar
7,178,186,Gravitar
7,174,182,Gravitar
7,170,178,Gravitar
7,166,174,Gravitar
7,162,170,Gravitar
7,158,166,Gravitar
7,154,162,Gravitar
7,150,158,Gravitar
7,146,154,Gravitar
7,142,150,Gravitar
7,138,146,Gravitar
7,134,142,Gravitar
7,130,138,Gravitar
7,126,134,Gravitar
7,122,130,Gravitar
7,118,126,Gravitar
7,114,122,Gravitar
7,110,118,Gravitar
7,106,114,Gravitar
7,102,110,Gravitar
7,98,106,Gravitar
7,94,102,Gravitar
7,90,98,Gravitar
7,86,94,Gravitar
7,82,90,Gravitar
7,78,86,Gravitar
7,74,82,Gravitar
7,70,78,Gravitar
7,66,74,Gravitar
7,62,70,Gravitar
7,58,66,Gravitar
7,54,62,Gravitar
7,50,58,Gravitar
7,46,54,Gravitar
7,42,50,Gravitar
7,38,46,Gravitar
7,34,42,Gravitar
7,30,38,Gravitar
7,26,34,Gravitar
7,22,30,Gravitar
7,18,26,Gravitar
7,14,22,Gravitar
7,10,18,Gravitar
7,6,14,Gravitar
7,2,10,Gravitar
7,-2,6,Gravitar
7,-6,2,Gravitar
