Episode index,Start index,End index,Environment
0,0,8,Gravitar
0,4,12,Gravitar
0,8,16,Gravitar
0,12,20,Gravitar
0,16,24,Gravitar
0,20,28,Gravitar
0,24,32,Gravitar
0,28,36,Gravitar
0,32,40,Gravitar
0,36,44,Gravitar
0,40,48,Gravitar
0,44,52,Gravitar
0,48,56,Gravitar
0,52,60,Gravitar
0,56,64,Gravitar
0,60,68,Gravitar
0,64,72,Gravitar
0,68,76,Gravitar
0,72,80,Gravitar
0,76,84,Gravitar
0,80,88,Gravitar
0,84,92,Gravitar
0,88,96,Gravitar
0,92,100,Gravitar
0,96,104,Gravitar
0,100,108,Gravitar
0,104,112,Gravitar
0,108,116,Gravitar
0,112,120,Gravitar
0,116,124,Gravitar
0,120,128,Gravitar
0,124,132,Gravitar
0,128,136,Gravitar
0,132,140,Gravitar
0,136,144,Gravitar
0,140,148,Gravitar
0,144,152,Gravitar
0,148,156,Gravitar
0,152,160,Gravitar
0,156,164,Gravitar
0,160,168,Gravitar
0,164,172,Gravitar
0,168,176,Gravitar
0,172,180,Gravitar
0,176,184,Gravitar
0,180,188,Gravitar
0,184,192,Gravitar
0,188,196,Gravitar
0,192,200,Gravitar
0,196,204,Gravitar
0,200,208,Gravitar
0,204,212,Gravitar
0,208,216,Gravitar
0,212,220,Gravitar
0,216,224,Gravitar
0,220,228,Gravitar
0,224,232,Gravitar
0,228,236,Gravitar
0,232,240,Gravitar
0,236,244,Gravitar
0,240,248,Gravitar
0,244,252,Gravitar
0,248,256,Gravitar
0,252,260,Gravitar
0,256,264,Gravitar
0,260,268,Gravitar
0,264,272,Gravitar
0,268,276,Gravitar
0,272,280,Gravitar
0,276,284,Gravitar
0,280,288,Gravitar
0,284,292,Gravitar
0,288,296,Gravitar
0,292,300,Gravitar
0,296,304,Gravitar
0,300,308,Gravitar
0,304,312,Gravitar
0,308,316,Gravitar
0,312,320,Gravitar
0,316,324,Gravitar
0,320,328,Gravitar
0,324,332,Gravitar
0,328,336,Gravitar
0,332,340,Gravitar
0,336,344,Gravitar
0,340,348,Gravitar
0,344,352,Gravitar
0,348,356,Gravitar
0,352,360,Gravitar
0,356,364,Gravitar
0,360,368,Gravitar
0,364,372,Gravitar
0,368,376,Gravitar
0,372,380,Gravitar
0,376,384,Gravitar
0,380,388,Gravitar
0,384,392,Gravitar
0,388,396,Gravitar
0,392,400,Gravitar
0,396,404,Gravitar
0,400,408,Gravitar
0,404,412,Gravitar
0,408,416,Gravitar
0,412,420,Gravitar
0,416,424,Gravitar
0,420,428,Gravitar
0,424,432,Gravitar
0,428,436,Gravitar
0,432,440,Gravitar
0,436,444,Gravitar
0,440,448,Gravitar
0,444,452,Gravitar
0,448,456,Gravitar
0,452,460,Gravitar
0,456,464,Gravitar
0,460,468,Gravitar
0,464,472,Gravitar
0,468,476,Gravitar
0,472,480,Gravitar
0,476,484,Gravitar
0,480,488,Gravitar
0,484,492,Gravitar
0,488,496,Gravitar
0,492,500,Gravitar
0,496,504,Gravitar
0,500,508,Gravitar
0,504,512,Gravitar
0,508,516,Gravitar
0,512,520,Gravitar
0,516,524,Gravitar
0,520,528,Gravitar
0,524,532,Gravitar
0,528,536,Gravitar
0,532,540,Gravitar
0,536,544,Gravitar
0,540,548,Gravitar
0,544,552,Gravitar
0,548,556,Gravitar
0,552,560,Gravitar
0,556,564,Gravitar
0,560,568,Gravitar
0,564,572,Gravitar
0,568,576,Gravitar
0,572,580,Gravitar
0,576,584,Gravitar
0,580,588,Gravitar
0,584,592,Gravitar
0,588,596,Gravitar
0,592,600,Gravitar
0,596,604,Gravitar
0,600,608,Gravitar
0,604,612,Gravitar
0,608,616,Gravitar
0,612,620,Gravitar
0,616,624,Gravitar
0,620,628,Gravitar
0,624,632,Gravitar
0,628,636,Gravitar
0,632,640,Gravitar
0,636,644,Gravitar
0,640,648,Gravitar
0,644,652,Gravitar
0,648,656,Gravitar
0,652,660,Gravitar
0,656,664,Gravitar
0,660,668,Gravitar
0,664,672,Gravitar
0,668,676,Gravitar
0,672,680,Gravitar
0,676,684,Gravitar
0,680,688,Gravitar
0,684,692,Gravitar
0,688,696,Gravitar
0,692,700,Gravitar
0,696,704,Gravitar
0,700,708,Gravitar
0,704,712,Gravitar
0,708,716,Gravitar
0,712,720,Gravitar
0,716,724,Gravitar
0,720,728,Gravitar
0,724,732,Gravitar
0,728,736,Gravitar
0,732,740,Gravitar
0,736,744,Gravitar
0,740,748,Gravitar
0,744,752,Gravitar
0,748,756,Gravitar
0,752,760,Gravitar
0,756,764,Gravitar
0,760,768,Gravitar
0,764,772,Gravitar
0,768,776,Gravitar
0,772,780,Gravitar
0,776,784,Gravitar
0,780,788,Gravitar
0,784,792,Gravitar
0,788,796,Gravitar
0,792,800,Gravitar
0,796,804,Gravitar
0,800,808,Gravitar
0,804,812,Gravitar
0,808,816,Gravitar
0,812,820,Gravitar
0,816,824,Gravitar
0,820,828,Gravitar
0,824,832,Gravitar
0,828,836,Gravitar
0,832,840,Gravitar
0,836,844,Gravitar
0,840,848,Gravitar
0,844,852,Gravitar
0,848,856,Gravitar
0,852,860,Gravitar
0,856,864,Gravitar
0,860,868,Gravitar
0,864,872,Gravitar
0,868,876,Gravitar
0,872,880,Gravitar
0,876,884,Gravitar
0,880,888,Gravitar
0,884,892,Gravitar
0,888,896,Gravitar
0,892,900,Gravitar
0,896,904,Gravitar
0,900,908,Gravitar
0,904,912,Gravitar
1,0,8,Gravitar
1,4,12,Gravitar
1,8,16,Gravitar
1,12,20,Gravitar
1,16,24,Gravitar
1,20,28,Gravitar
1,24,32,Gravitar
1,28,36,Gravitar
1,32,40,Gravitar
1,36,44,Gravitar
1,40,48,Gravitar
1,44,52,Gravitar
1,48,56,Gravitar
1,52,60,Gravitar
1,56,64,Gravitar
1,60,68,Gravitar
1,64,72,Gravitar
1,68,76,Gravitar
1,72,80,Gravitar
1,76,84,Gravitar
1,80,88,Gravitar
1,84,92,Gravitar
1,88,96,Gravitar
1,92,100,Gravitar
1,96,104,Gravitar
1,100,108,Gravitar
1,104,112,Gravitar
1,108,116,Gravitar
1,112,120,Gravitar
1,116,124,Gravitar
1,120,128,Gravitar
1,124,132,Gravitar
1,128,136,Gravitar
1,132,140,Gravitar
1,136,144,Gravitar
1,140,148,Gravitar
1,144,152,Gravitar
1,148,156,Gravitar
1,152,160,Gravitar
1,156,164,Gravitar
1,160,168,Gravitar
1,164,172,Gravitar
1,168,176,Gravitar
1,172,180,Gravitar
1,176,184,Gravitar
1,180,188,Gravitar
1,184,192,Gravitar
1,188,196,Gravitar
1,192,200,Gravitar
1,196,204,Gravitar
1,200,208,Gravitar
1,204,212,Gravitar
1,208,216,Gravitar
1,212,220,Gravitar
1,216,224,Gravitar
1,220,228,Gravitar
1,224,232,Gravitar
1,228,236,Gravitar
1,232,240,Gravitar
1,236,244,Gravitar
1,240,248,Gravitar
1,244,252,Gravitar
1,248,256,Gravitar
1,252,260,Gravitar
1,256,264,Gravitar
1,260,268,Gravitar
1,264,272,Gravitar
1,268,276,Gravitar
1,272,280,Gravitar
1,276,284,Gravitar
1,280,288,Gravitar
1,284,292,Gravitar
1,288,296,Gravitar
1,292,300,Gravitar
1,296,304,Gravitar
1,300,308,Gravitar
1,304,312,Gravitar
1,308,316,Gravitar
1,312,320,Gravitar
1,316,324,Gravitar
1,320,328,Gravitar
1,324,332,Gravitar
1,328,336,Gravitar
1,332,340,Gravitar
1,336,344,Gravitar
1,340,348,Gravitar
1,344,352,Gravitar
1,348,356,Gravitar
1,352,360,Gravitar
1,356,364,Gravitar
1,360,368,Gravitar
1,364,372,Gravitar
1,368,376,Gravitar
1,372,380,Gravitar
1,376,384,Gravitar
1,380,388,Gravitar
1,384,392,Gravitar
1,388,396,Gravitar
1,392,400,Gravitar
1,396,404,Gravitar
1,400,408,Gravitar
1,404,412,Gravitar
1,408,416,Gravitar
1,412,420,Gravitar
1,416,424,Gravitar
1,420,428,Gravitar
1,424,432,Gravitar
1,428,436,Gravitar
1,432,440,Gravitar
1,436,444,Gravitar
1,440,448,Gravitar
1,444,452,Gravitar
1,448,456,Gravitar
1,452,460,Gravitar
1,456,464,Gravitar
1,460,468,Gravitar
1,464,472,Gravitar
1,468,476,Gravitar
1,472,480,Gravitar
1,476,484,Gravitar
1,480,488,Gravitar
1,484,492,Gravitar
1,488,496,Gravitar
1,492,500,Gravitar
1,496,504,Gravitar
1,500,508,Gravitar
1,504,512,Gravitar
1,508,516,Gravitar
1,512,520,Gravitar
1,516,524,Gravitar
1,520,528,Gravitar
1,524,532,Gravitar
1,528,536,Gravitar
1,532,540,Gravitar
1,536,544,Gravitar
1,540,548,Gravitar
1,544,552,Gravitar
1,548,556,Gravitar
1,552,560,Gravitar
1,556,564,Gravitar
1,560,568,Gravitar
1,564,572,Gravitar
1,568,576,Gravitar
1,572,580,Gravitar
1,576,584,Gravitar
1,580,588,Gravitar
1,584,592,Gravitar
1,588,596,Gravitar
1,592,600,Gravitar
1,596,604,Gravitar
1,600,608,Gravitar
1,604,612,Gravitar
1,608,616,Gravitar
1,612,620,Gravitar
1,616,624,Gravitar
1,620,628,Gravitar
1,624,632,Gravitar
1,628,636,Gravitar
1,632,640,Gravitar
1,636,644,Gravitar
1,640,648,Gravitar
1,644,652,Gravitar
1,648,656,Gravitar
1,652,660,Gravitar
1,656,664,Gravitar
1,660,668,Gravitar
1,664,672,Gravitar
1,668,676,Gravitar
2,0,8,Gravitar
2,4,12,Gravitar
2,8,16,Gravitar
2,12,20,Gravitar
2,16,24,Gravitar
2,20,28,Gravitar
2,24,32,Gravitar
2,28,36,Gravitar
2,32,40,Gravitar
2,36,44,Gravitar
2,40,48,Gravitar
2,44,52,Gravitar
2,48,56,Gravitar
2,52,60,Gravitar
2,56,64,Gravitar
2,60,68,Gravitar
2,64,72,Gravitar
2,68,76,Gravitar
2,72,80,Gravitar
2,76,84,Gravitar
2,80,88,Gravitar
2,84,92,Gravitar
2,88,96,Gravitar
2,92,100,Gravitar
2,96,104,Gravitar
2,100,108,Gravitar
2,104,112,Gravitar
2,108,116,Gravitar
2,112,120,Gravitar
2,116,124,Gravitar
2,120,128,Gravitar
2,124,132,Gravitar
2,128,136,Gravitar
2,132,140,Gravitar
2,136,144,Gravitar
2,140,148,Gravitar
2,144,152,Gravitar
2,148,156,Gravitar
2,152,160,Gravitar
2,156,164,Gravitar
2,160,168,Gravitar
2,164,172,Gravitar
2,168,176,Gravitar
2,172,180,Gravitar
2,176,184,Gravitar
2,180,188,Gravitar
2,184,192,Gravitar
2,188,196,Gravitar
2,192,200,Gravitar
2,196,204,Gravitar
2,200,208,Gravitar
2,204,212,Gravitar
2,208,216,Gravitar
2,212,220,Gravitar
2,216,224,Gravitar
2,220,228,Gravitar
2,224,232,Gravitar
2,228,236,Gravitar
2,232,240,Gravitar
2,236,244,Gravitar
2,240,248,Gravitar
2,244,252,Gravitar
2,248,256,Gravitar
2,252,260,Gravitar
2,256,264,Gravitar
2,260,268,Gravitar
2,264,272,Gravitar
2,268,276,Gravitar
2,272,280,Gravitar
2,276,284,Gravitar
2,280,288,Gravitar
2,284,292,Gravitar
2,288,296,Gravitar
2,292,300,Gravitar
2,296,304,Gravitar
2,300,308,Gravitar
2,304,312,Gravitar
2,308,316,Gravitar
2,312,320,Gravitar
2,316,324,Gravitar
2,320,328,Gravitar
2,324,332,Gravitar
2,328,336,Gravitar
2,332,340,Gravitar
2,336,344,Gravitar
2,340,348,Gravitar
2,344,352,Gravitar
2,348,356,Gravitar
2,352,360,Gravitar
2,356,364,Gravitar
2,360,368,Gravitar
2,364,372,Gravitar
2,368,376,Gravitar
2,372,380,Gravitar
2,376,384,Gravitar
2,380,388,Gravitar
2,384,392,Gravitar
2,388,396,Gravitar
2,392,400,Gravitar
2,396,404,Gravitar
2,400,408,Gravitar
2,404,412,Gravitar
2,408,416,Gravitar
2,412,420,Gravitar
2,416,424,Gravitar
2,420,428,Gravitar
2,424,432,Gravitar
2,428,436,Gravitar
2,432,440,Gravitar
2,436,444,Gravitar
2,440,448,Gravitar
2,444,452,Gravitar
2,448,456,Gravitar
2,452,460,Gravitar
2,456,464,Gravitar
2,460,468,Gravitar
2,464,472,Gravitar
2,468,476,Gravitar
2,472,480,Gravitar
2,476,484,Gravitar
2,480,488,Gravitar
2,484,492,Gravitar
2,488,496,Gravitar
2,492,500,Gravitar
2,496,504,Gravitar
2,500,508,Gravitar
2,504,512,Gravitar
2,508,516,Gravitar
2,512,520,Gravitar
2,516,524,Gravitar
2,520,528,Gravitar
2,524,532,Gravitar
2,528,536,Gravitar
2,532,540,Gravitar
2,536,544,Gravitar
2,540,548,Gravitar
2,544,552,Gravitar
2,548,556,Gravitar
2,552,560,Gravitar
2,556,564,Gravitar
2,560,568,Gravitar
2,564,572,Gravitar
2,568,576,Gravitar
2,572,580,Gravitar
2,576,584,Gravitar
2,580,588,Gravitar
2,584,592,Gravitar
2,588,596,Gravitar
2,592,600,Gravitar
2,596,604,Gravitar
2,600,608,Gravitar
2,604,612,Gravitar
2,608,616,Gravitar
2,612,620,Gravitar
2,616,624,Gravitar
2,620,628,Gravitar
2,624,632,Gravitar
2,628,636,Gravitar
2,632,640,Gravitar
2,636,644,Gravitar
2,640,648,Gravitar
2,644,652,Gravitar
2,648,656,Gravitar
2,652,660,Gravitar
2,656,664,Gravitar
2,660,668,Gravitar
2,664,672,Gravitar
2,668,676,Gravitar
2,672,680,Gravitar
2,676,684,Gravitar
2,680,688,Gravitar
3,0,8,Gravitar
3,4,12,Gravitar
3,8,16,Gravitar
3,12,20,Gravitar
3,16,24,Gravitar
3,20,28,Gravitar
3,24,32,Gravitar
3,28,36,Gravitar
3,32,40,Gravitar
3,36,44,Gravitar
3,40,48,Gravitar
3,44,52,Gravitar
3,48,56,Gravitar
3,52,60,Gravitar
3,56,64,Gravitar
3,60,68,Gravitar
3,64,72,Gravitar
3,68,76,Gravitar
3,72,80,Gravitar
3,76,84,Gravitar
3,80,88,Gravitar
3,84,92,Gravitar
3,88,96,Gravitar
3,92,100,Gravitar
3,96,104,Gravitar
3,100,108,Gravitar
3,104,112,Gravitar
3,108,116,Gravitar
3,112,120,Gravitar
3,116,124,Gravitar
3,120,128,Gravitar
3,124,132,Gravitar
3,128,136,Gravitar
3,132,140,Gravitar
3,136,144,Gravitar
3,140,148,Gravitar
3,144,152,Gravitar
3,148,156,Gravitar
3,152,160,Gravitar
3,156,164,Gravitar
3,160,168,Gravitar
3,164,172,Gravitar
3,168,176,Gravitar
3,172,180,Gravitar
3,176,184,Gravitar
3,180,188,Gravitar
3,184,192,Gravitar
3,188,196,Gravitar
3,192,200,Gravitar
3,196,204,Gravitar
3,200,208,Gravitar
3,204,212,Gravitar
3,208,216,Gravitar
3,212,220,Gravitar
3,216,224,Gravitar
3,220,228,Gravitar
3,224,232,Gravitar
3,228,236,Gravitar
3,232,240,Gravitar
3,236,244,Gravitar
3,240,248,Gravitar
3,244,252,Gravitar
3,248,256,Gravitar
3,252,260,Gravitar
3,256,264,Gravitar
3,260,268,Gravitar
3,264,272,Gravitar
3,268,276,Gravitar
3,272,280,Gravitar
3,276,284,Gravitar
3,280,288,Gravitar
3,284,292,Gravitar
3,288,296,Gravitar
3,292,300,Gravitar
3,296,304,Gravitar
3,300,308,Gravitar
3,304,312,Gravitar
3,308,316,Gravitar
3,312,320,Gravitar
3,316,324,Gravitar
3,320,328,Gravitar
3,324,332,Gravitar
3,328,336,Gravitar
3,332,340,Gravitar
3,336,344,Gravitar
3,340,348,Gravitar
3,344,352,Gravitar
3,348,356,Gravitar
3,352,360,Gravitar
3,356,364,Gravitar
3,360,368,Gravitar
3,364,372,Gravitar
3,368,376,Gravitar
3,372,380,Gravitar
3,376,384,Gravitar
3,380,388,Gravitar
3,384,392,Gravitar
3,388,396,Gravitar
3,392,400,Gravitar
3,396,404,Gravitar
3,400,408,Gravitar
3,404,412,Gravitar
3,408,416,Gravitar
3,412,420,Gravitar
3,416,424,Gravitar
3,420,428,Gravitar
3,424,432,Gravitar
3,428,436,Gravitar
3,432,440,Gravitar
3,436,444,Gravitar
3,440,448,Gravitar
3,444,452,Gravitar
3,448,456,Gravitar
3,452,460,Gravitar
3,456,464,Gravitar
3,460,468,Gravitar
3,464,472,Gravitar
3,468,476,Gravitar
3,472,480,Gravitar
3,476,484,Gravitar
3,480,488,Gravitar
3,484,492,Gravitar
3,488,496,Gravitar
3,492,500,Gravitar
3,496,504,Gravitar
3,500,508,Gravitar
3,504,512,Gravitar
3,508,516,Gravitar
3,512,520,Gravitar
3,516,524,Gravitar
3,520,528,Gravitar
3,524,532,Gravitar
3,528,536,Gravitar
3,532,540,Gravitar
3,536,544,Gravitar
3,540,548,Gravitar
3,544,552,Gravitar
3,548,556,Gravitar
3,552,560,Gravitar
3,556,564,Gravitar
3,560,568,Gravitar
3,564,572,Gravitar
3,568,576,Gravitar
3,572,580,Gravitar
3,576,584,Gravitar
3,580,588,Gravitar
3,584,592,Gravitar
3,588,596,Gravitar
3,592,600,Gravitar
3,596,604,Gravitar
3,600,608,Gravitar
3,604,612,Gravitar
3,608,616,Gravitar
3,612,620,Gravitar
3,616,624,Gravitar
3,620,628,Gravitar
3,624,632,Gravitar
3,628,636,Gravitar
3,632,640,Gravitar
3,636,644,Gravitar
3,640,648,Gravitar
3,644,652,Gravitar
3,648,656,Gravitar
3,652,660,Gravitar
3,656,664,Gravitar
3,660,668,Gravitar
3,664,672,Gravitar
3,668,676,Gravitar
3,672,680,Gravitar
3,676,684,Gravitar
3,680,688,Gravitar
3,684,692,Gravitar
3,688,696,Gravitar
3,692,700,Gravitar
3,696,704,Gravitar
3,700,708,Gravitar
3,704,712,Gravitar
3,708,716,Gravitar
3,712,720,Gravitar
3,716,724,Gravitar
3,720,728,Gravitar
3,724,732,Gravitar
3,728,736,Gravitar
3,732,740,Gravitar
3,736,744,Gravitar
3,740,748,Gravitar
3,744,752,Gravitar
3,748,756,Gravitar
3,752,760,Gravitar
3,756,764,Gravitar
3,760,768,Gravitar
3,764,772,Gravitar
3,768,776,Gravitar
3,772,780,Gravitar
3,776,784,Gravitar
3,780,788,Gravitar
3,784,792,Gravitar
3,788,796,Gravitar
3,792,800,Gravitar
3,796,804,Gravitar
3,800,808,Gravitar
3,804,812,Gravitar
3,808,816,Gravitar
3,812,820,Gravitar
3,816,824,Gravitar
3,820,828,Gravitar
3,824,832,Gravitar
3,828,836,Gravitar
3,832,840,Gravitar
3,836,844,Gravitar
3,840,848,Gravitar
3,844,852,Gravitar
3,848,856,Gravitar
3,852,860,Gravitar
3,856,864,Gravitar
3,860,868,Gravitar
3,864,872,Gravitar
3,868,876,Gravitar
3,872,880,Gravitar
3,876,884,Gravitar
3,880,888,Gravitar
3,884,892,Gravitar
3,888,896,Gravitar
3,892,900,Gravitar
3,896,904,Gravitar
3,900,908,Gravitar
3,904,912,Gravitar
3,908,916,Gravitar
4,0,8,Gravitar
4,4,12,Gravitar
4,8,16,Gravitar
4,12,20,Gravitar
4,16,24,Gravitar
4,20,28,Gravitar
4,24,32,Gravitar
4,28,36,Gravitar
4,32,40,Gravitar
4,36,44,Gravitar
4,40,48,Gravitar
4,44,52,Gravitar
4,48,56,Gravitar
4,52,60,Gravitar
4,56,64,Gravitar
4,60,68,Gravitar
4,64,72,Gravitar
4,68,76,Gravitar
4,72,80,Gravitar
4,76,84,Gravitar
4,80,88,Gravitar
4,84,92,Gravitar
4,88,96,Gravitar
4,92,100,Gravitar
4,96,104,Gravitar
4,100,108,Gravitar
4,104,112,Gravitar
4,108,116,Gravitar
4,112,120,Gravitar
4,116,124,Gravitar
4,120,128,Gravitar
4,124,132,Gravitar
4,128,136,Gravitar
4,132,140,Gravitar
4,136,144,Gravitar
4,140,148,Gravitar
4,144,152,Gravitar
4,148,156,Gravitar
4,152,160,Gravitar
4,156,164,Gravitar
4,160,168,Gravitar
4,164,172,Gravitar
4,168,176,Gravitar
4,172,180,Gravitar
4,176,184,Gravitar
4,180,188,Gravitar
4,184,192,Gravitar
4,188,196,Gravitar
4,192,200,Gravitar
4,196,204,Gravitar
4,200,208,Gravitar
4,204,212,Gravitar
4,208,216,Gravitar
4,212,220,Gravitar
4,216,224,Gravitar
4,220,228,Gravitar
4,224,232,Gravitar
4,228,236,Gravitar
4,232,240,Gravitar
4,236,244,Gravitar
4,240,248,Gravitar
4,244,252,Gravitar
4,248,256,Gravitar
4,252,260,Gravitar
4,256,264,Gravitar
4,260,268,Gravitar
4,264,272,Gravitar
4,268,276,Gravitar
4,272,280,Gravitar
4,276,284,Gravitar
4,280,288,Gravitar
4,284,292,Gravitar
4,288,296,Gravitar
4,292,300,Gravitar
4,296,304,Gravitar
4,300,308,Gravitar
4,304,312,Gravitar
4,308,316,Gravitar
4,312,320,Gravitar
4,316,324,Gravitar
4,320,328,Gravitar
4,324,332,Gravitar
4,328,336,Gravitar
4,332,340,Gravitar
4,336,344,Gravitar
4,340,348,Gravitar
4,344,352,Gravitar
4,348,356,Gravitar
4,352,360,Gravitar
4,356,364,Gravitar
4,360,368,Gravitar
4,364,372,Gravitar
4,368,376,Gravitar
4,372,380,Gravitar
4,376,384,Gravitar
4,380,388,Gravitar
4,384,392,Gravitar
4,388,396,Gravitar
4,392,400,Gravitar
4,396,404,Gravitar
4,400,408,Gravitar
4,404,412,Gravitar
4,408,416,Gravitar
4,412,420,Gravitar
4,416,424,Gravitar
4,420,428,Gravitar
4,424,432,Gravitar
4,428,436,Gravitar
4,432,440,Gravitar
4,436,444,Gravitar
4,440,448,Gravitar
4,444,452,Gravitar
4,448,456,Gravitar
4,452,460,Gravitar
4,456,464,Gravitar
4,460,468,Gravitar
4,464,472,Gravitar
4,468,476,Gravitar
4,472,480,Gravitar
4,476,484,Gravitar
4,480,488,Gravitar
4,484,492,Gravitar
4,488,496,Gravitar
4,492,500,Gravitar
4,496,504,Gravitar
4,500,508,Gravitar
4,504,512,Gravitar
4,508,516,Gravitar
4,512,520,Gravitar
4,516,524,Gravitar
4,520,528,Gravitar
4,524,532,Gravitar
4,528,536,Gravitar
4,532,540,Gravitar
4,536,544,Gravitar
4,540,548,Gravitar
4,544,552,Gravitar
4,548,556,Gravitar
4,552,560,Gravitar
4,556,564,Gravitar
4,560,568,Gravitar
4,564,572,Gravitar
4,568,576,Gravitar
4,572,580,Gravitar
4,576,584,Gravitar
4,580,588,Gravitar
4,584,592,Gravitar
4,588,596,Gravitar
4,592,600,Gravitar
4,596,604,Gravitar
4,600,608,Gravitar
4,604,612,Gravitar
4,608,616,Gravitar
4,612,620,Gravitar
4,616,624,Gravitar
4,620,628,Gravitar
4,624,632,Gravitar
4,628,636,Gravitar
4,632,640,Gravitar
4,636,644,Gravitar
4,640,648,Gravitar
4,644,652,Gravitar
4,648,656,Gravitar
4,652,660,Gravitar
4,656,664,Gravitar
5,0,8,Gravitar
5,4,12,Gravitar
5,8,16,Gravitar
5,12,20,Gravitar
5,16,24,Gravitar
5,20,28,Gravitar
5,24,32,Gravitar
5,28,36,Gravitar
5,32,40,Gravitar
5,36,44,Gravitar
5,40,48,Gravitar
5,44,52,Gravitar
5,48,56,Gravitar
5,52,60,Gravitar
5,56,64,Gravitar
5,60,68,Gravitar
5,64,72,Gravitar
5,68,76,Gravitar
5,72,80,Gravitar
5,76,84,Gravitar
5,80,88,Gravitar
5,84,92,Gravitar
5,88,96,Gravitar
5,92,100,Gravitar
5,96,104,Gravitar
5,100,108,Gravitar
5,104,112,Gravitar
5,108,116,Gravitar
5,112,120,Gravitar
5,116,124,Gravitar
5,120,128,Gravitar
5,124,132,Gravitar
5,128,136,Gravitar
5,132,140,Gravitar
5,136,144,Gravitar
5,140,148,Gravitar
5,144,152,Gravitar
5,148,156,Gravitar
5,152,160,Gravitar
5,156,164,Gravitar
5,160,168,Gravitar
5,164,172,Gravitar
5,168,176,Gravitar
5,172,180,Gravitar
5,176,184,Gravitar
5,180,188,Gravitar
5,184,192,Gravitar
5,188,196,Gravitar
5,192,200,Gravitar
5,196,204,Gravitar
5,200,208,Gravitar
5,204,212,Gravitar
5,208,216,Gravitar
5,212,220,Gravitar
5,216,224,Gravitar
5,220,228,Gravitar
5,224,232,Gravitar
5,228,236,Gravitar
5,232,240,Gravitar
5,236,244,Gravitar
5,240,248,Gravitar
5,244,252,Gravitar
5,248,256,Gravitar
5,252,260,Gravitar
5,256,264,Gravitar
5,260,268,Gravitar
5,264,272,Gravitar
5,268,276,Gravitar
5,272,280,Gravitar
5,276,284,Gravitar
5,280,288,Gravitar
5,284,292,Gravitar
5,288,296,Gravitar
5,292,300,Gravitar
5,296,304,Gravitar
5,300,308,Gravitar
5,304,312,Gravitar
5,308,316,Gravitar
5,312,320,Gravitar
5,316,324,Gravitar
5,320,328,Gravitar
5,324,332,Gravitar
5,328,336,Gravitar
5,332,340,Gravitar
5,336,344,Gravitar
5,340,348,Gravitar
5,344,352,Gravitar
5,348,356,Gravitar
5,352,360,Gravitar
5,356,364,Gravitar
5,360,368,Gravitar
5,364,372,Gravitar
5,368,376,Gravitar
5,372,380,Gravitar
5,376,384,Gravitar
5,380,388,Gravitar
5,384,392,Gravitar
5,388,396,Gravitar
5,392,400,Gravitar
5,396,404,Gravitar
5,400,408,Gravitar
5,404,412,Gravitar
5,408,416,Gravitar
5,412,420,Gravitar
5,416,424,Gravitar
5,420,428,Gravitar
5,424,432,Gravitar
5,428,436,Gravitar
5,432,440,Gravitar
5,436,444,Gravitar
5,440,448,Gravitar
5,444,452,Gravitar
5,448,456,Gravitar
5,452,460,Gravitar
5,456,464,Gravitar
5,460,468,Gravitar
5,464,472,Gravitar
5,468,476,Gravitar
5,472,480,Gravitar
5,476,484,Gravitar
5,480,488,Gravitar
5,484,492,Gravitar
5,488,496,Gravitar
5,492,500,Gravitar
5,496,504,Gravitar
5,500,508,Gravitar
5,504,512,Gravitar
5,508,516,Gravitar
5,512,520,Gravitar
5,516,524,Gravitar
5,520,528,Gravitar
5,524,532,Gravitar
5,528,536,Gravitar
5,532,540,Gravitar
5,536,544,Gravitar
5,540,548,Gravitar
5,544,552,Gravitar
5,548,556,Gravitar
5,552,560,Gravitar
5,556,564,Gravitar
5,560,568,Gravitar
5,564,572,Gravitar
5,568,576,Gravitar
5,572,580,Gravitar
5,576,584,Gravitar
5,580,588,Gravitar
5,584,592,Gravitar
5,588,596,Gravitar
5,592,600,Gravitar
5,596,604,Gravitar
5,600,608,Gravitar
5,604,612,Gravitar
5,608,616,Gravitar
5,612,620,Gravitar
5,616,624,Gravitar
5,620,628,Gravitar
5,624,632,Gravitar
5,628,636,Gravitar
5,632,640,Gravitar
5,636,644,Gravitar
5,640,648,Gravitar
5,644,652,Gravitar
5,648,656,Gravitar
5,652,660,Gravitar
5,656,664,Gravitar
5,660,668,Gravitar
5,664,672,Gravitar
5,668,676,Gravitar
5,672,680,Gravitar
5,676,684,Gravitar
5,680,688,Gravitar
6,0,8,Gravitar
6,4,12,Gravitar
6,8,16,Gravitar
6,12,20,Gravitar
6,16,24,Gravitar
6,20,28,Gravitar
6,24,32,Gravitar
6,28,36,Gravitar
6,32,40,Gravitar
6,36,44,Gravitar
6,40,48,Gravitar
6,44,52,Gravitar
6,48,56,Gravitar
6,52,60,Gravitar
6,56,64,Gravitar
6,60,68,Gravitar
6,64,72,Gravitar
6,68,76,Gravitar
6,72,80,Gravitar
6,76,84,Gravitar
6,80,88,Gravitar
6,84,92,Gravitar
6,88,96,Gravitar
6,92,100,Gravitar
6,96,104,Gravitar
6,100,108,Gravitar
6,104,112,Gravitar
6,108,116,Gravitar
6,112,120,Gravitar
6,116,124,Gravitar
6,120,128,Gravitar
6,124,132,Gravitar
6,128,136,Gravitar
6,132,140,Gravitar
6,136,144,Gravitar
6,140,148,Gravitar
6,144,152,Gravitar
6,148,156,Gravitar
6,152,160,Gravitar
6,156,164,Gravitar
6,160,168,Gravitar
6,164,172,Gravitar
6,168,176,Gravitar
6,172,180,Gravitar
6,176,184,Gravitar
6,180,188,Gravitar
6,184,192,Gravitar
6,188,196,Gravitar
6,192,200,Gravitar
6,196,204,Gravitar
6,200,208,Gravitar
6,204,212,Gravitar
6,208,216,Gravitar
6,212,220,Gravitar
6,216,224,Gravitar
6,220,228,Gravitar
6,224,232,Gravitar
6,228,236,Gravitar
6,232,240,Gravitar
6,236,244,Gravitar
6,240,248,Gravitar
6,244,252,Gravitar
6,248,256,Gravitar
6,252,260,Gravitar
6,256,264,Gravitar
6,260,268,Gravitar
6,264,272,Gravitar
6,268,276,Gravitar
6,272,280,Gravitar
6,276,284,Gravitar
6,280,288,Gravitar
6,284,292,Gravitar
6,288,296,Gravitar
6,292,300,Gravitar
6,296,304,Gravitar
6,300,308,Gravitar
6,304,312,Gravitar
6,308,316,Gravitar
6,312,320,Gravitar
6,316,324,Gravitar
6,320,328,Gravitar
6,324,332,Gravitar
6,328,336,Gravitar
6,332,340,Gravitar
6,336,344,Gravitar
6,340,348,Gravitar
6,344,352,Gravitar
6,348,356,Gravitar
6,352,360,Gravitar
6,356,364,Gravitar
6,360,368,Gravitar
6,364,372,Gravitar
6,368,376,Gravitar
6,372,380,Gravitar
6,376,384,Gravitar
6,380,388,Gravitar
6,384,392,Gravitar
6,388,396,Gravitar
6,392,400,Gravitar
6,396,404,Gravitar
6,400,408,Gravitar
6,404,412,Gravitar
6,408,416,Gravitar
6,412,420,Gravitar
6,416,424,Gravitar
6,420,428,Gravitar
6,424,432,Gravitar
6,428,436,Gravitar
6,432,440,Gravitar
6,436,444,Gravitar
6,440,448,Gravitar
6,444,452,Gravitar
6,448,456,Gravitar
6,452,460,Gravitar
6,456,464,Gravitar
6,460,468,Gravitar
6,464,472,Gravitar
6,468,476,Gravitar
6,472,480,Gravitar
6,476,484,Gravitar
6,480,488,Gravitar
6,484,492,Gravitar
6,488,496,Gravitar
6,492,500,Gravitar
6,496,504,Gravitar
6,500,508,Gravitar
6,504,512,Gravitar
6,508,516,Gravitar
6,512,520,Gravitar
6,516,524,Gravitar
6,520,528,Gravitar
6,524,532,Gravitar
6,528,536,Gravitar
6,532,540,Gravitar
6,536,544,Gravitar
6,540,548,Gravitar
6,544,552,Gravitar
6,548,556,Gravitar
6,552,560,Gravitar
6,556,564,Gravitar
6,560,568,Gravitar
6,564,572,Gravitar
6,568,576,Gravitar
6,572,580,Gravitar
6,576,584,Gravitar
6,580,588,Gravitar
6,584,592,Gravitar
6,588,596,Gravitar
6,592,600,Gravitar
6,596,604,Gravitar
6,600,608,Gravitar
6,604,612,Gravitar
6,608,616,Gravitar
6,612,620,Gravitar
6,616,624,Gravitar
6,620,628,Gravitar
6,624,632,Gravitar
6,628,636,Gravitar
6,632,640,Gravitar
6,636,644,Gravitar
6,640,648,Gravitar
6,644,652,Gravitar
6,648,656,Gravitar
6,652,660,Gravitar
6,656,664,Gravitar
6,660,668,Gravitar
6,664,672,Gravitar
6,668,676,Gravitar
6,672,680,Gravitar
6,676,684,Gravitar
6,680,688,Gravitar
6,684,692,Gravitar
6,688,696,Gravitar
6,692,700,Gravitar
6,696,704,Gravitar
6,700,708,Gravitar
6,704,712,Gravitar
6,708,716,Gravitar
6,712,720,Gravitar
6,716,724,Gravitar
6,720,728,Gravitar
6,724,732,Gravitar
6,728,736,Gravitar
6,732,740,Gravitar
6,736,744,Gravitar
6,740,748,Gravitar
6,744,752,Gravitar
6,748,756,Gravitar
6,752,760,Gravitar
6,756,764,Gravitar
6,760,768,Gravitar
6,764,772,Gravitar
6,768,776,Gravitar
6,772,780,Gravitar
6,776,784,Gravitar
6,780,788,Gravitar
6,784,792,Gravitar
6,788,796,Gravitar
6,792,800,Gravitar
6,796,804,Gravitar
6,800,808,Gravitar
6,804,812,Gravitar
6,808,816,Gravitar
6,812,820,Gravitar
6,816,824,Gravitar
6,820,828,Gravitar
6,824,832,Gravitar
6,828,836,Gravitar
6,832,840,Gravitar
6,836,844,Gravitar
6,840,848,Gravitar
6,844,852,Gravitar
6,848,856,Gravitar
6,852,860,Gravitar
6,856,864,Gravitar
6,860,868,Gravitar
6,864,872,Gravitar
6,868,876,Gravitar
6,872,880,Gravitar
7,0,8,Gravitar
7,4,12,Gravitar
7,8,16,Gravitar
7,12,20,Gravitar
7,16,24,Gravitar
7,20,28,Gravitar
7,24,32,Gravitar
7,28,36,Gravitar
7,32,40,Gravitar
7,36,44,Gravitar
7,40,48,Gravitar
7,44,52,Gravitar
7,48,56,Gravitar
7,52,60,Gravitar
7,56,64,Gravitar
7,60,68,Gravitar
7,64,72,Gravitar
7,68,76,Gravitar
7,72,80,Gravitar
7,76,84,Gravitar
7,80,88,Gravitar
7,84,92,Gravitar
7,88,96,Gravitar
7,92,100,Gravitar
7,96,104,Gravitar
7,100,108,Gravitar
7,104,112,Gravitar
7,108,116,Gravitar
7,112,120,Gravitar
7,116,124,Gravitar
7,120,128,Gravitar
7,124,132,Gravitar
7,128,136,Gravitar
7,132,140,Gravitar
7,136,144,Gravitar
7,140,148,Gravitar
7,144,152,Gravitar
7,148,156,Gravitar
7,152,160,Gravitar
7,156,164,Gravitar
7,160,168,Gravitar
7,164,172,Gravitar
7,168,176,Gravitar
7,172,180,Gravitar
7,176,184,Gravitar
7,180,188,Gravitar
7,184,192,Gravitar
7,188,196,Gravitar
7,192,200,Gravitar
7,196,204,Gravitar
7,200,208,Gravitar
7,204,212,Gravitar
7,208,216,Gravitar
7,212,220,Gravitar
7,216,224,Gravitar
7,220,228,Gravitar
7,224,232,Gravitar
7,228,236,Gravitar
7,232,240,Gravitar
7,236,244,Gravitar
7,240,248,Gravitar
7,244,252,Gravitar
7,248,256,Gravitar
7,252,260,Gravitar
7,256,264,Gravitar
7,260,268,Gravitar
7,264,272,Gravitar
7,268,276,Gravitar
7,272,280,Gravitar
7,276,284,Gravitar
7,280,288,Gravitar
7,284,292,Gravitar
7,288,296,Gravitar
7,292,300,Gravitar
7,296,304,Gravitar
7,300,308,Gravitar
7,304,312,Gravitar
7,308,316,Gravitar
7,312,320,Gravitar
7,316,324,Gravitar
7,320,328,Gravitar
7,324,332,Gravitar
7,328,336,Gravitar
7,332,340,Gravitar
7,336,344,Gravitar
7,340,348,Gravitar
7,344,352,Gravitar
7,348,356,Gravitar
7,352,360,Gravitar
7,356,364,Gravitar
7,360,368,Gravitar
7,364,372,Gravitar
7,368,376,Gravitar
7,372,380,Gravitar
7,376,384,Gravitar
7,380,388,Gravitar
7,384,392,Gravitar
7,388,396,Gravitar
7,392,400,Gravitar
7,396,404,Gravitar
7,400,408,Gravitar
7,404,412,Gravitar
7,408,416,Gravitar
7,412,420,Gravitar
7,416,424,Gravitar
7,420,428,Gravitar
7,424,432,Gravitar
7,428,436,Gravitar
7,432,440,Gravitar
7,436,444,Gravitar
7,440,448,Gravitar
7,444,452,Gravitar
7,448,456,Gravitar
7,452,460,Gravitar
7,456,464,Gravitar
7,460,468,Gravitar
7,464,472,Gravitar
7,468,476,Gravitar
7,472,480,Gravitar
7,476,484,Gravitar
7,480,488,Gravitar
7,484,492,Gravitar
