Episode index,Start index,End index,Environment
0,1271,1279,MsPacman
0,1267,1275,MsPacman
0,1263,1271,MsPacman
0,1259,1267,MsPacman
0,1255,1263,MsPacman
0,1251,1259,MsPacman
0,1247,1255,MsPacman
0,1243,1251,MsPacman
0,1239,1247,MsPacman
0,1235,1243,MsPacman
0,1231,1239,MsPacman
0,1227,1235,MsPacman
0,1223,1231,MsPacman
0,1219,1227,MsPacman
0,1215,1223,MsPacman
0,1211,1219,MsPacman
0,1207,1215,MsPacman
0,1203,1211,MsPacman
0,1199,1207,MsPacman
0,1195,1203,MsPacman
0,1191,1199,MsPacman
0,1187,1195,MsPacman
0,1183,1191,MsPacman
0,1179,1187,MsPacman
0,1175,1183,MsPacman
0,1171,1179,MsPacman
0,1167,1175,MsPacman
0,1163,1171,MsPacman
0,1159,1167,MsPacman
0,1155,1163,MsPacman
0,1151,1159,MsPacman
0,1147,1155,MsPacman
0,1143,1151,MsPacman
0,1139,1147,MsPacman
0,1135,1143,MsPacman
0,1131,1139,MsPacman
0,1127,1135,MsPacman
0,1123,1131,MsPacman
0,1119,1127,MsPacman
0,1115,1123,MsPacman
0,1111,1119,MsPacman
0,1107,1115,MsPacman
0,1103,1111,MsPacman
0,1099,1107,MsPacman
0,1095,1103,MsPacman
0,1091,1099,MsPacman
0,1087,1095,MsPacman
0,1083,1091,MsPacman
0,1079,1087,MsPacman
0,1075,1083,MsPacman
0,1071,1079,MsPacman
0,1067,1075,MsPacman
0,1063,1071,MsPacman
0,1059,1067,MsPacman
0,1055,1063,MsPacman
0,1051,1059,MsPacman
0,1047,1055,MsPacman
0,1043,1051,MsPacman
0,1039,1047,MsPacman
0,1035,1043,MsPacman
0,1031,1039,MsPacman
0,1027,1035,MsPacman
0,1023,1031,MsPacman
0,1019,1027,MsPacman
0,1015,1023,MsPacman
0,1011,1019,MsPacman
0,1007,1015,MsPacman
0,1003,1011,MsPacman
0,999,1007,MsPacman
0,995,1003,MsPacman
0,991,999,MsPacman
0,987,995,MsPacman
0,983,991,MsPacman
0,979,987,MsPacman
0,975,983,MsPacman
0,971,979,MsPacman
0,967,975,MsPacman
0,963,971,MsPacman
0,959,967,MsPacman
0,955,963,MsPacman
0,951,959,MsPacman
0,947,955,MsPacman
0,943,951,MsPacman
0,939,947,MsPacman
0,935,943,MsPacman
0,931,939,MsPacman
0,927,935,MsPacman
0,923,931,MsPacman
0,919,927,MsPacman
0,915,923,MsPacman
0,911,919,MsPacman
0,907,915,MsPacman
0,903,911,MsPacman
0,899,907,MsPacman
0,895,903,MsPacman
0,891,899,MsPacman
0,887,895,MsPacman
0,883,891,MsPacman
0,879,887,MsPacman
0,875,883,MsPacman
0,871,879,MsPacman
0,867,875,MsPacman
0,863,871,MsPacman
0,859,867,MsPacman
0,855,863,MsPacman
0,851,859,MsPacman
0,847,855,MsPacman
0,843,851,MsPacman
0,839,847,MsPacman
0,835,843,MsPacman
0,831,839,MsPacman
0,827,835,MsPacman
0,823,831,MsPacman
0,819,827,MsPacman
0,815,823,MsPacman
0,811,819,MsPacman
0,807,815,MsPacman
0,803,811,MsPacman
0,799,807,MsPacman
0,795,803,MsPacman
0,791,799,MsPacman
0,787,795,MsPacman
0,783,791,MsPacman
0,779,787,MsPacman
0,775,783,MsPacman
0,771,779,MsPacman
0,767,775,MsPacman
0,763,771,MsPacman
0,759,767,MsPacman
0,755,763,MsPacman
0,751,759,MsPacman
0,747,755,MsPacman
0,743,751,MsPacman
0,739,747,MsPacman
0,735,743,MsPacman
0,731,739,MsPacman
0,727,735,MsPacman
0,723,731,MsPacman
0,719,727,MsPacman
0,715,723,MsPacman
0,711,719,MsPacman
0,707,715,MsPacman
0,703,711,MsPacman
0,699,707,MsPacman
0,695,703,MsPacman
0,691,699,MsPacman
0,687,695,MsPacman
0,683,691,MsPacman
0,679,687,MsPacman
0,675,683,MsPacman
0,671,679,MsPacman
0,667,675,MsPacman
0,663,671,MsPacman
0,659,667,MsPacman
0,655,663,MsPacman
0,651,659,MsPacman
0,647,655,MsPacman
0,643,651,MsPacman
0,639,647,MsPacman
0,635,643,MsPacman
0,631,639,MsPacman
0,627,635,MsPacman
0,623,631,MsPacman
0,619,627,MsPacman
0,615,623,MsPacman
0,611,619,MsPacman
0,607,615,MsPacman
0,603,611,MsPacman
0,599,607,MsPacman
0,595,603,MsPacman
0,591,599,MsPacman
0,587,595,MsPacman
0,583,591,MsPacman
0,579,587,MsPacman
0,575,583,MsPacman
0,571,579,MsPacman
0,567,575,MsPacman
0,563,571,MsPacman
0,559,567,MsPacman
0,555,563,MsPacman
0,551,559,MsPacman
0,547,555,MsPacman
0,543,551,MsPacman
0,539,547,MsPacman
0,535,543,MsPacman
0,531,539,MsPacman
0,527,535,MsPacman
0,523,531,MsPacman
0,519,527,MsPacman
0,515,523,MsPacman
0,511,519,MsPacman
0,507,515,MsPacman
0,503,511,MsPacman
0,499,507,MsPacman
0,495,503,MsPacman
0,491,499,MsPacman
0,487,495,MsPacman
0,483,491,MsPacman
0,479,487,MsPacman
0,475,483,MsPacman
0,471,479,MsPacman
0,467,475,MsPacman
0,463,471,MsPacman
0,459,467,MsPacman
0,455,463,MsPacman
0,451,459,MsPacman
0,447,455,MsPacman
0,443,451,MsPacman
0,439,447,MsPacman
0,435,443,MsPacman
0,431,439,MsPacman
0,427,435,MsPacman
0,423,431,MsPacman
0,419,427,MsPacman
0,415,423,MsPacman
0,411,419,MsPacman
0,407,415,MsPacman
0,403,411,MsPacman
0,399,407,MsPacman
0,395,403,MsPacman
0,391,399,MsPacman
0,387,395,MsPacman
0,383,391,MsPacman
0,379,387,MsPacman
0,375,383,MsPacman
0,371,379,MsPacman
0,367,375,MsPacman
0,363,371,MsPacman
0,359,367,MsPacman
0,355,363,MsPacman
0,351,359,MsPacman
0,347,355,MsPacman
0,343,351,MsPacman
0,339,347,MsPacman
0,335,343,MsPacman
0,331,339,MsPacman
0,327,335,MsPacman
0,323,331,MsPacman
0,319,327,MsPacman
0,315,323,MsPacman
0,311,319,MsPacman
0,307,315,MsPacman
0,303,311,MsPacman
0,299,307,MsPacman
0,295,303,MsPacman
0,291,299,MsPacman
0,287,295,MsPacman
0,283,291,MsPacman
0,279,287,MsPacman
0,275,283,MsPacman
0,271,279,MsPacman
0,267,275,MsPacman
0,263,271,MsPacman
0,259,267,MsPacman
0,255,263,MsPacman
0,251,259,MsPacman
0,247,255,MsPacman
0,243,251,MsPacman
0,239,247,MsPacman
0,235,243,MsPacman
0,231,239,MsPacman
0,227,235,MsPacman
0,223,231,MsPacman
0,219,227,MsPacman
0,215,223,MsPacman
0,211,219,MsPacman
0,207,215,MsPacman
0,203,211,MsPacman
0,199,207,MsPacman
0,195,203,MsPacman
0,191,199,MsPacman
0,187,195,MsPacman
0,183,191,MsPacman
0,179,187,MsPacman
0,175,183,MsPacman
0,171,179,MsPacman
0,167,175,MsPacman
0,163,171,MsPacman
0,159,167,MsPacman
0,155,163,MsPacman
0,151,159,MsPacman
0,147,155,MsPacman
0,143,151,MsPacman
0,139,147,MsPacman
0,135,143,MsPacman
0,131,139,MsPacman
0,127,135,MsPacman
0,123,131,MsPacman
0,119,127,MsPacman
0,115,123,MsPacman
0,111,119,MsPacman
0,107,115,MsPacman
0,103,111,MsPacman
0,99,107,MsPacman
0,95,103,MsPacman
0,91,99,MsPacman
0,87,95,MsPacman
0,83,91,MsPacman
0,79,87,MsPacman
0,75,83,MsPacman
0,71,79,MsPacman
0,67,75,MsPacman
0,63,71,MsPacman
0,59,67,MsPacman
0,55,63,MsPacman
0,51,59,MsPacman
0,47,55,MsPacman
0,43,51,MsPacman
0,39,47,MsPacman
0,35,43,MsPacman
0,31,39,MsPacman
0,27,35,MsPacman
0,23,31,MsPacman
0,19,27,MsPacman
0,15,23,MsPacman
0,11,19,MsPacman
0,7,15,MsPacman
0,3,11,MsPacman
0,-1,7,MsPacman
0,-5,3,MsPacman
1,1363,1371,MsPacman
1,1359,1367,MsPacman
1,1355,1363,MsPacman
1,1351,1359,MsPacman
1,1347,1355,MsPacman
1,1343,1351,MsPacman
1,1339,1347,MsPacman
1,1335,1343,MsPacman
1,1331,1339,MsPacman
1,1327,1335,MsPacman
1,1323,1331,MsPacman
1,1319,1327,MsPacman
1,1315,1323,MsPacman
1,1311,1319,MsPacman
1,1307,1315,MsPacman
1,1303,1311,MsPacman
1,1299,1307,MsPacman
1,1295,1303,MsPacman
1,1291,1299,MsPacman
1,1287,1295,MsPacman
1,1283,1291,MsPacman
1,1279,1287,MsPacman
1,1275,1283,MsPacman
1,1271,1279,MsPacman
1,1267,1275,MsPacman
1,1263,1271,MsPacman
1,1259,1267,MsPacman
1,1255,1263,MsPacman
1,1251,1259,MsPacman
1,1247,1255,MsPacman
1,1243,1251,MsPacman
1,1239,1247,MsPacman
1,1235,1243,MsPacman
1,1231,1239,MsPacman
1,1227,1235,MsPacman
1,1223,1231,MsPacman
1,1219,1227,MsPacman
1,1215,1223,MsPacman
1,1211,1219,MsPacman
1,1207,1215,MsPacman
1,1203,1211,MsPacman
1,1199,1207,MsPacman
1,1195,1203,MsPacman
1,1191,1199,MsPacman
1,1187,1195,MsPacman
1,1183,1191,MsPacman
1,1179,1187,MsPacman
1,1175,1183,MsPacman
1,1171,1179,MsPacman
1,1167,1175,MsPacman
1,1163,1171,MsPacman
1,1159,1167,MsPacman
1,1155,1163,MsPacman
1,1151,1159,MsPacman
1,1147,1155,MsPacman
1,1143,1151,MsPacman
1,1139,1147,MsPacman
1,1135,1143,MsPacman
1,1131,1139,MsPacman
1,1127,1135,MsPacman
1,1123,1131,MsPacman
1,1119,1127,MsPacman
1,1115,1123,MsPacman
1,1111,1119,MsPacman
1,1107,1115,MsPacman
1,1103,1111,MsPacman
1,1099,1107,MsPacman
1,1095,1103,MsPacman
1,1091,1099,MsPacman
1,1087,1095,MsPacman
1,1083,1091,MsPacman
1,1079,1087,MsPacman
1,1075,1083,MsPacman
1,1071,1079,MsPacman
1,1067,1075,MsPacman
1,1063,1071,MsPacman
1,1059,1067,MsPacman
1,1055,1063,MsPacman
1,1051,1059,MsPacman
1,1047,1055,MsPacman
1,1043,1051,MsPacman
1,1039,1047,MsPacman
1,1035,1043,MsPacman
1,1031,1039,MsPacman
1,1027,1035,MsPacman
1,1023,1031,MsPacman
1,1019,1027,MsPacman
1,1015,1023,MsPacman
1,1011,1019,MsPacman
1,1007,1015,MsPacman
1,1003,1011,MsPacman
1,999,1007,MsPacman
1,995,1003,MsPacman
1,991,999,MsPacman
1,987,995,MsPacman
1,983,991,MsPacman
1,979,987,MsPacman
1,975,983,MsPacman
1,971,979,MsPacman
1,967,975,MsPacman
1,963,971,MsPacman
1,959,967,MsPacman
1,955,963,MsPacman
1,951,959,MsPacman
1,947,955,MsPacman
1,943,951,MsPacman
1,939,947,MsPacman
1,935,943,MsPacman
1,931,939,MsPacman
1,927,935,MsPacman
1,923,931,MsPacman
1,919,927,MsPacman
1,915,923,MsPacman
1,911,919,MsPacman
1,907,915,MsPacman
1,903,911,MsPacman
1,899,907,MsPacman
1,895,903,MsPacman
1,891,899,MsPacman
1,887,895,MsPacman
1,883,891,MsPacman
1,879,887,MsPacman
1,875,883,MsPacman
1,871,879,MsPacman
1,867,875,MsPacman
1,863,871,MsPacman
1,859,867,MsPacman
1,855,863,MsPacman
1,851,859,MsPacman
1,847,855,MsPacman
1,843,851,MsPacman
1,839,847,MsPacman
1,835,843,MsPacman
1,831,839,MsPacman
1,827,835,MsPacman
1,823,831,MsPacman
1,819,827,MsPacman
1,815,823,MsPacman
1,811,819,MsPacman
1,807,815,MsPacman
1,803,811,MsPacman
1,799,807,MsPacman
1,795,803,MsPacman
1,791,799,MsPacman
1,787,795,MsPacman
1,783,791,MsPacman
1,779,787,MsPacman
1,775,783,MsPacman
1,771,779,MsPacman
1,767,775,MsPacman
1,763,771,MsPacman
1,759,767,MsPacman
1,755,763,MsPacman
1,751,759,MsPacman
1,747,755,MsPacman
1,743,751,MsPacman
1,739,747,MsPacman
1,735,743,MsPacman
1,731,739,MsPacman
1,727,735,MsPacman
1,723,731,MsPacman
1,719,727,MsPacman
1,715,723,MsPacman
1,711,719,MsPacman
1,707,715,MsPacman
1,703,711,MsPacman
1,699,707,MsPacman
1,695,703,MsPacman
1,691,699,MsPacman
1,687,695,MsPacman
1,683,691,MsPacman
1,679,687,MsPacman
1,675,683,MsPacman
1,671,679,MsPacman
1,667,675,MsPacman
1,663,671,MsPacman
1,659,667,MsPacman
1,655,663,MsPacman
1,651,659,MsPacman
1,647,655,MsPacman
1,643,651,MsPacman
1,639,647,MsPacman
1,635,643,MsPacman
1,631,639,MsPacman
1,627,635,MsPacman
1,623,631,MsPacman
1,619,627,MsPacman
1,615,623,MsPacman
1,611,619,MsPacman
1,607,615,MsPacman
1,603,611,MsPacman
1,599,607,MsPacman
1,595,603,MsPacman
1,591,599,MsPacman
1,587,595,MsPacman
1,583,591,MsPacman
1,579,587,MsPacman
1,575,583,MsPacman
1,571,579,MsPacman
1,567,575,MsPacman
1,563,571,MsPacman
1,559,567,MsPacman
1,555,563,MsPacman
1,551,559,MsPacman
1,547,555,MsPacman
1,543,551,MsPacman
1,539,547,MsPacman
1,535,543,MsPacman
1,531,539,MsPacman
1,527,535,MsPacman
1,523,531,MsPacman
1,519,527,MsPacman
1,515,523,MsPacman
1,511,519,MsPacman
1,507,515,MsPacman
1,503,511,MsPacman
1,499,507,MsPacman
1,495,503,MsPacman
1,491,499,MsPacman
1,487,495,MsPacman
1,483,491,MsPacman
1,479,487,MsPacman
1,475,483,MsPacman
1,471,479,MsPacman
1,467,475,MsPacman
1,463,471,MsPacman
1,459,467,MsPacman
1,455,463,MsPacman
1,451,459,MsPacman
1,447,455,MsPacman
1,443,451,MsPacman
1,439,447,MsPacman
1,435,443,MsPacman
1,431,439,MsPacman
1,427,435,MsPacman
1,423,431,MsPacman
1,419,427,MsPacman
1,415,423,MsPacman
1,411,419,MsPacman
1,407,415,MsPacman
1,403,411,MsPacman
1,399,407,MsPacman
1,395,403,MsPacman
1,391,399,MsPacman
1,387,395,MsPacman
1,383,391,MsPacman
1,379,387,MsPacman
1,375,383,MsPacman
1,371,379,MsPacman
1,367,375,MsPacman
1,363,371,MsPacman
1,359,367,MsPacman
1,355,363,MsPacman
1,351,359,MsPacman
1,347,355,MsPacman
1,343,351,MsPacman
1,339,347,MsPacman
1,335,343,MsPacman
1,331,339,MsPacman
1,327,335,MsPacman
1,323,331,MsPacman
1,319,327,MsPacman
1,315,323,MsPacman
1,311,319,MsPacman
1,307,315,MsPacman
1,303,311,MsPacman
1,299,307,MsPacman
1,295,303,MsPacman
1,291,299,MsPacman
1,287,295,MsPacman
1,283,291,MsPacman
1,279,287,MsPacman
1,275,283,MsPacman
1,271,279,MsPacman
1,267,275,MsPacman
1,263,271,MsPacman
1,259,267,MsPacman
1,255,263,MsPacman
1,251,259,MsPacman
1,247,255,MsPacman
1,243,251,MsPacman
1,239,247,MsPacman
1,235,243,MsPacman
1,231,239,MsPacman
1,227,235,MsPacman
1,223,231,MsPacman
1,219,227,MsPacman
1,215,223,MsPacman
1,211,219,MsPacman
1,207,215,MsPacman
1,203,211,MsPacman
1,199,207,MsPacman
1,195,203,MsPacman
1,191,199,MsPacman
1,187,195,MsPacman
1,183,191,MsPacman
1,179,187,MsPacman
1,175,183,MsPacman
1,171,179,MsPacman
1,167,175,MsPacman
1,163,171,MsPacman
1,159,167,MsPacman
1,155,163,MsPacman
1,151,159,MsPacman
1,147,155,MsPacman
1,143,151,MsPacman
1,139,147,MsPacman
1,135,143,MsPacman
1,131,139,MsPacman
1,127,135,MsPacman
1,123,131,MsPacman
1,119,127,MsPacman
1,115,123,MsPacman
1,111,119,MsPacman
1,107,115,MsPacman
1,103,111,MsPacman
1,99,107,MsPacman
1,95,103,MsPacman
1,91,99,MsPacman
1,87,95,MsPacman
1,83,91,MsPacman
1,79,87,MsPacman
1,75,83,MsPacman
1,71,79,MsPacman
1,67,75,MsPacman
1,63,71,MsPacman
1,59,67,MsPacman
1,55,63,MsPacman
1,51,59,MsPacman
1,47,55,MsPacman
1,43,51,MsPacman
1,39,47,MsPacman
1,35,43,MsPacman
1,31,39,MsPacman
1,27,35,MsPacman
1,23,31,MsPacman
1,19,27,MsPacman
1,15,23,MsPacman
1,11,19,MsPacman
1,7,15,MsPacman
1,3,11,MsPacman
1,-1,7,MsPacman
1,-5,3,MsPacman
2,903,911,MsPacman
2,899,907,MsPacman
2,895,903,MsPacman
2,891,899,MsPacman
2,887,895,MsPacman
2,883,891,MsPacman
2,879,887,MsPacman
2,875,883,MsPacman
2,871,879,MsPacman
2,867,875,MsPacman
2,863,871,MsPacman
2,859,867,MsPacman
2,855,863,MsPacman
2,851,859,MsPacman
2,847,855,MsPacman
2,843,851,MsPacman
2,839,847,MsPacman
2,835,843,MsPacman
2,831,839,MsPacman
2,827,835,MsPacman
2,823,831,MsPacman
2,819,827,MsPacman
2,815,823,MsPacman
2,811,819,MsPacman
2,807,815,MsPacman
2,803,811,MsPacman
2,799,807,MsPacman
2,795,803,MsPacman
2,791,799,MsPacman
2,787,795,MsPacman
2,783,791,MsPacman
2,779,787,MsPacman
2,775,783,MsPacman
2,771,779,MsPacman
2,767,775,MsPacman
2,763,771,MsPacman
2,759,767,MsPacman
2,755,763,MsPacman
2,751,759,MsPacman
2,747,755,MsPacman
2,743,751,MsPacman
2,739,747,MsPacman
2,735,743,MsPacman
2,731,739,MsPacman
2,727,735,MsPacman
2,723,731,MsPacman
2,719,727,MsPacman
2,715,723,MsPacman
2,711,719,MsPacman
2,707,715,MsPacman
2,703,711,MsPacman
2,699,707,MsPacman
2,695,703,MsPacman
2,691,699,MsPacman
2,687,695,MsPacman
2,683,691,MsPacman
2,679,687,MsPacman
2,675,683,MsPacman
2,671,679,MsPacman
2,667,675,MsPacman
2,663,671,MsPacman
2,659,667,MsPacman
2,655,663,MsPacman
2,651,659,MsPacman
2,647,655,MsPacman
2,643,651,MsPacman
2,639,647,MsPacman
2,635,643,MsPacman
2,631,639,MsPacman
2,627,635,MsPacman
2,623,631,MsPacman
2,619,627,MsPacman
2,615,623,MsPacman
2,611,619,MsPacman
2,607,615,MsPacman
2,603,611,MsPacman
2,599,607,MsPacman
2,595,603,MsPacman
2,591,599,MsPacman
2,587,595,MsPacman
2,583,591,MsPacman
2,579,587,MsPacman
2,575,583,MsPacman
2,571,579,MsPacman
2,567,575,MsPacman
2,563,571,MsPacman
2,559,567,MsPacman
2,555,563,MsPacman
2,551,559,MsPacman
2,547,555,MsPacman
2,543,551,MsPacman
2,539,547,MsPacman
2,535,543,MsPacman
2,531,539,MsPacman
2,527,535,MsPacman
2,523,531,MsPacman
2,519,527,MsPacman
2,515,523,MsPacman
2,511,519,MsPacman
2,507,515,MsPacman
2,503,511,MsPacman
2,499,507,MsPacman
2,495,503,MsPacman
2,491,499,MsPacman
2,487,495,MsPacman
2,483,491,MsPacman
2,479,487,MsPacman
2,475,483,MsPacman
2,471,479,MsPacman
2,467,475,MsPacman
2,463,471,MsPacman
2,459,467,MsPacman
2,455,463,MsPacman
2,451,459,MsPacman
2,447,455,MsPacman
2,443,451,MsPacman
2,439,447,MsPacman
2,435,443,MsPacman
2,431,439,MsPacman
2,427,435,MsPacman
2,423,431,MsPacman
2,419,427,MsPacman
2,415,423,MsPacman
2,411,419,MsPacman
2,407,415,MsPacman
2,403,411,MsPacman
2,399,407,MsPacman
2,395,403,MsPacman
2,391,399,MsPacman
2,387,395,MsPacman
2,383,391,MsPacman
2,379,387,MsPacman
2,375,383,MsPacman
2,371,379,MsPacman
2,367,375,MsPacman
2,363,371,MsPacman
2,359,367,MsPacman
2,355,363,MsPacman
2,351,359,MsPacman
2,347,355,MsPacman
2,343,351,MsPacman
2,339,347,MsPacman
2,335,343,MsPacman
2,331,339,MsPacman
2,327,335,MsPacman
2,323,331,MsPacman
2,319,327,MsPacman
2,315,323,MsPacman
2,311,319,MsPacman
2,307,315,MsPacman
2,303,311,MsPacman
2,299,307,MsPacman
2,295,303,MsPacman
2,291,299,MsPacman
2,287,295,MsPacman
2,283,291,MsPacman
2,279,287,MsPacman
2,275,283,MsPacman
2,271,279,MsPacman
2,267,275,MsPacman
2,263,271,MsPacman
2,259,267,MsPacman
2,255,263,MsPacman
2,251,259,MsPacman
2,247,255,MsPacman
2,243,251,MsPacman
2,239,247,MsPacman
2,235,243,MsPacman
2,231,239,MsPacman
2,227,235,MsPacman
2,223,231,MsPacman
2,219,227,MsPacman
2,215,223,MsPacman
2,211,219,MsPacman
2,207,215,MsPacman
2,203,211,MsPacman
2,199,207,MsPacman
2,195,203,MsPacman
2,191,199,MsPacman
2,187,195,MsPacman
2,183,191,MsPacman
2,179,187,MsPacman
2,175,183,MsPacman
2,171,179,MsPacman
2,167,175,MsPacman
2,163,171,MsPacman
2,159,167,MsPacman
2,155,163,MsPacman
2,151,159,MsPacman
2,147,155,MsPacman
2,143,151,MsPacman
2,139,147,MsPacman
2,135,143,MsPacman
2,131,139,MsPacman
2,127,135,MsPacman
2,123,131,MsPacman
2,119,127,MsPacman
2,115,123,MsPacman
2,111,119,MsPacman
2,107,115,MsPacman
2,103,111,MsPacman
2,99,107,MsPacman
2,95,103,MsPacman
2,91,99,MsPacman
2,87,95,MsPacman
2,83,91,MsPacman
2,79,87,MsPacman
2,75,83,MsPacman
2,71,79,MsPacman
2,67,75,MsPacman
2,63,71,MsPacman
2,59,67,MsPacman
2,55,63,MsPacman
2,51,59,MsPacman
2,47,55,MsPacman
2,43,51,MsPacman
2,39,47,MsPacman
2,35,43,MsPacman
2,31,39,MsPacman
2,27,35,MsPacman
2,23,31,MsPacman
2,19,27,MsPacman
2,15,23,MsPacman
2,11,19,MsPacman
2,7,15,MsPacman
2,3,11,MsPacman
2,-1,7,MsPacman
2,-5,3,MsPacman
3,765,773,MsPacman
3,761,769,MsPacman
3,757,765,MsPacman
3,753,761,MsPacman
3,749,757,MsPacman
3,745,753,MsPacman
3,741,749,MsPacman
3,737,745,MsPacman
3,733,741,MsPacman
3,729,737,MsPacman
3,725,733,MsPacman
3,721,729,MsPacman
3,717,725,MsPacman
3,713,721,MsPacman
3,709,717,MsPacman
3,705,713,MsPacman
3,701,709,MsPacman
3,697,705,MsPacman
3,693,701,MsPacman
3,689,697,MsPacman
3,685,693,MsPacman
3,681,689,MsPacman
3,677,685,MsPacman
3,673,681,MsPacman
3,669,677,MsPacman
3,665,673,MsPacman
3,661,669,MsPacman
3,657,665,MsPacman
3,653,661,MsPacman
3,649,657,MsPacman
3,645,653,MsPacman
3,641,649,MsPacman
3,637,645,MsPacman
3,633,641,MsPacman
3,629,637,MsPacman
3,625,633,MsPacman
3,621,629,MsPacman
3,617,625,MsPacman
3,613,621,MsPacman
3,609,617,MsPacman
3,605,613,MsPacman
3,601,609,MsPacman
3,597,605,MsPacman
3,593,601,MsPacman
3,589,597,MsPacman
3,585,593,MsPacman
3,581,589,MsPacman
3,577,585,MsPacman
3,573,581,MsPacman
3,569,577,MsPacman
3,565,573,MsPacman
3,561,569,MsPacman
3,557,565,MsPacman
3,553,561,MsPacman
3,549,557,MsPacman
3,545,553,MsPacman
3,541,549,MsPacman
3,537,545,MsPacman
3,533,541,MsPacman
3,529,537,MsPacman
3,525,533,MsPacman
3,521,529,MsPacman
3,517,525,MsPacman
3,513,521,MsPacman
3,509,517,MsPacman
3,505,513,MsPacman
3,501,509,MsPacman
3,497,505,MsPacman
3,493,501,MsPacman
3,489,497,MsPacman
3,485,493,MsPacman
3,481,489,MsPacman
3,477,485,MsPacman
3,473,481,MsPacman
3,469,477,MsPacman
3,465,473,MsPacman
3,461,469,MsPacman
3,457,465,MsPacman
3,453,461,MsPacman
3,449,457,MsPacman
3,445,453,MsPacman
3,441,449,MsPacman
3,437,445,MsPacman
3,433,441,MsPacman
3,429,437,MsPacman
3,425,433,MsPacman
3,421,429,MsPacman
3,417,425,MsPacman
3,413,421,MsPacman
3,409,417,MsPacman
3,405,413,MsPacman
3,401,409,MsPacman
3,397,405,MsPacman
3,393,401,MsPacman
3,389,397,MsPacman
3,385,393,MsPacman
3,381,389,MsPacman
3,377,385,MsPacman
3,373,381,MsPacman
3,369,377,MsPacman
3,365,373,MsPacman
3,361,369,MsPacman
3,357,365,MsPacman
3,353,361,MsPacman
3,349,357,MsPacman
3,345,353,MsPacman
3,341,349,MsPacman
3,337,345,MsPacman
3,333,341,MsPacman
3,329,337,MsPacman
3,325,333,MsPacman
3,321,329,MsPacman
3,317,325,MsPacman
3,313,321,MsPacman
3,309,317,MsPacman
3,305,313,MsPacman
3,301,309,MsPacman
3,297,305,MsPacman
3,293,301,MsPacman
3,289,297,MsPacman
3,285,293,MsPacman
3,281,289,MsPacman
3,277,285,MsPacman
3,273,281,MsPacman
3,269,277,MsPacman
3,265,273,MsPacman
3,261,269,MsPacman
3,257,265,MsPacman
3,253,261,MsPacman
3,249,257,MsPacman
3,245,253,MsPacman
3,241,249,MsPacman
3,237,245,MsPacman
3,233,241,MsPacman
3,229,237,MsPacman
3,225,233,MsPacman
3,221,229,MsPacman
3,217,225,MsPacman
3,213,221,MsPacman
3,209,217,MsPacman
3,205,213,MsPacman
3,201,209,MsPacman
3,197,205,MsPacman
3,193,201,MsPacman
3,189,197,MsPacman
3,185,193,MsPacman
3,181,189,MsPacman
3,177,185,MsPacman
3,173,181,MsPacman
3,169,177,MsPacman
3,165,173,MsPacman
3,161,169,MsPacman
3,157,165,MsPacman
3,153,161,MsPacman
3,149,157,MsPacman
3,145,153,MsPacman
3,141,149,MsPacman
3,137,145,MsPacman
3,133,141,MsPacman
3,129,137,MsPacman
3,125,133,MsPacman
3,121,129,MsPacman
3,117,125,MsPacman
3,113,121,MsPacman
3,109,117,MsPacman
3,105,113,MsPacman
3,101,109,MsPacman
3,97,105,MsPacman
3,93,101,MsPacman
3,89,97,MsPacman
3,85,93,MsPacman
3,81,89,MsPacman
3,77,85,MsPacman
3,73,81,MsPacman
3,69,77,MsPacman
3,65,73,MsPacman
3,61,69,MsPacman
3,57,65,MsPacman
3,53,61,MsPacman
3,49,57,MsPacman
3,45,53,MsPacman
3,41,49,MsPacman
3,37,45,MsPacman
3,33,41,MsPacman
3,29,37,MsPacman
3,25,33,MsPacman
3,21,29,MsPacman
3,17,25,MsPacman
3,13,21,MsPacman
3,9,17,MsPacman
3,5,13,MsPacman
3,1,9,MsPacman
3,-3,5,MsPacman
3,-7,1,MsPacman
4,1119,1127,MsPacman
4,1115,1123,MsPacman
4,1111,1119,MsPacman
4,1107,1115,MsPacman
4,1103,1111,MsPacman
4,1099,1107,MsPacman
4,1095,1103,MsPacman
4,1091,1099,MsPacman
4,1087,1095,MsPacman
4,1083,1091,MsPacman
4,1079,1087,MsPacman
4,1075,1083,MsPacman
4,1071,1079,MsPacman
4,1067,1075,MsPacman
4,1063,1071,MsPacman
4,1059,1067,MsPacman
4,1055,1063,MsPacman
4,1051,1059,MsPacman
4,1047,1055,MsPacman
4,1043,1051,MsPacman
4,1039,1047,MsPacman
4,1035,1043,MsPacman
4,1031,1039,MsPacman
4,1027,1035,MsPacman
4,1023,1031,MsPacman
4,1019,1027,MsPacman
4,1015,1023,MsPacman
4,1011,1019,MsPacman
4,1007,1015,MsPacman
4,1003,1011,MsPacman
4,999,1007,MsPacman
4,995,1003,MsPacman
4,991,999,MsPacman
4,987,995,MsPacman
4,983,991,MsPacman
4,979,987,MsPacman
4,975,983,MsPacman
4,971,979,MsPacman
4,967,975,MsPacman
4,963,971,MsPacman
4,959,967,MsPacman
4,955,963,MsPacman
4,951,959,MsPacman
4,947,955,MsPacman
4,943,951,MsPacman
4,939,947,MsPacman
4,935,943,MsPacman
4,931,939,MsPacman
4,927,935,MsPacman
4,923,931,MsPacman
4,919,927,MsPacman
4,915,923,MsPacman
4,911,919,MsPacman
4,907,915,MsPacman
4,903,911,MsPacman
4,899,907,MsPacman
4,895,903,MsPacman
4,891,899,MsPacman
4,887,895,MsPacman
4,883,891,MsPacman
4,879,887,MsPacman
4,875,883,MsPacman
4,871,879,MsPacman
4,867,875,MsPacman
4,863,871,MsPacman
4,859,867,MsPacman
4,855,863,MsPacman
4,851,859,MsPacman
4,847,855,MsPacman
4,843,851,MsPacman
4,839,847,MsPacman
4,835,843,MsPacman
4,831,839,MsPacman
4,827,835,MsPacman
4,823,831,MsPacman
4,819,827,MsPacman
4,815,823,MsPacman
4,811,819,MsPacman
4,807,815,MsPacman
4,803,811,MsPacman
4,799,807,MsPacman
4,795,803,MsPacman
4,791,799,MsPacman
4,787,795,MsPacman
4,783,791,MsPacman
4,779,787,MsPacman
4,775,783,MsPacman
4,771,779,MsPacman
4,767,775,MsPacman
4,763,771,MsPacman
4,759,767,MsPacman
4,755,763,MsPacman
4,751,759,MsPacman
4,747,755,MsPacman
4,743,751,MsPacman
4,739,747,MsPacman
4,735,743,MsPacman
4,731,739,MsPacman
4,727,735,MsPacman
4,723,731,MsPacman
4,719,727,MsPacman
4,715,723,MsPacman
4,711,719,MsPacman
4,707,715,MsPacman
4,703,711,MsPacman
4,699,707,MsPacman
4,695,703,MsPacman
4,691,699,MsPacman
4,687,695,MsPacman
4,683,691,MsPacman
4,679,687,MsPacman
4,675,683,MsPacman
4,671,679,MsPacman
4,667,675,MsPacman
4,663,671,MsPacman
4,659,667,MsPacman
4,655,663,MsPacman
4,651,659,MsPacman
4,647,655,MsPacman
4,643,651,MsPacman
4,639,647,MsPacman
4,635,643,MsPacman
4,631,639,MsPacman
4,627,635,MsPacman
4,623,631,MsPacman
4,619,627,MsPacman
4,615,623,MsPacman
4,611,619,MsPacman
4,607,615,MsPacman
4,603,611,MsPacman
4,599,607,MsPacman
4,595,603,MsPacman
4,591,599,MsPacman
4,587,595,MsPacman
4,583,591,MsPacman
4,579,587,MsPacman
4,575,583,MsPacman
4,571,579,MsPacman
4,567,575,MsPacman
4,563,571,MsPacman
4,559,567,MsPacman
4,555,563,MsPacman
4,551,559,MsPacman
4,547,555,MsPacman
4,543,551,MsPacman
4,539,547,MsPacman
4,535,543,MsPacman
4,531,539,MsPacman
4,527,535,MsPacman
4,523,531,MsPacman
4,519,527,MsPacman
4,515,523,MsPacman
4,511,519,MsPacman
4,507,515,MsPacman
4,503,511,MsPacman
4,499,507,MsPacman
4,495,503,MsPacman
4,491,499,MsPacman
4,487,495,MsPacman
4,483,491,MsPacman
4,479,487,MsPacman
4,475,483,MsPacman
4,471,479,MsPacman
4,467,475,MsPacman
4,463,471,MsPacman
4,459,467,MsPacman
4,455,463,MsPacman
4,451,459,MsPacman
4,447,455,MsPacman
4,443,451,MsPacman
4,439,447,MsPacman
4,435,443,MsPacman
4,431,439,MsPacman
4,427,435,MsPacman
4,423,431,MsPacman
4,419,427,MsPacman
4,415,423,MsPacman
4,411,419,MsPacman
4,407,415,MsPacman
4,403,411,MsPacman
4,399,407,MsPacman
4,395,403,MsPacman
4,391,399,MsPacman
4,387,395,MsPacman
4,383,391,MsPacman
4,379,387,MsPacman
4,375,383,MsPacman
4,371,379,MsPacman
4,367,375,MsPacman
4,363,371,MsPacman
4,359,367,MsPacman
4,355,363,MsPacman
4,351,359,MsPacman
4,347,355,MsPacman
4,343,351,MsPacman
4,339,347,MsPacman
4,335,343,MsPacman
4,331,339,MsPacman
4,327,335,MsPacman
4,323,331,MsPacman
4,319,327,MsPacman
4,315,323,MsPacman
4,311,319,MsPacman
4,307,315,MsPacman
4,303,311,MsPacman
4,299,307,MsPacman
4,295,303,MsPacman
4,291,299,MsPacman
4,287,295,MsPacman
4,283,291,MsPacman
4,279,287,MsPacman
4,275,283,MsPacman
4,271,279,MsPacman
4,267,275,MsPacman
4,263,271,MsPacman
4,259,267,MsPacman
4,255,263,MsPacman
4,251,259,MsPacman
4,247,255,MsPacman
4,243,251,MsPacman
4,239,247,MsPacman
4,235,243,MsPacman
4,231,239,MsPacman
4,227,235,MsPacman
4,223,231,MsPacman
4,219,227,MsPacman
4,215,223,MsPacman
4,211,219,MsPacman
4,207,215,MsPacman
4,203,211,MsPacman
4,199,207,MsPacman
4,195,203,MsPacman
4,191,199,MsPacman
4,187,195,MsPacman
4,183,191,MsPacman
4,179,187,MsPacman
4,175,183,MsPacman
4,171,179,MsPacman
4,167,175,MsPacman
4,163,171,MsPacman
4,159,167,MsPacman
4,155,163,MsPacman
4,151,159,MsPacman
4,147,155,MsPacman
4,143,151,MsPacman
4,139,147,MsPacman
4,135,143,MsPacman
4,131,139,MsPacman
4,127,135,MsPacman
4,123,131,MsPacman
4,119,127,MsPacman
4,115,123,MsPacman
4,111,119,MsPacman
4,107,115,MsPacman
4,103,111,MsPacman
4,99,107,MsPacman
4,95,103,MsPacman
4,91,99,MsPacman
4,87,95,MsPacman
4,83,91,MsPacman
4,79,87,MsPacman
4,75,83,MsPacman
4,71,79,MsPacman
4,67,75,MsPacman
4,63,71,MsPacman
4,59,67,MsPacman
4,55,63,MsPacman
4,51,59,MsPacman
4,47,55,MsPacman
4,43,51,MsPacman
4,39,47,MsPacman
4,35,43,MsPacman
4,31,39,MsPacman
4,27,35,MsPacman
4,23,31,MsPacman
4,19,27,MsPacman
4,15,23,MsPacman
4,11,19,MsPacman
4,7,15,MsPacman
4,3,11,MsPacman
4,-1,7,MsPacman
4,-5,3,MsPacman
