Episode index,Start index,End index,Environment
0,0,8,MsPacman
0,4,12,MsPacman
0,8,16,MsPacman
0,12,20,MsPacman
0,16,24,MsPacman
0,20,28,MsPacman
0,24,32,MsPacman
0,28,36,MsPacman
0,32,40,MsPacman
0,36,44,MsPacman
0,40,48,MsPacman
0,44,52,MsPacman
0,48,56,MsPacman
0,52,60,MsPacman
0,56,64,MsPacman
0,60,68,MsPacman
0,64,72,MsPacman
0,68,76,MsPacman
0,72,80,MsPacman
0,76,84,MsPacman
0,80,88,MsPacman
0,84,92,MsPacman
0,88,96,MsPacman
0,92,100,MsPacman
0,96,104,MsPacman
0,100,108,MsPacman
0,104,112,MsPacman
0,108,116,MsPacman
0,112,120,MsPacman
0,116,124,MsPacman
0,120,128,MsPacman
0,124,132,MsPacman
0,128,136,MsPacman
0,132,140,MsPacman
0,136,144,MsPacman
0,140,148,MsPacman
0,144,152,MsPacman
0,148,156,MsPacman
0,152,160,MsPacman
0,156,164,MsPacman
0,160,168,MsPacman
0,164,172,MsPacman
0,168,176,MsPacman
0,172,180,MsPacman
0,176,184,MsPacman
0,180,188,MsPacman
0,184,192,MsPacman
0,188,196,MsPacman
0,192,200,MsPacman
0,196,204,MsPacman
0,200,208,MsPacman
0,204,212,MsPacman
0,208,216,MsPacman
0,212,220,MsPacman
0,216,224,MsPacman
0,220,228,MsPacman
0,224,232,MsPacman
0,228,236,MsPacman
0,232,240,MsPacman
0,236,244,MsPacman
0,240,248,MsPacman
0,244,252,MsPacman
0,248,256,MsPacman
0,252,260,MsPacman
0,256,264,MsPacman
0,260,268,MsPacman
0,264,272,MsPacman
0,268,276,MsPacman
0,272,280,MsPacman
0,276,284,MsPacman
0,280,288,MsPacman
0,284,292,MsPacman
0,288,296,MsPacman
0,292,300,MsPacman
0,296,304,MsPacman
0,300,308,MsPacman
0,304,312,MsPacman
0,308,316,MsPacman
0,312,320,MsPacman
0,316,324,MsPacman
0,320,328,MsPacman
0,324,332,MsPacman
0,328,336,MsPacman
0,332,340,MsPacman
0,336,344,MsPacman
0,340,348,MsPacman
0,344,352,MsPacman
0,348,356,MsPacman
0,352,360,MsPacman
0,356,364,MsPacman
0,360,368,MsPacman
0,364,372,MsPacman
0,368,376,MsPacman
0,372,380,MsPacman
0,376,384,MsPacman
0,380,388,MsPacman
0,384,392,MsPacman
0,388,396,MsPacman
0,392,400,MsPacman
0,396,404,MsPacman
0,400,408,MsPacman
0,404,412,MsPacman
0,408,416,MsPacman
0,412,420,MsPacman
0,416,424,MsPacman
0,420,428,MsPacman
0,424,432,MsPacman
0,428,436,MsPacman
0,432,440,MsPacman
0,436,444,MsPacman
0,440,448,MsPacman
0,444,452,MsPacman
0,448,456,MsPacman
0,452,460,MsPacman
0,456,464,MsPacman
0,460,468,MsPacman
0,464,472,MsPacman
0,468,476,MsPacman
0,472,480,MsPacman
0,476,484,MsPacman
0,480,488,MsPacman
0,484,492,MsPacman
0,488,496,MsPacman
0,492,500,MsPacman
0,496,504,MsPacman
0,500,508,MsPacman
0,504,512,MsPacman
0,508,516,MsPacman
0,512,520,MsPacman
0,516,524,MsPacman
0,520,528,MsPacman
0,524,532,MsPacman
0,528,536,MsPacman
0,532,540,MsPacman
0,536,544,MsPacman
0,540,548,MsPacman
0,544,552,MsPacman
0,548,556,MsPacman
0,552,560,MsPacman
0,556,564,MsPacman
0,560,568,MsPacman
0,564,572,MsPacman
0,568,576,MsPacman
0,572,580,MsPacman
0,576,584,MsPacman
0,580,588,MsPacman
0,584,592,MsPacman
0,588,596,MsPacman
0,592,600,MsPacman
0,596,604,MsPacman
0,600,608,MsPacman
0,604,612,MsPacman
0,608,616,MsPacman
0,612,620,MsPacman
0,616,624,MsPacman
0,620,628,MsPacman
0,624,632,MsPacman
0,628,636,MsPacman
0,632,640,MsPacman
0,636,644,MsPacman
0,640,648,MsPacman
0,644,652,MsPacman
0,648,656,MsPacman
0,652,660,MsPacman
0,656,664,MsPacman
0,660,668,MsPacman
0,664,672,MsPacman
0,668,676,MsPacman
0,672,680,MsPacman
0,676,684,MsPacman
0,680,688,MsPacman
0,684,692,MsPacman
0,688,696,MsPacman
0,692,700,MsPacman
0,696,704,MsPacman
0,700,708,MsPacman
0,704,712,MsPacman
0,708,716,MsPacman
0,712,720,MsPacman
0,716,724,MsPacman
0,720,728,MsPacman
0,724,732,MsPacman
0,728,736,MsPacman
0,732,740,MsPacman
0,736,744,MsPacman
0,740,748,MsPacman
0,744,752,MsPacman
0,748,756,MsPacman
0,752,760,MsPacman
0,756,764,MsPacman
0,760,768,MsPacman
0,764,772,MsPacman
0,768,776,MsPacman
0,772,780,MsPacman
0,776,784,MsPacman
0,780,788,MsPacman
0,784,792,MsPacman
0,788,796,MsPacman
0,792,800,MsPacman
0,796,804,MsPacman
0,800,808,MsPacman
0,804,812,MsPacman
0,808,816,MsPacman
0,812,820,MsPacman
0,816,824,MsPacman
0,820,828,MsPacman
0,824,832,MsPacman
0,828,836,MsPacman
0,832,840,MsPacman
0,836,844,MsPacman
0,840,848,MsPacman
0,844,852,MsPacman
0,848,856,MsPacman
0,852,860,MsPacman
0,856,864,MsPacman
0,860,868,MsPacman
0,864,872,MsPacman
0,868,876,MsPacman
0,872,880,MsPacman
0,876,884,MsPacman
0,880,888,MsPacman
0,884,892,MsPacman
0,888,896,MsPacman
0,892,900,MsPacman
0,896,904,MsPacman
0,900,908,MsPacman
0,904,912,MsPacman
0,908,916,MsPacman
0,912,920,MsPacman
0,916,924,MsPacman
0,920,928,MsPacman
0,924,932,MsPacman
0,928,936,MsPacman
0,932,940,MsPacman
0,936,944,MsPacman
0,940,948,MsPacman
0,944,952,MsPacman
0,948,956,MsPacman
0,952,960,MsPacman
0,956,964,MsPacman
0,960,968,MsPacman
0,964,972,MsPacman
0,968,976,MsPacman
0,972,980,MsPacman
0,976,984,MsPacman
0,980,988,MsPacman
0,984,992,MsPacman
0,988,996,MsPacman
0,992,1000,MsPacman
0,996,1004,MsPacman
0,1000,1008,MsPacman
0,1004,1012,MsPacman
0,1008,1016,MsPacman
0,1012,1020,MsPacman
0,1016,1024,MsPacman
0,1020,1028,MsPacman
0,1024,1032,MsPacman
0,1028,1036,MsPacman
0,1032,1040,MsPacman
0,1036,1044,MsPacman
0,1040,1048,MsPacman
0,1044,1052,MsPacman
0,1048,1056,MsPacman
0,1052,1060,MsPacman
0,1056,1064,MsPacman
0,1060,1068,MsPacman
0,1064,1072,MsPacman
0,1068,1076,MsPacman
0,1072,1080,MsPacman
0,1076,1084,MsPacman
0,1080,1088,MsPacman
0,1084,1092,MsPacman
0,1088,1096,MsPacman
0,1092,1100,MsPacman
0,1096,1104,MsPacman
0,1100,1108,MsPacman
0,1104,1112,MsPacman
0,1108,1116,MsPacman
0,1112,1120,MsPacman
0,1116,1124,MsPacman
0,1120,1128,MsPacman
0,1124,1132,MsPacman
0,1128,1136,MsPacman
0,1132,1140,MsPacman
0,1136,1144,MsPacman
0,1140,1148,MsPacman
0,1144,1152,MsPacman
0,1148,1156,MsPacman
0,1152,1160,MsPacman
0,1156,1164,MsPacman
0,1160,1168,MsPacman
0,1164,1172,MsPacman
0,1168,1176,MsPacman
0,1172,1180,MsPacman
0,1176,1184,MsPacman
0,1180,1188,MsPacman
0,1184,1192,MsPacman
0,1188,1196,MsPacman
0,1192,1200,MsPacman
0,1196,1204,MsPacman
0,1200,1208,MsPacman
0,1204,1212,MsPacman
0,1208,1216,MsPacman
0,1212,1220,MsPacman
0,1216,1224,MsPacman
0,1220,1228,MsPacman
0,1224,1232,MsPacman
0,1228,1236,MsPacman
0,1232,1240,MsPacman
0,1236,1244,MsPacman
0,1240,1248,MsPacman
0,1244,1252,MsPacman
0,1248,1256,MsPacman
0,1252,1260,MsPacman
0,1256,1264,MsPacman
0,1260,1268,MsPacman
0,1264,1272,MsPacman
0,1268,1276,MsPacman
0,1272,1280,MsPacman
0,1276,1284,MsPacman
1,0,8,MsPacman
1,4,12,MsPacman
1,8,16,MsPacman
1,12,20,MsPacman
1,16,24,MsPacman
1,20,28,MsPacman
1,24,32,MsPacman
1,28,36,MsPacman
1,32,40,MsPacman
1,36,44,MsPacman
1,40,48,MsPacman
1,44,52,MsPacman
1,48,56,MsPacman
1,52,60,MsPacman
1,56,64,MsPacman
1,60,68,MsPacman
1,64,72,MsPacman
1,68,76,MsPacman
1,72,80,MsPacman
1,76,84,MsPacman
1,80,88,MsPacman
1,84,92,MsPacman
1,88,96,MsPacman
1,92,100,MsPacman
1,96,104,MsPacman
1,100,108,MsPacman
1,104,112,MsPacman
1,108,116,MsPacman
1,112,120,MsPacman
1,116,124,MsPacman
1,120,128,MsPacman
1,124,132,MsPacman
1,128,136,MsPacman
1,132,140,MsPacman
1,136,144,MsPacman
1,140,148,MsPacman
1,144,152,MsPacman
1,148,156,MsPacman
1,152,160,MsPacman
1,156,164,MsPacman
1,160,168,MsPacman
1,164,172,MsPacman
1,168,176,MsPacman
1,172,180,MsPacman
1,176,184,MsPacman
1,180,188,MsPacman
1,184,192,MsPacman
1,188,196,MsPacman
1,192,200,MsPacman
1,196,204,MsPacman
1,200,208,MsPacman
1,204,212,MsPacman
1,208,216,MsPacman
1,212,220,MsPacman
1,216,224,MsPacman
1,220,228,MsPacman
1,224,232,MsPacman
1,228,236,MsPacman
1,232,240,MsPacman
1,236,244,MsPacman
1,240,248,MsPacman
1,244,252,MsPacman
1,248,256,MsPacman
1,252,260,MsPacman
1,256,264,MsPacman
1,260,268,MsPacman
1,264,272,MsPacman
1,268,276,MsPacman
1,272,280,MsPacman
1,276,284,MsPacman
1,280,288,MsPacman
1,284,292,MsPacman
1,288,296,MsPacman
1,292,300,MsPacman
1,296,304,MsPacman
1,300,308,MsPacman
1,304,312,MsPacman
1,308,316,MsPacman
1,312,320,MsPacman
1,316,324,MsPacman
1,320,328,MsPacman
1,324,332,MsPacman
1,328,336,MsPacman
1,332,340,MsPacman
1,336,344,MsPacman
1,340,348,MsPacman
1,344,352,MsPacman
1,348,356,MsPacman
1,352,360,MsPacman
1,356,364,MsPacman
1,360,368,MsPacman
1,364,372,MsPacman
1,368,376,MsPacman
1,372,380,MsPacman
1,376,384,MsPacman
1,380,388,MsPacman
1,384,392,MsPacman
1,388,396,MsPacman
1,392,400,MsPacman
1,396,404,MsPacman
1,400,408,MsPacman
1,404,412,MsPacman
1,408,416,MsPacman
1,412,420,MsPacman
1,416,424,MsPacman
1,420,428,MsPacman
1,424,432,MsPacman
1,428,436,MsPacman
1,432,440,MsPacman
1,436,444,MsPacman
1,440,448,MsPacman
1,444,452,MsPacman
1,448,456,MsPacman
1,452,460,MsPacman
1,456,464,MsPacman
1,460,468,MsPacman
1,464,472,MsPacman
1,468,476,MsPacman
1,472,480,MsPacman
1,476,484,MsPacman
1,480,488,MsPacman
1,484,492,MsPacman
1,488,496,MsPacman
1,492,500,MsPacman
1,496,504,MsPacman
1,500,508,MsPacman
1,504,512,MsPacman
1,508,516,MsPacman
1,512,520,MsPacman
1,516,524,MsPacman
1,520,528,MsPacman
1,524,532,MsPacman
1,528,536,MsPacman
1,532,540,MsPacman
1,536,544,MsPacman
1,540,548,MsPacman
1,544,552,MsPacman
1,548,556,MsPacman
1,552,560,MsPacman
1,556,564,MsPacman
1,560,568,MsPacman
1,564,572,MsPacman
1,568,576,MsPacman
1,572,580,MsPacman
1,576,584,MsPacman
1,580,588,MsPacman
1,584,592,MsPacman
1,588,596,MsPacman
1,592,600,MsPacman
1,596,604,MsPacman
1,600,608,MsPacman
1,604,612,MsPacman
1,608,616,MsPacman
1,612,620,MsPacman
1,616,624,MsPacman
1,620,628,MsPacman
1,624,632,MsPacman
1,628,636,MsPacman
1,632,640,MsPacman
1,636,644,MsPacman
1,640,648,MsPacman
1,644,652,MsPacman
1,648,656,MsPacman
1,652,660,MsPacman
1,656,664,MsPacman
1,660,668,MsPacman
1,664,672,MsPacman
1,668,676,MsPacman
1,672,680,MsPacman
1,676,684,MsPacman
1,680,688,MsPacman
1,684,692,MsPacman
1,688,696,MsPacman
1,692,700,MsPacman
1,696,704,MsPacman
1,700,708,MsPacman
1,704,712,MsPacman
1,708,716,MsPacman
1,712,720,MsPacman
1,716,724,MsPacman
1,720,728,MsPacman
1,724,732,MsPacman
1,728,736,MsPacman
1,732,740,MsPacman
1,736,744,MsPacman
1,740,748,MsPacman
1,744,752,MsPacman
1,748,756,MsPacman
1,752,760,MsPacman
1,756,764,MsPacman
1,760,768,MsPacman
1,764,772,MsPacman
1,768,776,MsPacman
1,772,780,MsPacman
1,776,784,MsPacman
1,780,788,MsPacman
1,784,792,MsPacman
1,788,796,MsPacman
1,792,800,MsPacman
1,796,804,MsPacman
1,800,808,MsPacman
1,804,812,MsPacman
1,808,816,MsPacman
1,812,820,MsPacman
1,816,824,MsPacman
1,820,828,MsPacman
1,824,832,MsPacman
1,828,836,MsPacman
1,832,840,MsPacman
1,836,844,MsPacman
1,840,848,MsPacman
1,844,852,MsPacman
1,848,856,MsPacman
1,852,860,MsPacman
1,856,864,MsPacman
1,860,868,MsPacman
1,864,872,MsPacman
1,868,876,MsPacman
1,872,880,MsPacman
1,876,884,MsPacman
1,880,888,MsPacman
1,884,892,MsPacman
1,888,896,MsPacman
1,892,900,MsPacman
1,896,904,MsPacman
1,900,908,MsPacman
1,904,912,MsPacman
1,908,916,MsPacman
1,912,920,MsPacman
1,916,924,MsPacman
1,920,928,MsPacman
1,924,932,MsPacman
1,928,936,MsPacman
1,932,940,MsPacman
1,936,944,MsPacman
1,940,948,MsPacman
1,944,952,MsPacman
1,948,956,MsPacman
1,952,960,MsPacman
1,956,964,MsPacman
1,960,968,MsPacman
1,964,972,MsPacman
1,968,976,MsPacman
1,972,980,MsPacman
1,976,984,MsPacman
1,980,988,MsPacman
1,984,992,MsPacman
1,988,996,MsPacman
1,992,1000,MsPacman
1,996,1004,MsPacman
1,1000,1008,MsPacman
1,1004,1012,MsPacman
1,1008,1016,MsPacman
1,1012,1020,MsPacman
1,1016,1024,MsPacman
1,1020,1028,MsPacman
1,1024,1032,MsPacman
1,1028,1036,MsPacman
1,1032,1040,MsPacman
1,1036,1044,MsPacman
1,1040,1048,MsPacman
1,1044,1052,MsPacman
1,1048,1056,MsPacman
1,1052,1060,MsPacman
1,1056,1064,MsPacman
1,1060,1068,MsPacman
1,1064,1072,MsPacman
1,1068,1076,MsPacman
1,1072,1080,MsPacman
1,1076,1084,MsPacman
1,1080,1088,MsPacman
1,1084,1092,MsPacman
1,1088,1096,MsPacman
1,1092,1100,MsPacman
1,1096,1104,MsPacman
1,1100,1108,MsPacman
1,1104,1112,MsPacman
1,1108,1116,MsPacman
1,1112,1120,MsPacman
1,1116,1124,MsPacman
1,1120,1128,MsPacman
1,1124,1132,MsPacman
1,1128,1136,MsPacman
1,1132,1140,MsPacman
1,1136,1144,MsPacman
1,1140,1148,MsPacman
1,1144,1152,MsPacman
1,1148,1156,MsPacman
1,1152,1160,MsPacman
1,1156,1164,MsPacman
1,1160,1168,MsPacman
1,1164,1172,MsPacman
1,1168,1176,MsPacman
1,1172,1180,MsPacman
1,1176,1184,MsPacman
1,1180,1188,MsPacman
1,1184,1192,MsPacman
1,1188,1196,MsPacman
1,1192,1200,MsPacman
1,1196,1204,MsPacman
1,1200,1208,MsPacman
1,1204,1212,MsPacman
1,1208,1216,MsPacman
1,1212,1220,MsPacman
1,1216,1224,MsPacman
1,1220,1228,MsPacman
1,1224,1232,MsPacman
1,1228,1236,MsPacman
1,1232,1240,MsPacman
1,1236,1244,MsPacman
1,1240,1248,MsPacman
1,1244,1252,MsPacman
1,1248,1256,MsPacman
1,1252,1260,MsPacman
1,1256,1264,MsPacman
1,1260,1268,MsPacman
1,1264,1272,MsPacman
1,1268,1276,MsPacman
1,1272,1280,MsPacman
1,1276,1284,MsPacman
1,1280,1288,MsPacman
1,1284,1292,MsPacman
1,1288,1296,MsPacman
1,1292,1300,MsPacman
1,1296,1304,MsPacman
1,1300,1308,MsPacman
1,1304,1312,MsPacman
1,1308,1316,MsPacman
1,1312,1320,MsPacman
1,1316,1324,MsPacman
1,1320,1328,MsPacman
1,1324,1332,MsPacman
1,1328,1336,MsPacman
1,1332,1340,MsPacman
1,1336,1344,MsPacman
1,1340,1348,MsPacman
1,1344,1352,MsPacman
1,1348,1356,MsPacman
1,1352,1360,MsPacman
1,1356,1364,MsPacman
1,1360,1368,MsPacman
1,1364,1372,MsPacman
1,1368,1376,MsPacman
2,0,8,MsPacman
2,4,12,MsPacman
2,8,16,MsPacman
2,12,20,MsPacman
2,16,24,MsPacman
2,20,28,MsPacman
2,24,32,MsPacman
2,28,36,MsPacman
2,32,40,MsPacman
2,36,44,MsPacman
2,40,48,MsPacman
2,44,52,MsPacman
2,48,56,MsPacman
2,52,60,MsPacman
2,56,64,MsPacman
2,60,68,MsPacman
2,64,72,MsPacman
2,68,76,MsPacman
2,72,80,MsPacman
2,76,84,MsPacman
2,80,88,MsPacman
2,84,92,MsPacman
2,88,96,MsPacman
2,92,100,MsPacman
2,96,104,MsPacman
2,100,108,MsPacman
2,104,112,MsPacman
2,108,116,MsPacman
2,112,120,MsPacman
2,116,124,MsPacman
2,120,128,MsPacman
2,124,132,MsPacman
2,128,136,MsPacman
2,132,140,MsPacman
2,136,144,MsPacman
2,140,148,MsPacman
2,144,152,MsPacman
2,148,156,MsPacman
2,152,160,MsPacman
2,156,164,MsPacman
2,160,168,MsPacman
2,164,172,MsPacman
2,168,176,MsPacman
2,172,180,MsPacman
2,176,184,MsPacman
2,180,188,MsPacman
2,184,192,MsPacman
2,188,196,MsPacman
2,192,200,MsPacman
2,196,204,MsPacman
2,200,208,MsPacman
2,204,212,MsPacman
2,208,216,MsPacman
2,212,220,MsPacman
2,216,224,MsPacman
2,220,228,MsPacman
2,224,232,MsPacman
2,228,236,MsPacman
2,232,240,MsPacman
2,236,244,MsPacman
2,240,248,MsPacman
2,244,252,MsPacman
2,248,256,MsPacman
2,252,260,MsPacman
2,256,264,MsPacman
2,260,268,MsPacman
2,264,272,MsPacman
2,268,276,MsPacman
2,272,280,MsPacman
2,276,284,MsPacman
2,280,288,MsPacman
2,284,292,MsPacman
2,288,296,MsPacman
2,292,300,MsPacman
2,296,304,MsPacman
2,300,308,MsPacman
2,304,312,MsPacman
2,308,316,MsPacman
2,312,320,MsPacman
2,316,324,MsPacman
2,320,328,MsPacman
2,324,332,MsPacman
2,328,336,MsPacman
2,332,340,MsPacman
2,336,344,MsPacman
2,340,348,MsPacman
2,344,352,MsPacman
2,348,356,MsPacman
2,352,360,MsPacman
2,356,364,MsPacman
2,360,368,MsPacman
2,364,372,MsPacman
2,368,376,MsPacman
2,372,380,MsPacman
2,376,384,MsPacman
2,380,388,MsPacman
2,384,392,MsPacman
2,388,396,MsPacman
2,392,400,MsPacman
2,396,404,MsPacman
2,400,408,MsPacman
2,404,412,MsPacman
2,408,416,MsPacman
2,412,420,MsPacman
2,416,424,MsPacman
2,420,428,MsPacman
2,424,432,MsPacman
2,428,436,MsPacman
2,432,440,MsPacman
2,436,444,MsPacman
2,440,448,MsPacman
2,444,452,MsPacman
2,448,456,MsPacman
2,452,460,MsPacman
2,456,464,MsPacman
2,460,468,MsPacman
2,464,472,MsPacman
2,468,476,MsPacman
2,472,480,MsPacman
2,476,484,MsPacman
2,480,488,MsPacman
2,484,492,MsPacman
2,488,496,MsPacman
2,492,500,MsPacman
2,496,504,MsPacman
2,500,508,MsPacman
2,504,512,MsPacman
2,508,516,MsPacman
2,512,520,MsPacman
2,516,524,MsPacman
2,520,528,MsPacman
2,524,532,MsPacman
2,528,536,MsPacman
2,532,540,MsPacman
2,536,544,MsPacman
2,540,548,MsPacman
2,544,552,MsPacman
2,548,556,MsPacman
2,552,560,MsPacman
2,556,564,MsPacman
2,560,568,MsPacman
2,564,572,MsPacman
2,568,576,MsPacman
2,572,580,MsPacman
2,576,584,MsPacman
2,580,588,MsPacman
2,584,592,MsPacman
2,588,596,MsPacman
2,592,600,MsPacman
2,596,604,MsPacman
2,600,608,MsPacman
2,604,612,MsPacman
2,608,616,MsPacman
2,612,620,MsPacman
2,616,624,MsPacman
2,620,628,MsPacman
2,624,632,MsPacman
2,628,636,MsPacman
2,632,640,MsPacman
2,636,644,MsPacman
2,640,648,MsPacman
2,644,652,MsPacman
2,648,656,MsPacman
2,652,660,MsPacman
2,656,664,MsPacman
2,660,668,MsPacman
2,664,672,MsPacman
2,668,676,MsPacman
2,672,680,MsPacman
2,676,684,MsPacman
2,680,688,MsPacman
2,684,692,MsPacman
2,688,696,MsPacman
2,692,700,MsPacman
2,696,704,MsPacman
2,700,708,MsPacman
2,704,712,MsPacman
2,708,716,MsPacman
2,712,720,MsPacman
2,716,724,MsPacman
2,720,728,MsPacman
2,724,732,MsPacman
2,728,736,MsPacman
2,732,740,MsPacman
2,736,744,MsPacman
2,740,748,MsPacman
2,744,752,MsPacman
2,748,756,MsPacman
2,752,760,MsPacman
2,756,764,MsPacman
2,760,768,MsPacman
2,764,772,MsPacman
2,768,776,MsPacman
2,772,780,MsPacman
2,776,784,MsPacman
2,780,788,MsPacman
2,784,792,MsPacman
2,788,796,MsPacman
2,792,800,MsPacman
2,796,804,MsPacman
2,800,808,MsPacman
2,804,812,MsPacman
2,808,816,MsPacman
2,812,820,MsPacman
2,816,824,MsPacman
2,820,828,MsPacman
2,824,832,MsPacman
2,828,836,MsPacman
2,832,840,MsPacman
2,836,844,MsPacman
2,840,848,MsPacman
2,844,852,MsPacman
2,848,856,MsPacman
2,852,860,MsPacman
2,856,864,MsPacman
2,860,868,MsPacman
2,864,872,MsPacman
2,868,876,MsPacman
2,872,880,MsPacman
2,876,884,MsPacman
2,880,888,MsPacman
2,884,892,MsPacman
2,888,896,MsPacman
2,892,900,MsPacman
2,896,904,MsPacman
2,900,908,MsPacman
2,904,912,MsPacman
2,908,916,MsPacman
3,0,8,MsPacman
3,4,12,MsPacman
3,8,16,MsPacman
3,12,20,MsPacman
3,16,24,MsPacman
3,20,28,MsPacman
3,24,32,MsPacman
3,28,36,MsPacman
3,32,40,MsPacman
3,36,44,MsPacman
3,40,48,MsPacman
3,44,52,MsPacman
3,48,56,MsPacman
3,52,60,MsPacman
3,56,64,MsPacman
3,60,68,MsPacman
3,64,72,MsPacman
3,68,76,MsPacman
3,72,80,MsPacman
3,76,84,MsPacman
3,80,88,MsPacman
3,84,92,MsPacman
3,88,96,MsPacman
3,92,100,MsPacman
3,96,104,MsPacman
3,100,108,MsPacman
3,104,112,MsPacman
3,108,116,MsPacman
3,112,120,MsPacman
3,116,124,MsPacman
3,120,128,MsPacman
3,124,132,MsPacman
3,128,136,MsPacman
3,132,140,MsPacman
3,136,144,MsPacman
3,140,148,MsPacman
3,144,152,MsPacman
3,148,156,MsPacman
3,152,160,MsPacman
3,156,164,MsPacman
3,160,168,MsPacman
3,164,172,MsPacman
3,168,176,MsPacman
3,172,180,MsPacman
3,176,184,MsPacman
3,180,188,MsPacman
3,184,192,MsPacman
3,188,196,MsPacman
3,192,200,MsPacman
3,196,204,MsPacman
3,200,208,MsPacman
3,204,212,MsPacman
3,208,216,MsPacman
3,212,220,MsPacman
3,216,224,MsPacman
3,220,228,MsPacman
3,224,232,MsPacman
3,228,236,MsPacman
3,232,240,MsPacman
3,236,244,MsPacman
3,240,248,MsPacman
3,244,252,MsPacman
3,248,256,MsPacman
3,252,260,MsPacman
3,256,264,MsPacman
3,260,268,MsPacman
3,264,272,MsPacman
3,268,276,MsPacman
3,272,280,MsPacman
3,276,284,MsPacman
3,280,288,MsPacman
3,284,292,MsPacman
3,288,296,MsPacman
3,292,300,MsPacman
3,296,304,MsPacman
3,300,308,MsPacman
3,304,312,MsPacman
3,308,316,MsPacman
3,312,320,MsPacman
3,316,324,MsPacman
3,320,328,MsPacman
3,324,332,MsPacman
3,328,336,MsPacman
3,332,340,MsPacman
3,336,344,MsPacman
3,340,348,MsPacman
3,344,352,MsPacman
3,348,356,MsPacman
3,352,360,MsPacman
3,356,364,MsPacman
3,360,368,MsPacman
3,364,372,MsPacman
3,368,376,MsPacman
3,372,380,MsPacman
3,376,384,MsPacman
3,380,388,MsPacman
3,384,392,MsPacman
3,388,396,MsPacman
3,392,400,MsPacman
3,396,404,MsPacman
3,400,408,MsPacman
3,404,412,MsPacman
3,408,416,MsPacman
3,412,420,MsPacman
3,416,424,MsPacman
3,420,428,MsPacman
3,424,432,MsPacman
3,428,436,MsPacman
3,432,440,MsPacman
3,436,444,MsPacman
3,440,448,MsPacman
3,444,452,MsPacman
3,448,456,MsPacman
3,452,460,MsPacman
3,456,464,MsPacman
3,460,468,MsPacman
3,464,472,MsPacman
3,468,476,MsPacman
3,472,480,MsPacman
3,476,484,MsPacman
3,480,488,MsPacman
3,484,492,MsPacman
3,488,496,MsPacman
3,492,500,MsPacman
3,496,504,MsPacman
3,500,508,MsPacman
3,504,512,MsPacman
3,508,516,MsPacman
3,512,520,MsPacman
3,516,524,MsPacman
3,520,528,MsPacman
3,524,532,MsPacman
3,528,536,MsPacman
3,532,540,MsPacman
3,536,544,MsPacman
3,540,548,MsPacman
3,544,552,MsPacman
3,548,556,MsPacman
3,552,560,MsPacman
3,556,564,MsPacman
3,560,568,MsPacman
3,564,572,MsPacman
3,568,576,MsPacman
3,572,580,MsPacman
3,576,584,MsPacman
3,580,588,MsPacman
3,584,592,MsPacman
3,588,596,MsPacman
3,592,600,MsPacman
3,596,604,MsPacman
3,600,608,MsPacman
3,604,612,MsPacman
3,608,616,MsPacman
3,612,620,MsPacman
3,616,624,MsPacman
3,620,628,MsPacman
3,624,632,MsPacman
3,628,636,MsPacman
3,632,640,MsPacman
3,636,644,MsPacman
3,640,648,MsPacman
3,644,652,MsPacman
3,648,656,MsPacman
3,652,660,MsPacman
3,656,664,MsPacman
3,660,668,MsPacman
3,664,672,MsPacman
3,668,676,MsPacman
3,672,680,MsPacman
3,676,684,MsPacman
3,680,688,MsPacman
3,684,692,MsPacman
3,688,696,MsPacman
3,692,700,MsPacman
3,696,704,MsPacman
3,700,708,MsPacman
3,704,712,MsPacman
3,708,716,MsPacman
3,712,720,MsPacman
3,716,724,MsPacman
3,720,728,MsPacman
3,724,732,MsPacman
3,728,736,MsPacman
3,732,740,MsPacman
3,736,744,MsPacman
3,740,748,MsPacman
3,744,752,MsPacman
3,748,756,MsPacman
3,752,760,MsPacman
3,756,764,MsPacman
3,760,768,MsPacman
3,764,772,MsPacman
3,768,776,MsPacman
3,772,780,MsPacman
4,0,8,MsPacman
4,4,12,MsPacman
4,8,16,MsPacman
4,12,20,MsPacman
4,16,24,MsPacman
4,20,28,MsPacman
4,24,32,MsPacman
4,28,36,MsPacman
4,32,40,MsPacman
4,36,44,MsPacman
4,40,48,MsPacman
4,44,52,MsPacman
4,48,56,MsPacman
4,52,60,MsPacman
4,56,64,MsPacman
4,60,68,MsPacman
4,64,72,MsPacman
4,68,76,MsPacman
4,72,80,MsPacman
4,76,84,MsPacman
4,80,88,MsPacman
4,84,92,MsPacman
4,88,96,MsPacman
4,92,100,MsPacman
4,96,104,MsPacman
4,100,108,MsPacman
4,104,112,MsPacman
4,108,116,MsPacman
4,112,120,MsPacman
4,116,124,MsPacman
4,120,128,MsPacman
4,124,132,MsPacman
4,128,136,MsPacman
4,132,140,MsPacman
4,136,144,MsPacman
4,140,148,MsPacman
4,144,152,MsPacman
4,148,156,MsPacman
4,152,160,MsPacman
4,156,164,MsPacman
4,160,168,MsPacman
4,164,172,MsPacman
4,168,176,MsPacman
4,172,180,MsPacman
4,176,184,MsPacman
4,180,188,MsPacman
4,184,192,MsPacman
4,188,196,MsPacman
4,192,200,MsPacman
4,196,204,MsPacman
4,200,208,MsPacman
4,204,212,MsPacman
4,208,216,MsPacman
4,212,220,MsPacman
4,216,224,MsPacman
4,220,228,MsPacman
4,224,232,MsPacman
4,228,236,MsPacman
4,232,240,MsPacman
4,236,244,MsPacman
4,240,248,MsPacman
4,244,252,MsPacman
4,248,256,MsPacman
4,252,260,MsPacman
4,256,264,MsPacman
4,260,268,MsPacman
4,264,272,MsPacman
4,268,276,MsPacman
4,272,280,MsPacman
4,276,284,MsPacman
4,280,288,MsPacman
4,284,292,MsPacman
4,288,296,MsPacman
4,292,300,MsPacman
4,296,304,MsPacman
4,300,308,MsPacman
4,304,312,MsPacman
4,308,316,MsPacman
4,312,320,MsPacman
4,316,324,MsPacman
4,320,328,MsPacman
4,324,332,MsPacman
4,328,336,MsPacman
4,332,340,MsPacman
4,336,344,MsPacman
4,340,348,MsPacman
4,344,352,MsPacman
4,348,356,MsPacman
4,352,360,MsPacman
4,356,364,MsPacman
4,360,368,MsPacman
4,364,372,MsPacman
4,368,376,MsPacman
4,372,380,MsPacman
4,376,384,MsPacman
4,380,388,MsPacman
4,384,392,MsPacman
4,388,396,MsPacman
4,392,400,MsPacman
4,396,404,MsPacman
4,400,408,MsPacman
4,404,412,MsPacman
4,408,416,MsPacman
4,412,420,MsPacman
4,416,424,MsPacman
4,420,428,MsPacman
4,424,432,MsPacman
4,428,436,MsPacman
4,432,440,MsPacman
4,436,444,MsPacman
4,440,448,MsPacman
4,444,452,MsPacman
4,448,456,MsPacman
4,452,460,MsPacman
4,456,464,MsPacman
4,460,468,MsPacman
4,464,472,MsPacman
4,468,476,MsPacman
4,472,480,MsPacman
4,476,484,MsPacman
4,480,488,MsPacman
4,484,492,MsPacman
4,488,496,MsPacman
4,492,500,MsPacman
4,496,504,MsPacman
4,500,508,MsPacman
4,504,512,MsPacman
4,508,516,MsPacman
4,512,520,MsPacman
4,516,524,MsPacman
4,520,528,MsPacman
4,524,532,MsPacman
4,528,536,MsPacman
4,532,540,MsPacman
4,536,544,MsPacman
4,540,548,MsPacman
4,544,552,MsPacman
4,548,556,MsPacman
4,552,560,MsPacman
4,556,564,MsPacman
4,560,568,MsPacman
4,564,572,MsPacman
4,568,576,MsPacman
4,572,580,MsPacman
4,576,584,MsPacman
4,580,588,MsPacman
4,584,592,MsPacman
4,588,596,MsPacman
4,592,600,MsPacman
4,596,604,MsPacman
4,600,608,MsPacman
4,604,612,MsPacman
4,608,616,MsPacman
4,612,620,MsPacman
4,616,624,MsPacman
4,620,628,MsPacman
4,624,632,MsPacman
4,628,636,MsPacman
4,632,640,MsPacman
4,636,644,MsPacman
4,640,648,MsPacman
4,644,652,MsPacman
4,648,656,MsPacman
4,652,660,MsPacman
4,656,664,MsPacman
4,660,668,MsPacman
4,664,672,MsPacman
4,668,676,MsPacman
4,672,680,MsPacman
4,676,684,MsPacman
4,680,688,MsPacman
4,684,692,MsPacman
4,688,696,MsPacman
4,692,700,MsPacman
4,696,704,MsPacman
4,700,708,MsPacman
4,704,712,MsPacman
4,708,716,MsPacman
4,712,720,MsPacman
4,716,724,MsPacman
4,720,728,MsPacman
4,724,732,MsPacman
4,728,736,MsPacman
4,732,740,MsPacman
4,736,744,MsPacman
4,740,748,MsPacman
4,744,752,MsPacman
4,748,756,MsPacman
4,752,760,MsPacman
4,756,764,MsPacman
4,760,768,MsPacman
4,764,772,MsPacman
4,768,776,MsPacman
4,772,780,MsPacman
4,776,784,MsPacman
4,780,788,MsPacman
4,784,792,MsPacman
4,788,796,MsPacman
4,792,800,MsPacman
4,796,804,MsPacman
4,800,808,MsPacman
4,804,812,MsPacman
4,808,816,MsPacman
4,812,820,MsPacman
4,816,824,MsPacman
4,820,828,MsPacman
4,824,832,MsPacman
4,828,836,MsPacman
4,832,840,MsPacman
4,836,844,MsPacman
4,840,848,MsPacman
4,844,852,MsPacman
4,848,856,MsPacman
4,852,860,MsPacman
4,856,864,MsPacman
4,860,868,MsPacman
4,864,872,MsPacman
4,868,876,MsPacman
4,872,880,MsPacman
4,876,884,MsPacman
4,880,888,MsPacman
4,884,892,MsPacman
4,888,896,MsPacman
4,892,900,MsPacman
4,896,904,MsPacman
4,900,908,MsPacman
4,904,912,MsPacman
4,908,916,MsPacman
4,912,920,MsPacman
4,916,924,MsPacman
4,920,928,MsPacman
4,924,932,MsPacman
4,928,936,MsPacman
4,932,940,MsPacman
4,936,944,MsPacman
4,940,948,MsPacman
4,944,952,MsPacman
4,948,956,MsPacman
4,952,960,MsPacman
4,956,964,MsPacman
4,960,968,MsPacman
4,964,972,MsPacman
4,968,976,MsPacman
4,972,980,MsPacman
4,976,984,MsPacman
4,980,988,MsPacman
4,984,992,MsPacman
4,988,996,MsPacman
4,992,1000,MsPacman
4,996,1004,MsPacman
4,1000,1008,MsPacman
4,1004,1012,MsPacman
4,1008,1016,MsPacman
4,1012,1020,MsPacman
4,1016,1024,MsPacman
4,1020,1028,MsPacman
4,1024,1032,MsPacman
4,1028,1036,MsPacman
4,1032,1040,MsPacman
4,1036,1044,MsPacman
4,1040,1048,MsPacman
4,1044,1052,MsPacman
4,1048,1056,MsPacman
4,1052,1060,MsPacman
4,1056,1064,MsPacman
4,1060,1068,MsPacman
4,1064,1072,MsPacman
4,1068,1076,MsPacman
4,1072,1080,MsPacman
4,1076,1084,MsPacman
4,1080,1088,MsPacman
4,1084,1092,MsPacman
4,1088,1096,MsPacman
4,1092,1100,MsPacman
4,1096,1104,MsPacman
4,1100,1108,MsPacman
4,1104,1112,MsPacman
4,1108,1116,MsPacman
4,1112,1120,MsPacman
4,1116,1124,MsPacman
4,1120,1128,MsPacman
4,1124,1132,MsPacman
