Episode index,Start index,End index,Environment
0,0,8,Robotank
0,4,12,Robotank
0,8,16,Robotank
0,12,20,Robotank
0,16,24,Robotank
0,20,28,Robotank
0,24,32,Robotank
0,28,36,Robotank
0,32,40,Robotank
0,36,44,Robotank
0,40,48,Robotank
0,44,52,Robotank
0,48,56,Robotank
0,52,60,Robotank
0,56,64,Robotank
0,60,68,Robotank
0,64,72,Robotank
0,68,76,Robotank
0,72,80,Robotank
0,76,84,Robotank
0,80,88,Robotank
0,84,92,Robotank
0,88,96,Robotank
0,92,100,Robotank
0,96,104,Robotank
0,100,108,Robotank
0,104,112,Robotank
0,108,116,Robotank
0,112,120,Robotank
0,116,124,Robotank
0,120,128,Robotank
0,124,132,Robotank
0,128,136,Robotank
0,132,140,Robotank
0,136,144,Robotank
0,140,148,Robotank
0,144,152,Robotank
0,148,156,Robotank
0,152,160,Robotank
0,156,164,Robotank
0,160,168,Robotank
0,164,172,Robotank
0,168,176,Robotank
0,172,180,Robotank
0,176,184,Robotank
0,180,188,Robotank
0,184,192,Robotank
0,188,196,Robotank
0,192,200,Robotank
0,196,204,Robotank
0,200,208,Robotank
0,204,212,Robotank
0,208,216,Robotank
0,212,220,Robotank
0,216,224,Robotank
0,220,228,Robotank
0,224,232,Robotank
0,228,236,Robotank
0,232,240,Robotank
0,236,244,Robotank
0,240,248,Robotank
0,244,252,Robotank
0,248,256,Robotank
0,252,260,Robotank
0,256,264,Robotank
0,260,268,Robotank
0,264,272,Robotank
0,268,276,Robotank
0,272,280,Robotank
0,276,284,Robotank
0,280,288,Robotank
0,284,292,Robotank
0,288,296,Robotank
0,292,300,Robotank
0,296,304,Robotank
0,300,308,Robotank
0,304,312,Robotank
0,308,316,Robotank
0,312,320,Robotank
0,316,324,Robotank
0,320,328,Robotank
0,324,332,Robotank
0,328,336,Robotank
0,332,340,Robotank
0,336,344,Robotank
0,340,348,Robotank
0,344,352,Robotank
0,348,356,Robotank
0,352,360,Robotank
0,356,364,Robotank
0,360,368,Robotank
0,364,372,Robotank
0,368,376,Robotank
0,372,380,Robotank
0,376,384,Robotank
0,380,388,Robotank
0,384,392,Robotank
0,388,396,Robotank
0,392,400,Robotank
0,396,404,Robotank
0,400,408,Robotank
0,404,412,Robotank
0,408,416,Robotank
0,412,420,Robotank
0,416,424,Robotank
0,420,428,Robotank
0,424,432,Robotank
0,428,436,Robotank
0,432,440,Robotank
0,436,444,Robotank
0,440,448,Robotank
0,444,452,Robotank
0,448,456,Robotank
0,452,460,Robotank
0,456,464,Robotank
0,460,468,Robotank
0,464,472,Robotank
0,468,476,Robotank
0,472,480,Robotank
0,476,484,Robotank
0,480,488,Robotank
0,484,492,Robotank
0,488,496,Robotank
0,492,500,Robotank
0,496,504,Robotank
0,500,508,Robotank
0,504,512,Robotank
0,508,516,Robotank
0,512,520,Robotank
0,516,524,Robotank
0,520,528,Robotank
0,524,532,Robotank
0,528,536,Robotank
0,532,540,Robotank
0,536,544,Robotank
0,540,548,Robotank
0,544,552,Robotank
0,548,556,Robotank
0,552,560,Robotank
0,556,564,Robotank
0,560,568,Robotank
0,564,572,Robotank
0,568,576,Robotank
0,572,580,Robotank
0,576,584,Robotank
0,580,588,Robotank
0,584,592,Robotank
0,588,596,Robotank
0,592,600,Robotank
0,596,604,Robotank
0,600,608,Robotank
0,604,612,Robotank
0,608,616,Robotank
0,612,620,Robotank
0,616,624,Robotank
0,620,628,Robotank
0,624,632,Robotank
0,628,636,Robotank
0,632,640,Robotank
0,636,644,Robotank
0,640,648,Robotank
0,644,652,Robotank
0,648,656,Robotank
0,652,660,Robotank
0,656,664,Robotank
0,660,668,Robotank
0,664,672,Robotank
0,668,676,Robotank
0,672,680,Robotank
0,676,684,Robotank
0,680,688,Robotank
0,684,692,Robotank
0,688,696,Robotank
0,692,700,Robotank
0,696,704,Robotank
0,700,708,Robotank
0,704,712,Robotank
0,708,716,Robotank
0,712,720,Robotank
0,716,724,Robotank
0,720,728,Robotank
0,724,732,Robotank
0,728,736,Robotank
0,732,740,Robotank
0,736,744,Robotank
0,740,748,Robotank
0,744,752,Robotank
0,748,756,Robotank
0,752,760,Robotank
0,756,764,Robotank
0,760,768,Robotank
0,764,772,Robotank
0,768,776,Robotank
0,772,780,Robotank
0,776,784,Robotank
0,780,788,Robotank
0,784,792,Robotank
0,788,796,Robotank
0,792,800,Robotank
0,796,804,Robotank
0,800,808,Robotank
0,804,812,Robotank
0,808,816,Robotank
0,812,820,Robotank
0,816,824,Robotank
0,820,828,Robotank
0,824,832,Robotank
0,828,836,Robotank
0,832,840,Robotank
0,836,844,Robotank
0,840,848,Robotank
0,844,852,Robotank
0,848,856,Robotank
0,852,860,Robotank
0,856,864,Robotank
0,860,868,Robotank
0,864,872,Robotank
0,868,876,Robotank
0,872,880,Robotank
0,876,884,Robotank
0,880,888,Robotank
0,884,892,Robotank
0,888,896,Robotank
0,892,900,Robotank
0,896,904,Robotank
0,900,908,Robotank
0,904,912,Robotank
0,908,916,Robotank
0,912,920,Robotank
0,916,924,Robotank
0,920,928,Robotank
0,924,932,Robotank
0,928,936,Robotank
0,932,940,Robotank
0,936,944,Robotank
0,940,948,Robotank
0,944,952,Robotank
0,948,956,Robotank
0,952,960,Robotank
0,956,964,Robotank
0,960,968,Robotank
0,964,972,Robotank
0,968,976,Robotank
0,972,980,Robotank
0,976,984,Robotank
0,980,988,Robotank
0,984,992,Robotank
0,988,996,Robotank
0,992,1000,Robotank
0,996,1004,Robotank
0,1000,1008,Robotank
0,1004,1012,Robotank
0,1008,1016,Robotank
0,1012,1020,Robotank
0,1016,1024,Robotank
0,1020,1028,Robotank
0,1024,1032,Robotank
0,1028,1036,Robotank
0,1032,1040,Robotank
0,1036,1044,Robotank
0,1040,1048,Robotank
0,1044,1052,Robotank
0,1048,1056,Robotank
0,1052,1060,Robotank
0,1056,1064,Robotank
0,1060,1068,Robotank
0,1064,1072,Robotank
0,1068,1076,Robotank
0,1072,1080,Robotank
0,1076,1084,Robotank
0,1080,1088,Robotank
0,1084,1092,Robotank
0,1088,1096,Robotank
0,1092,1100,Robotank
0,1096,1104,Robotank
0,1100,1108,Robotank
0,1104,1112,Robotank
0,1108,1116,Robotank
0,1112,1120,Robotank
0,1116,1124,Robotank
0,1120,1128,Robotank
0,1124,1132,Robotank
0,1128,1136,Robotank
0,1132,1140,Robotank
0,1136,1144,Robotank
0,1140,1148,Robotank
0,1144,1152,Robotank
0,1148,1156,Robotank
0,1152,1160,Robotank
0,1156,1164,Robotank
0,1160,1168,Robotank
0,1164,1172,Robotank
0,1168,1176,Robotank
0,1172,1180,Robotank
0,1176,1184,Robotank
0,1180,1188,Robotank
0,1184,1192,Robotank
0,1188,1196,Robotank
0,1192,1200,Robotank
0,1196,1204,Robotank
0,1200,1208,Robotank
0,1204,1212,Robotank
0,1208,1216,Robotank
0,1212,1220,Robotank
0,1216,1224,Robotank
0,1220,1228,Robotank
0,1224,1232,Robotank
0,1228,1236,Robotank
0,1232,1240,Robotank
0,1236,1244,Robotank
0,1240,1248,Robotank
0,1244,1252,Robotank
0,1248,1256,Robotank
0,1252,1260,Robotank
0,1256,1264,Robotank
0,1260,1268,Robotank
0,1264,1272,Robotank
0,1268,1276,Robotank
0,1272,1280,Robotank
0,1276,1284,Robotank
0,1280,1288,Robotank
0,1284,1292,Robotank
0,1288,1296,Robotank
0,1292,1300,Robotank
0,1296,1304,Robotank
0,1300,1308,Robotank
0,1304,1312,Robotank
0,1308,1316,Robotank
0,1312,1320,Robotank
0,1316,1324,Robotank
0,1320,1328,Robotank
0,1324,1332,Robotank
0,1328,1336,Robotank
0,1332,1340,Robotank
0,1336,1344,Robotank
0,1340,1348,Robotank
0,1344,1352,Robotank
0,1348,1356,Robotank
0,1352,1360,Robotank
0,1356,1364,Robotank
0,1360,1368,Robotank
0,1364,1372,Robotank
0,1368,1376,Robotank
0,1372,1380,Robotank
0,1376,1384,Robotank
0,1380,1388,Robotank
0,1384,1392,Robotank
0,1388,1396,Robotank
0,1392,1400,Robotank
0,1396,1404,Robotank
0,1400,1408,Robotank
0,1404,1412,Robotank
0,1408,1416,Robotank
0,1412,1420,Robotank
0,1416,1424,Robotank
0,1420,1428,Robotank
0,1424,1432,Robotank
0,1428,1436,Robotank
0,1432,1440,Robotank
0,1436,1444,Robotank
0,1440,1448,Robotank
0,1444,1452,Robotank
0,1448,1456,Robotank
0,1452,1460,Robotank
0,1456,1464,Robotank
0,1460,1468,Robotank
0,1464,1472,Robotank
0,1468,1476,Robotank
0,1472,1480,Robotank
0,1476,1484,Robotank
0,1480,1488,Robotank
0,1484,1492,Robotank
0,1488,1496,Robotank
0,1492,1500,Robotank
0,1496,1504,Robotank
0,1500,1508,Robotank
0,1504,1512,Robotank
0,1508,1516,Robotank
0,1512,1520,Robotank
0,1516,1524,Robotank
0,1520,1528,Robotank
0,1524,1532,Robotank
0,1528,1536,Robotank
0,1532,1540,Robotank
0,1536,1544,Robotank
0,1540,1548,Robotank
0,1544,1552,Robotank
0,1548,1556,Robotank
0,1552,1560,Robotank
0,1556,1564,Robotank
0,1560,1568,Robotank
0,1564,1572,Robotank
0,1568,1576,Robotank
0,1572,1580,Robotank
0,1576,1584,Robotank
0,1580,1588,Robotank
0,1584,1592,Robotank
0,1588,1596,Robotank
0,1592,1600,Robotank
0,1596,1604,Robotank
0,1600,1608,Robotank
0,1604,1612,Robotank
0,1608,1616,Robotank
0,1612,1620,Robotank
0,1616,1624,Robotank
0,1620,1628,Robotank
0,1624,1632,Robotank
0,1628,1636,Robotank
0,1632,1640,Robotank
0,1636,1644,Robotank
0,1640,1648,Robotank
0,1644,1652,Robotank
0,1648,1656,Robotank
0,1652,1660,Robotank
0,1656,1664,Robotank
0,1660,1668,Robotank
0,1664,1672,Robotank
0,1668,1676,Robotank
0,1672,1680,Robotank
0,1676,1684,Robotank
0,1680,1688,Robotank
0,1684,1692,Robotank
0,1688,1696,Robotank
0,1692,1700,Robotank
0,1696,1704,Robotank
0,1700,1708,Robotank
0,1704,1712,Robotank
0,1708,1716,Robotank
0,1712,1720,Robotank
0,1716,1724,Robotank
0,1720,1728,Robotank
0,1724,1732,Robotank
0,1728,1736,Robotank
0,1732,1740,Robotank
0,1736,1744,Robotank
0,1740,1748,Robotank
0,1744,1752,Robotank
0,1748,1756,Robotank
0,1752,1760,Robotank
0,1756,1764,Robotank
0,1760,1768,Robotank
0,1764,1772,Robotank
0,1768,1776,Robotank
0,1772,1780,Robotank
0,1776,1784,Robotank
0,1780,1788,Robotank
0,1784,1792,Robotank
0,1788,1796,Robotank
0,1792,1800,Robotank
0,1796,1804,Robotank
0,1800,1808,Robotank
0,1804,1812,Robotank
0,1808,1816,Robotank
0,1812,1820,Robotank
0,1816,1824,Robotank
0,1820,1828,Robotank
0,1824,1832,Robotank
0,1828,1836,Robotank
0,1832,1840,Robotank
0,1836,1844,Robotank
0,1840,1848,Robotank
0,1844,1852,Robotank
0,1848,1856,Robotank
0,1852,1860,Robotank
0,1856,1864,Robotank
0,1860,1868,Robotank
0,1864,1872,Robotank
0,1868,1876,Robotank
0,1872,1880,Robotank
0,1876,1884,Robotank
0,1880,1888,Robotank
0,1884,1892,Robotank
0,1888,1896,Robotank
0,1892,1900,Robotank
0,1896,1904,Robotank
0,1900,1908,Robotank
0,1904,1912,Robotank
0,1908,1916,Robotank
0,1912,1920,Robotank
0,1916,1924,Robotank
0,1920,1928,Robotank
0,1924,1932,Robotank
0,1928,1936,Robotank
0,1932,1940,Robotank
0,1936,1944,Robotank
0,1940,1948,Robotank
0,1944,1952,Robotank
0,1948,1956,Robotank
0,1952,1960,Robotank
0,1956,1964,Robotank
0,1960,1968,Robotank
0,1964,1972,Robotank
0,1968,1976,Robotank
0,1972,1980,Robotank
0,1976,1984,Robotank
0,1980,1988,Robotank
0,1984,1992,Robotank
0,1988,1996,Robotank
0,1992,2000,Robotank
0,1996,2004,Robotank
0,2000,2008,Robotank
0,2004,2012,Robotank
0,2008,2016,Robotank
0,2012,2020,Robotank
0,2016,2024,Robotank
0,2020,2028,Robotank
0,2024,2032,Robotank
0,2028,2036,Robotank
0,2032,2040,Robotank
0,2036,2044,Robotank
0,2040,2048,Robotank
0,2044,2052,Robotank
0,2048,2056,Robotank
0,2052,2060,Robotank
0,2056,2064,Robotank
0,2060,2068,Robotank
0,2064,2072,Robotank
0,2068,2076,Robotank
0,2072,2080,Robotank
0,2076,2084,Robotank
0,2080,2088,Robotank
0,2084,2092,Robotank
0,2088,2096,Robotank
0,2092,2100,Robotank
0,2096,2104,Robotank
0,2100,2108,Robotank
0,2104,2112,Robotank
0,2108,2116,Robotank
0,2112,2120,Robotank
0,2116,2124,Robotank
0,2120,2128,Robotank
0,2124,2132,Robotank
0,2128,2136,Robotank
0,2132,2140,Robotank
0,2136,2144,Robotank
0,2140,2148,Robotank
0,2144,2152,Robotank
0,2148,2156,Robotank
0,2152,2160,Robotank
0,2156,2164,Robotank
0,2160,2168,Robotank
0,2164,2172,Robotank
0,2168,2176,Robotank
0,2172,2180,Robotank
0,2176,2184,Robotank
0,2180,2188,Robotank
0,2184,2192,Robotank
0,2188,2196,Robotank
0,2192,2200,Robotank
0,2196,2204,Robotank
0,2200,2208,Robotank
0,2204,2212,Robotank
0,2208,2216,Robotank
0,2212,2220,Robotank
0,2216,2224,Robotank
0,2220,2228,Robotank
0,2224,2232,Robotank
0,2228,2236,Robotank
0,2232,2240,Robotank
0,2236,2244,Robotank
0,2240,2248,Robotank
0,2244,2252,Robotank
0,2248,2256,Robotank
0,2252,2260,Robotank
0,2256,2264,Robotank
0,2260,2268,Robotank
0,2264,2272,Robotank
0,2268,2276,Robotank
0,2272,2280,Robotank
0,2276,2284,Robotank
0,2280,2288,Robotank
0,2284,2292,Robotank
0,2288,2296,Robotank
0,2292,2300,Robotank
0,2296,2304,Robotank
0,2300,2308,Robotank
0,2304,2312,Robotank
0,2308,2316,Robotank
0,2312,2320,Robotank
0,2316,2324,Robotank
0,2320,2328,Robotank
0,2324,2332,Robotank
0,2328,2336,Robotank
0,2332,2340,Robotank
0,2336,2344,Robotank
0,2340,2348,Robotank
0,2344,2352,Robotank
0,2348,2356,Robotank
0,2352,2360,Robotank
0,2356,2364,Robotank
0,2360,2368,Robotank
0,2364,2372,Robotank
0,2368,2376,Robotank
0,2372,2380,Robotank
0,2376,2384,Robotank
0,2380,2388,Robotank
0,2384,2392,Robotank
0,2388,2396,Robotank
0,2392,2400,Robotank
0,2396,2404,Robotank
0,2400,2408,Robotank
0,2404,2412,Robotank
0,2408,2416,Robotank
0,2412,2420,Robotank
0,2416,2424,Robotank
0,2420,2428,Robotank
0,2424,2432,Robotank
0,2428,2436,Robotank
0,2432,2440,Robotank
0,2436,2444,Robotank
0,2440,2448,Robotank
0,2444,2452,Robotank
0,2448,2456,Robotank
0,2452,2460,Robotank
0,2456,2464,Robotank
0,2460,2468,Robotank
0,2464,2472,Robotank
0,2468,2476,Robotank
0,2472,2480,Robotank
0,2476,2484,Robotank
0,2480,2488,Robotank
0,2484,2492,Robotank
0,2488,2496,Robotank
0,2492,2500,Robotank
0,2496,2504,Robotank
0,2500,2508,Robotank
0,2504,2512,Robotank
0,2508,2516,Robotank
0,2512,2520,Robotank
0,2516,2524,Robotank
0,2520,2528,Robotank
0,2524,2532,Robotank
0,2528,2536,Robotank
0,2532,2540,Robotank
0,2536,2544,Robotank
0,2540,2548,Robotank
0,2544,2552,Robotank
0,2548,2556,Robotank
0,2552,2560,Robotank
0,2556,2564,Robotank
0,2560,2568,Robotank
0,2564,2572,Robotank
0,2568,2576,Robotank
0,2572,2580,Robotank
0,2576,2584,Robotank
0,2580,2588,Robotank
0,2584,2592,Robotank
0,2588,2596,Robotank
0,2592,2600,Robotank
0,2596,2604,Robotank
0,2600,2608,Robotank
0,2604,2612,Robotank
0,2608,2616,Robotank
0,2612,2620,Robotank
0,2616,2624,Robotank
0,2620,2628,Robotank
0,2624,2632,Robotank
0,2628,2636,Robotank
0,2632,2640,Robotank
0,2636,2644,Robotank
0,2640,2648,Robotank
0,2644,2652,Robotank
0,2648,2656,Robotank
0,2652,2660,Robotank
0,2656,2664,Robotank
0,2660,2668,Robotank
0,2664,2672,Robotank
0,2668,2676,Robotank
0,2672,2680,Robotank
0,2676,2684,Robotank
0,2680,2688,Robotank
0,2684,2692,Robotank
0,2688,2696,Robotank
0,2692,2700,Robotank
0,2696,2704,Robotank
0,2700,2708,Robotank
0,2704,2712,Robotank
0,2708,2716,Robotank
0,2712,2720,Robotank
0,2716,2724,Robotank
0,2720,2728,Robotank
0,2724,2732,Robotank
0,2728,2736,Robotank
0,2732,2740,Robotank
0,2736,2744,Robotank
0,2740,2748,Robotank
0,2744,2752,Robotank
0,2748,2756,Robotank
0,2752,2760,Robotank
0,2756,2764,Robotank
0,2760,2768,Robotank
0,2764,2772,Robotank
0,2768,2776,Robotank
0,2772,2780,Robotank
0,2776,2784,Robotank
0,2780,2788,Robotank
0,2784,2792,Robotank
0,2788,2796,Robotank
0,2792,2800,Robotank
0,2796,2804,Robotank
0,2800,2808,Robotank
0,2804,2812,Robotank
0,2808,2816,Robotank
0,2812,2820,Robotank
0,2816,2824,Robotank
0,2820,2828,Robotank
0,2824,2832,Robotank
0,2828,2836,Robotank
0,2832,2840,Robotank
0,2836,2844,Robotank
0,2840,2848,Robotank
0,2844,2852,Robotank
0,2848,2856,Robotank
0,2852,2860,Robotank
0,2856,2864,Robotank
0,2860,2868,Robotank
0,2864,2872,Robotank
0,2868,2876,Robotank
0,2872,2880,Robotank
0,2876,2884,Robotank
0,2880,2888,Robotank
0,2884,2892,Robotank
0,2888,2896,Robotank
0,2892,2900,Robotank
0,2896,2904,Robotank
0,2900,2908,Robotank
0,2904,2912,Robotank
0,2908,2916,Robotank
0,2912,2920,Robotank
0,2916,2924,Robotank
0,2920,2928,Robotank
0,2924,2932,Robotank
0,2928,2936,Robotank
0,2932,2940,Robotank
0,2936,2944,Robotank
0,2940,2948,Robotank
0,2944,2952,Robotank
0,2948,2956,Robotank
0,2952,2960,Robotank
0,2956,2964,Robotank
0,2960,2968,Robotank
0,2964,2972,Robotank
0,2968,2976,Robotank
0,2972,2980,Robotank
0,2976,2984,Robotank
0,2980,2988,Robotank
0,2984,2992,Robotank
0,2988,2996,Robotank
0,2992,3000,Robotank
0,2996,3004,Robotank
0,3000,3008,Robotank
0,3004,3012,Robotank
0,3008,3016,Robotank
0,3012,3020,Robotank
0,3016,3024,Robotank
0,3020,3028,Robotank
0,3024,3032,Robotank
0,3028,3036,Robotank
0,3032,3040,Robotank
0,3036,3044,Robotank
0,3040,3048,Robotank
0,3044,3052,Robotank
0,3048,3056,Robotank
0,3052,3060,Robotank
0,3056,3064,Robotank
0,3060,3068,Robotank
0,3064,3072,Robotank
0,3068,3076,Robotank
0,3072,3080,Robotank
0,3076,3084,Robotank
0,3080,3088,Robotank
0,3084,3092,Robotank
0,3088,3096,Robotank
0,3092,3100,Robotank
0,3096,3104,Robotank
0,3100,3108,Robotank
0,3104,3112,Robotank
0,3108,3116,Robotank
0,3112,3120,Robotank
0,3116,3124,Robotank
0,3120,3128,Robotank
0,3124,3132,Robotank
0,3128,3136,Robotank
0,3132,3140,Robotank
0,3136,3144,Robotank
0,3140,3148,Robotank
0,3144,3152,Robotank
0,3148,3156,Robotank
0,3152,3160,Robotank
0,3156,3164,Robotank
0,3160,3168,Robotank
0,3164,3172,Robotank
0,3168,3176,Robotank
0,3172,3180,Robotank
0,3176,3184,Robotank
0,3180,3188,Robotank
0,3184,3192,Robotank
0,3188,3196,Robotank
0,3192,3200,Robotank
0,3196,3204,Robotank
0,3200,3208,Robotank
0,3204,3212,Robotank
0,3208,3216,Robotank
0,3212,3220,Robotank
0,3216,3224,Robotank
0,3220,3228,Robotank
0,3224,3232,Robotank
0,3228,3236,Robotank
0,3232,3240,Robotank
0,3236,3244,Robotank
0,3240,3248,Robotank
0,3244,3252,Robotank
0,3248,3256,Robotank
0,3252,3260,Robotank
0,3256,3264,Robotank
0,3260,3268,Robotank
0,3264,3272,Robotank
0,3268,3276,Robotank
0,3272,3280,Robotank
0,3276,3284,Robotank
0,3280,3288,Robotank
0,3284,3292,Robotank
0,3288,3296,Robotank
0,3292,3300,Robotank
0,3296,3304,Robotank
0,3300,3308,Robotank
0,3304,3312,Robotank
0,3308,3316,Robotank
0,3312,3320,Robotank
0,3316,3324,Robotank
0,3320,3328,Robotank
0,3324,3332,Robotank
0,3328,3336,Robotank
0,3332,3340,Robotank
0,3336,3344,Robotank
0,3340,3348,Robotank
0,3344,3352,Robotank
0,3348,3356,Robotank
0,3352,3360,Robotank
0,3356,3364,Robotank
0,3360,3368,Robotank
0,3364,3372,Robotank
0,3368,3376,Robotank
0,3372,3380,Robotank
0,3376,3384,Robotank
0,3380,3388,Robotank
0,3384,3392,Robotank
0,3388,3396,Robotank
0,3392,3400,Robotank
0,3396,3404,Robotank
0,3400,3408,Robotank
0,3404,3412,Robotank
0,3408,3416,Robotank
0,3412,3420,Robotank
0,3416,3424,Robotank
0,3420,3428,Robotank
0,3424,3432,Robotank
0,3428,3436,Robotank
0,3432,3440,Robotank
0,3436,3444,Robotank
0,3440,3448,Robotank
0,3444,3452,Robotank
0,3448,3456,Robotank
0,3452,3460,Robotank
0,3456,3464,Robotank
0,3460,3468,Robotank
0,3464,3472,Robotank
0,3468,3476,Robotank
0,3472,3480,Robotank
0,3476,3484,Robotank
0,3480,3488,Robotank
0,3484,3492,Robotank
0,3488,3496,Robotank
0,3492,3500,Robotank
0,3496,3504,Robotank
0,3500,3508,Robotank
0,3504,3512,Robotank
0,3508,3516,Robotank
0,3512,3520,Robotank
0,3516,3524,Robotank
0,3520,3528,Robotank
0,3524,3532,Robotank
0,3528,3536,Robotank
0,3532,3540,Robotank
0,3536,3544,Robotank
0,3540,3548,Robotank
0,3544,3552,Robotank
0,3548,3556,Robotank
0,3552,3560,Robotank
0,3556,3564,Robotank
0,3560,3568,Robotank
0,3564,3572,Robotank
0,3568,3576,Robotank
0,3572,3580,Robotank
0,3576,3584,Robotank
0,3580,3588,Robotank
0,3584,3592,Robotank
0,3588,3596,Robotank
0,3592,3600,Robotank
0,3596,3604,Robotank
0,3600,3608,Robotank
0,3604,3612,Robotank
0,3608,3616,Robotank
0,3612,3620,Robotank
0,3616,3624,Robotank
0,3620,3628,Robotank
0,3624,3632,Robotank
0,3628,3636,Robotank
0,3632,3640,Robotank
0,3636,3644,Robotank
0,3640,3648,Robotank
0,3644,3652,Robotank
0,3648,3656,Robotank
0,3652,3660,Robotank
0,3656,3664,Robotank
0,3660,3668,Robotank
0,3664,3672,Robotank
0,3668,3676,Robotank
0,3672,3680,Robotank
0,3676,3684,Robotank
0,3680,3688,Robotank
0,3684,3692,Robotank
0,3688,3696,Robotank
0,3692,3700,Robotank
0,3696,3704,Robotank
0,3700,3708,Robotank
0,3704,3712,Robotank
0,3708,3716,Robotank
0,3712,3720,Robotank
0,3716,3724,Robotank
0,3720,3728,Robotank
0,3724,3732,Robotank
0,3728,3736,Robotank
0,3732,3740,Robotank
0,3736,3744,Robotank
0,3740,3748,Robotank
0,3744,3752,Robotank
0,3748,3756,Robotank
0,3752,3760,Robotank
0,3756,3764,Robotank
0,3760,3768,Robotank
0,3764,3772,Robotank
0,3768,3776,Robotank
0,3772,3780,Robotank
0,3776,3784,Robotank
0,3780,3788,Robotank
0,3784,3792,Robotank
0,3788,3796,Robotank
0,3792,3800,Robotank
0,3796,3804,Robotank
0,3800,3808,Robotank
0,3804,3812,Robotank
0,3808,3816,Robotank
0,3812,3820,Robotank
0,3816,3824,Robotank
0,3820,3828,Robotank
0,3824,3832,Robotank
0,3828,3836,Robotank
0,3832,3840,Robotank
0,3836,3844,Robotank
0,3840,3848,Robotank
0,3844,3852,Robotank
0,3848,3856,Robotank
0,3852,3860,Robotank
0,3856,3864,Robotank
0,3860,3868,Robotank
0,3864,3872,Robotank
0,3868,3876,Robotank
0,3872,3880,Robotank
0,3876,3884,Robotank
0,3880,3888,Robotank
0,3884,3892,Robotank
0,3888,3896,Robotank
0,3892,3900,Robotank
0,3896,3904,Robotank
0,3900,3908,Robotank
0,3904,3912,Robotank
0,3908,3916,Robotank
0,3912,3920,Robotank
0,3916,3924,Robotank
0,3920,3928,Robotank
0,3924,3932,Robotank
0,3928,3936,Robotank
0,3932,3940,Robotank
0,3936,3944,Robotank
0,3940,3948,Robotank
0,3944,3952,Robotank
0,3948,3956,Robotank
0,3952,3960,Robotank
0,3956,3964,Robotank
0,3960,3968,Robotank
0,3964,3972,Robotank
0,3968,3976,Robotank
0,3972,3980,Robotank
0,3976,3984,Robotank
0,3980,3988,Robotank
0,3984,3992,Robotank
0,3988,3996,Robotank
0,3992,4000,Robotank
0,3996,4004,Robotank
0,4000,4008,Robotank
0,4004,4012,Robotank
0,4008,4016,Robotank
0,4012,4020,Robotank
0,4016,4024,Robotank
0,4020,4028,Robotank
0,4024,4032,Robotank
0,4028,4036,Robotank
0,4032,4040,Robotank
0,4036,4044,Robotank
0,4040,4048,Robotank
0,4044,4052,Robotank
0,4048,4056,Robotank
0,4052,4060,Robotank
0,4056,4064,Robotank
0,4060,4068,Robotank
0,4064,4072,Robotank
0,4068,4076,Robotank
0,4072,4080,Robotank
0,4076,4084,Robotank
0,4080,4088,Robotank
0,4084,4092,Robotank
0,4088,4096,Robotank
0,4092,4100,Robotank
0,4096,4104,Robotank
0,4100,4108,Robotank
0,4104,4112,Robotank
0,4108,4116,Robotank
0,4112,4120,Robotank
0,4116,4124,Robotank
0,4120,4128,Robotank
0,4124,4132,Robotank
0,4128,4136,Robotank
0,4132,4140,Robotank
0,4136,4144,Robotank
0,4140,4148,Robotank
0,4144,4152,Robotank
0,4148,4156,Robotank
0,4152,4160,Robotank
0,4156,4164,Robotank
0,4160,4168,Robotank
0,4164,4172,Robotank
0,4168,4176,Robotank
0,4172,4180,Robotank
0,4176,4184,Robotank
0,4180,4188,Robotank
0,4184,4192,Robotank
0,4188,4196,Robotank
0,4192,4200,Robotank
0,4196,4204,Robotank
0,4200,4208,Robotank
0,4204,4212,Robotank
0,4208,4216,Robotank
0,4212,4220,Robotank
0,4216,4224,Robotank
0,4220,4228,Robotank
0,4224,4232,Robotank
0,4228,4236,Robotank
0,4232,4240,Robotank
0,4236,4244,Robotank
0,4240,4248,Robotank
0,4244,4252,Robotank
0,4248,4256,Robotank
0,4252,4260,Robotank
0,4256,4264,Robotank
0,4260,4268,Robotank
0,4264,4272,Robotank
0,4268,4276,Robotank
0,4272,4280,Robotank
0,4276,4284,Robotank
0,4280,4288,Robotank
0,4284,4292,Robotank
0,4288,4296,Robotank
0,4292,4300,Robotank
0,4296,4304,Robotank
0,4300,4308,Robotank
0,4304,4312,Robotank
0,4308,4316,Robotank
0,4312,4320,Robotank
0,4316,4324,Robotank
0,4320,4328,Robotank
0,4324,4332,Robotank
0,4328,4336,Robotank
0,4332,4340,Robotank
0,4336,4344,Robotank
0,4340,4348,Robotank
0,4344,4352,Robotank
0,4348,4356,Robotank
0,4352,4360,Robotank
0,4356,4364,Robotank
0,4360,4368,Robotank
0,4364,4372,Robotank
0,4368,4376,Robotank
0,4372,4380,Robotank
0,4376,4384,Robotank
0,4380,4388,Robotank
0,4384,4392,Robotank
0,4388,4396,Robotank
0,4392,4400,Robotank
0,4396,4404,Robotank
0,4400,4408,Robotank
0,4404,4412,Robotank
0,4408,4416,Robotank
0,4412,4420,Robotank
0,4416,4424,Robotank
0,4420,4428,Robotank
0,4424,4432,Robotank
0,4428,4436,Robotank
0,4432,4440,Robotank
0,4436,4444,Robotank
0,4440,4448,Robotank
0,4444,4452,Robotank
0,4448,4456,Robotank
0,4452,4460,Robotank
0,4456,4464,Robotank
0,4460,4468,Robotank
0,4464,4472,Robotank
0,4468,4476,Robotank
0,4472,4480,Robotank
0,4476,4484,Robotank
0,4480,4488,Robotank
0,4484,4492,Robotank
0,4488,4496,Robotank
0,4492,4500,Robotank
0,4496,4504,Robotank
0,4500,4508,Robotank
0,4504,4512,Robotank
0,4508,4516,Robotank
0,4512,4520,Robotank
0,4516,4524,Robotank
0,4520,4528,Robotank
0,4524,4532,Robotank
0,4528,4536,Robotank
0,4532,4540,Robotank
0,4536,4544,Robotank
0,4540,4548,Robotank
0,4544,4552,Robotank
0,4548,4556,Robotank
0,4552,4560,Robotank
0,4556,4564,Robotank
0,4560,4568,Robotank
0,4564,4572,Robotank
0,4568,4576,Robotank
0,4572,4580,Robotank
0,4576,4584,Robotank
0,4580,4588,Robotank
0,4584,4592,Robotank
0,4588,4596,Robotank
0,4592,4600,Robotank
0,4596,4604,Robotank
0,4600,4608,Robotank
0,4604,4612,Robotank
0,4608,4616,Robotank
0,4612,4620,Robotank
0,4616,4624,Robotank
0,4620,4628,Robotank
0,4624,4632,Robotank
0,4628,4636,Robotank
0,4632,4640,Robotank
0,4636,4644,Robotank
0,4640,4648,Robotank
0,4644,4652,Robotank
0,4648,4656,Robotank
0,4652,4660,Robotank
0,4656,4664,Robotank
0,4660,4668,Robotank
0,4664,4672,Robotank
0,4668,4676,Robotank
0,4672,4680,Robotank
0,4676,4684,Robotank
0,4680,4688,Robotank
0,4684,4692,Robotank
0,4688,4696,Robotank
0,4692,4700,Robotank
0,4696,4704,Robotank
0,4700,4708,Robotank
0,4704,4712,Robotank
0,4708,4716,Robotank
0,4712,4720,Robotank
0,4716,4724,Robotank
0,4720,4728,Robotank
0,4724,4732,Robotank
0,4728,4736,Robotank
0,4732,4740,Robotank
0,4736,4744,Robotank
0,4740,4748,Robotank
0,4744,4752,Robotank
0,4748,4756,Robotank
0,4752,4760,Robotank
0,4756,4764,Robotank
0,4760,4768,Robotank
0,4764,4772,Robotank
0,4768,4776,Robotank
0,4772,4780,Robotank
0,4776,4784,Robotank
0,4780,4788,Robotank
0,4784,4792,Robotank
0,4788,4796,Robotank
0,4792,4800,Robotank
0,4796,4804,Robotank
0,4800,4808,Robotank
0,4804,4812,Robotank
0,4808,4816,Robotank
0,4812,4820,Robotank
0,4816,4824,Robotank
0,4820,4828,Robotank
0,4824,4832,Robotank
0,4828,4836,Robotank
0,4832,4840,Robotank
0,4836,4844,Robotank
0,4840,4848,Robotank
0,4844,4852,Robotank
0,4848,4856,Robotank
0,4852,4860,Robotank
0,4856,4864,Robotank
0,4860,4868,Robotank
0,4864,4872,Robotank
0,4868,4876,Robotank
0,4872,4880,Robotank
0,4876,4884,Robotank
0,4880,4888,Robotank
0,4884,4892,Robotank
0,4888,4896,Robotank
0,4892,4900,Robotank
0,4896,4904,Robotank
0,4900,4908,Robotank
0,4904,4912,Robotank
0,4908,4916,Robotank
0,4912,4920,Robotank
0,4916,4924,Robotank
0,4920,4928,Robotank
0,4924,4932,Robotank
0,4928,4936,Robotank
0,4932,4940,Robotank
0,4936,4944,Robotank
0,4940,4948,Robotank
0,4944,4952,Robotank
0,4948,4956,Robotank
0,4952,4960,Robotank
0,4956,4964,Robotank
0,4960,4968,Robotank
0,4964,4972,Robotank
0,4968,4976,Robotank
0,4972,4980,Robotank
0,4976,4984,Robotank
0,4980,4988,Robotank
0,4984,4992,Robotank
0,4988,4996,Robotank
0,4992,5000,Robotank
0,4996,5004,Robotank
0,5000,5008,Robotank
0,5004,5012,Robotank
0,5008,5016,Robotank
0,5012,5020,Robotank
0,5016,5024,Robotank
0,5020,5028,Robotank
0,5024,5032,Robotank
0,5028,5036,Robotank
0,5032,5040,Robotank
0,5036,5044,Robotank
0,5040,5048,Robotank
0,5044,5052,Robotank
0,5048,5056,Robotank
0,5052,5060,Robotank
0,5056,5064,Robotank
0,5060,5068,Robotank
0,5064,5072,Robotank
0,5068,5076,Robotank
0,5072,5080,Robotank
0,5076,5084,Robotank
0,5080,5088,Robotank
0,5084,5092,Robotank
0,5088,5096,Robotank
0,5092,5100,Robotank
0,5096,5104,Robotank
0,5100,5108,Robotank
0,5104,5112,Robotank
0,5108,5116,Robotank
0,5112,5120,Robotank
0,5116,5124,Robotank
0,5120,5128,Robotank
0,5124,5132,Robotank
0,5128,5136,Robotank
0,5132,5140,Robotank
0,5136,5144,Robotank
0,5140,5148,Robotank
0,5144,5152,Robotank
0,5148,5156,Robotank
0,5152,5160,Robotank
0,5156,5164,Robotank
0,5160,5168,Robotank
0,5164,5172,Robotank
0,5168,5176,Robotank
0,5172,5180,Robotank
0,5176,5184,Robotank
0,5180,5188,Robotank
0,5184,5192,Robotank
0,5188,5196,Robotank
0,5192,5200,Robotank
0,5196,5204,Robotank
0,5200,5208,Robotank
0,5204,5212,Robotank
0,5208,5216,Robotank
0,5212,5220,Robotank
0,5216,5224,Robotank
0,5220,5228,Robotank
0,5224,5232,Robotank
0,5228,5236,Robotank
0,5232,5240,Robotank
0,5236,5244,Robotank
0,5240,5248,Robotank
0,5244,5252,Robotank
0,5248,5256,Robotank
0,5252,5260,Robotank
0,5256,5264,Robotank
0,5260,5268,Robotank
0,5264,5272,Robotank
0,5268,5276,Robotank
0,5272,5280,Robotank
0,5276,5284,Robotank
0,5280,5288,Robotank
0,5284,5292,Robotank
0,5288,5296,Robotank
0,5292,5300,Robotank
0,5296,5304,Robotank
0,5300,5308,Robotank
0,5304,5312,Robotank
0,5308,5316,Robotank
0,5312,5320,Robotank
0,5316,5324,Robotank
0,5320,5328,Robotank
0,5324,5332,Robotank
0,5328,5336,Robotank
0,5332,5340,Robotank
0,5336,5344,Robotank
0,5340,5348,Robotank
0,5344,5352,Robotank
0,5348,5356,Robotank
0,5352,5360,Robotank
0,5356,5364,Robotank
0,5360,5368,Robotank
0,5364,5372,Robotank
0,5368,5376,Robotank
0,5372,5380,Robotank
0,5376,5384,Robotank
0,5380,5388,Robotank
0,5384,5392,Robotank
0,5388,5396,Robotank
0,5392,5400,Robotank
0,5396,5404,Robotank
0,5400,5408,Robotank
0,5404,5412,Robotank
0,5408,5416,Robotank
0,5412,5420,Robotank
0,5416,5424,Robotank
0,5420,5428,Robotank
0,5424,5432,Robotank
0,5428,5436,Robotank
0,5432,5440,Robotank
0,5436,5444,Robotank
0,5440,5448,Robotank
0,5444,5452,Robotank
0,5448,5456,Robotank
0,5452,5460,Robotank
0,5456,5464,Robotank
0,5460,5468,Robotank
0,5464,5472,Robotank
0,5468,5476,Robotank
0,5472,5480,Robotank
0,5476,5484,Robotank
0,5480,5488,Robotank
0,5484,5492,Robotank
0,5488,5496,Robotank
0,5492,5500,Robotank
0,5496,5504,Robotank
0,5500,5508,Robotank
0,5504,5512,Robotank
0,5508,5516,Robotank
0,5512,5520,Robotank
0,5516,5524,Robotank
0,5520,5528,Robotank
0,5524,5532,Robotank
0,5528,5536,Robotank
0,5532,5540,Robotank
0,5536,5544,Robotank
0,5540,5548,Robotank
0,5544,5552,Robotank
0,5548,5556,Robotank
0,5552,5560,Robotank
0,5556,5564,Robotank
0,5560,5568,Robotank
0,5564,5572,Robotank
0,5568,5576,Robotank
0,5572,5580,Robotank
0,5576,5584,Robotank
0,5580,5588,Robotank
0,5584,5592,Robotank
0,5588,5596,Robotank
0,5592,5600,Robotank
0,5596,5604,Robotank
0,5600,5608,Robotank
0,5604,5612,Robotank
0,5608,5616,Robotank
0,5612,5620,Robotank
0,5616,5624,Robotank
0,5620,5628,Robotank
0,5624,5632,Robotank
0,5628,5636,Robotank
0,5632,5640,Robotank
0,5636,5644,Robotank
0,5640,5648,Robotank
0,5644,5652,Robotank
0,5648,5656,Robotank
0,5652,5660,Robotank
0,5656,5664,Robotank
0,5660,5668,Robotank
0,5664,5672,Robotank
0,5668,5676,Robotank
0,5672,5680,Robotank
0,5676,5684,Robotank
0,5680,5688,Robotank
0,5684,5692,Robotank
0,5688,5696,Robotank
0,5692,5700,Robotank
0,5696,5704,Robotank
0,5700,5708,Robotank
0,5704,5712,Robotank
0,5708,5716,Robotank
0,5712,5720,Robotank
0,5716,5724,Robotank
0,5720,5728,Robotank
0,5724,5732,Robotank
0,5728,5736,Robotank
0,5732,5740,Robotank
0,5736,5744,Robotank
0,5740,5748,Robotank
0,5744,5752,Robotank
0,5748,5756,Robotank
0,5752,5760,Robotank
0,5756,5764,Robotank
0,5760,5768,Robotank
0,5764,5772,Robotank
0,5768,5776,Robotank
0,5772,5780,Robotank
0,5776,5784,Robotank
0,5780,5788,Robotank
0,5784,5792,Robotank
0,5788,5796,Robotank
0,5792,5800,Robotank
0,5796,5804,Robotank
0,5800,5808,Robotank
0,5804,5812,Robotank
0,5808,5816,Robotank
0,5812,5820,Robotank
0,5816,5824,Robotank
0,5820,5828,Robotank
0,5824,5832,Robotank
0,5828,5836,Robotank
0,5832,5840,Robotank
0,5836,5844,Robotank
0,5840,5848,Robotank
0,5844,5852,Robotank
0,5848,5856,Robotank
0,5852,5860,Robotank
0,5856,5864,Robotank
0,5860,5868,Robotank
0,5864,5872,Robotank
0,5868,5876,Robotank
0,5872,5880,Robotank
0,5876,5884,Robotank
0,5880,5888,Robotank
0,5884,5892,Robotank
0,5888,5896,Robotank
0,5892,5900,Robotank
0,5896,5904,Robotank
0,5900,5908,Robotank
0,5904,5912,Robotank
0,5908,5916,Robotank
0,5912,5920,Robotank
0,5916,5924,Robotank
0,5920,5928,Robotank
0,5924,5932,Robotank
0,5928,5936,Robotank
0,5932,5940,Robotank
0,5936,5944,Robotank
0,5940,5948,Robotank
0,5944,5952,Robotank
0,5948,5956,Robotank
0,5952,5960,Robotank
0,5956,5964,Robotank
0,5960,5968,Robotank
0,5964,5972,Robotank
0,5968,5976,Robotank
0,5972,5980,Robotank
0,5976,5984,Robotank
0,5980,5988,Robotank
0,5984,5992,Robotank
0,5988,5996,Robotank
0,5992,6000,Robotank
0,5996,6004,Robotank
0,6000,6008,Robotank
0,6004,6012,Robotank
0,6008,6016,Robotank
0,6012,6020,Robotank
0,6016,6024,Robotank
0,6020,6028,Robotank
0,6024,6032,Robotank
0,6028,6036,Robotank
0,6032,6040,Robotank
0,6036,6044,Robotank
0,6040,6048,Robotank
0,6044,6052,Robotank
0,6048,6056,Robotank
0,6052,6060,Robotank
0,6056,6064,Robotank
0,6060,6068,Robotank
0,6064,6072,Robotank
0,6068,6076,Robotank
0,6072,6080,Robotank
0,6076,6084,Robotank
0,6080,6088,Robotank
0,6084,6092,Robotank
0,6088,6096,Robotank
0,6092,6100,Robotank
0,6096,6104,Robotank
0,6100,6108,Robotank
0,6104,6112,Robotank
0,6108,6116,Robotank
0,6112,6120,Robotank
0,6116,6124,Robotank
0,6120,6128,Robotank
0,6124,6132,Robotank
0,6128,6136,Robotank
0,6132,6140,Robotank
0,6136,6144,Robotank
0,6140,6148,Robotank
0,6144,6152,Robotank
0,6148,6156,Robotank
0,6152,6160,Robotank
0,6156,6164,Robotank
0,6160,6168,Robotank
0,6164,6172,Robotank
0,6168,6176,Robotank
0,6172,6180,Robotank
0,6176,6184,Robotank
0,6180,6188,Robotank
0,6184,6192,Robotank
0,6188,6196,Robotank
0,6192,6200,Robotank
0,6196,6204,Robotank
0,6200,6208,Robotank
0,6204,6212,Robotank
0,6208,6216,Robotank
0,6212,6220,Robotank
0,6216,6224,Robotank
0,6220,6228,Robotank
0,6224,6232,Robotank
0,6228,6236,Robotank
0,6232,6240,Robotank
0,6236,6244,Robotank
0,6240,6248,Robotank
0,6244,6252,Robotank
0,6248,6256,Robotank
0,6252,6260,Robotank
0,6256,6264,Robotank
0,6260,6268,Robotank
0,6264,6272,Robotank
0,6268,6276,Robotank
0,6272,6280,Robotank
0,6276,6284,Robotank
0,6280,6288,Robotank
0,6284,6292,Robotank
0,6288,6296,Robotank
0,6292,6300,Robotank
0,6296,6304,Robotank
0,6300,6308,Robotank
0,6304,6312,Robotank
0,6308,6316,Robotank
0,6312,6320,Robotank
0,6316,6324,Robotank
0,6320,6328,Robotank
0,6324,6332,Robotank
0,6328,6336,Robotank
0,6332,6340,Robotank
0,6336,6344,Robotank
0,6340,6348,Robotank
0,6344,6352,Robotank
0,6348,6356,Robotank
0,6352,6360,Robotank
0,6356,6364,Robotank
0,6360,6368,Robotank
0,6364,6372,Robotank
0,6368,6376,Robotank
0,6372,6380,Robotank
0,6376,6384,Robotank
0,6380,6388,Robotank
0,6384,6392,Robotank
0,6388,6396,Robotank
0,6392,6400,Robotank
0,6396,6404,Robotank
0,6400,6408,Robotank
0,6404,6412,Robotank
0,6408,6416,Robotank
0,6412,6420,Robotank
0,6416,6424,Robotank
0,6420,6428,Robotank
0,6424,6432,Robotank
0,6428,6436,Robotank
0,6432,6440,Robotank
0,6436,6444,Robotank
0,6440,6448,Robotank
0,6444,6452,Robotank
0,6448,6456,Robotank
0,6452,6460,Robotank
0,6456,6464,Robotank
0,6460,6468,Robotank
0,6464,6472,Robotank
0,6468,6476,Robotank
0,6472,6480,Robotank
0,6476,6484,Robotank
0,6480,6488,Robotank
0,6484,6492,Robotank
0,6488,6496,Robotank
0,6492,6500,Robotank
0,6496,6504,Robotank
0,6500,6508,Robotank
0,6504,6512,Robotank
0,6508,6516,Robotank
0,6512,6520,Robotank
0,6516,6524,Robotank
0,6520,6528,Robotank
0,6524,6532,Robotank
0,6528,6536,Robotank
0,6532,6540,Robotank
0,6536,6544,Robotank
0,6540,6548,Robotank
0,6544,6552,Robotank
0,6548,6556,Robotank
0,6552,6560,Robotank
0,6556,6564,Robotank
0,6560,6568,Robotank
0,6564,6572,Robotank
0,6568,6576,Robotank
0,6572,6580,Robotank
0,6576,6584,Robotank
0,6580,6588,Robotank
0,6584,6592,Robotank
0,6588,6596,Robotank
0,6592,6600,Robotank
0,6596,6604,Robotank
0,6600,6608,Robotank
0,6604,6612,Robotank
0,6608,6616,Robotank
0,6612,6620,Robotank
0,6616,6624,Robotank
0,6620,6628,Robotank
0,6624,6632,Robotank
0,6628,6636,Robotank
0,6632,6640,Robotank
0,6636,6644,Robotank
0,6640,6648,Robotank
0,6644,6652,Robotank
0,6648,6656,Robotank
0,6652,6660,Robotank
0,6656,6664,Robotank
0,6660,6668,Robotank
0,6664,6672,Robotank
0,6668,6676,Robotank
0,6672,6680,Robotank
0,6676,6684,Robotank
0,6680,6688,Robotank
0,6684,6692,Robotank
0,6688,6696,Robotank
0,6692,6700,Robotank
0,6696,6704,Robotank
0,6700,6708,Robotank
0,6704,6712,Robotank
0,6708,6716,Robotank
0,6712,6720,Robotank
0,6716,6724,Robotank
0,6720,6728,Robotank
0,6724,6732,Robotank
0,6728,6736,Robotank
0,6732,6740,Robotank
0,6736,6744,Robotank
0,6740,6748,Robotank
0,6744,6752,Robotank
0,6748,6756,Robotank
0,6752,6760,Robotank
0,6756,6764,Robotank
0,6760,6768,Robotank
0,6764,6772,Robotank
0,6768,6776,Robotank
0,6772,6780,Robotank
0,6776,6784,Robotank
0,6780,6788,Robotank
0,6784,6792,Robotank
0,6788,6796,Robotank
0,6792,6800,Robotank
0,6796,6804,Robotank
0,6800,6808,Robotank
0,6804,6812,Robotank
0,6808,6816,Robotank
0,6812,6820,Robotank
0,6816,6824,Robotank
0,6820,6828,Robotank
0,6824,6832,Robotank
0,6828,6836,Robotank
0,6832,6840,Robotank
0,6836,6844,Robotank
0,6840,6848,Robotank
0,6844,6852,Robotank
0,6848,6856,Robotank
0,6852,6860,Robotank
0,6856,6864,Robotank
0,6860,6868,Robotank
0,6864,6872,Robotank
0,6868,6876,Robotank
0,6872,6880,Robotank
0,6876,6884,Robotank
0,6880,6888,Robotank
0,6884,6892,Robotank
0,6888,6896,Robotank
0,6892,6900,Robotank
0,6896,6904,Robotank
0,6900,6908,Robotank
0,6904,6912,Robotank
0,6908,6916,Robotank
0,6912,6920,Robotank
0,6916,6924,Robotank
0,6920,6928,Robotank
0,6924,6932,Robotank
0,6928,6936,Robotank
0,6932,6940,Robotank
0,6936,6944,Robotank
0,6940,6948,Robotank
0,6944,6952,Robotank
0,6948,6956,Robotank
0,6952,6960,Robotank
0,6956,6964,Robotank
0,6960,6968,Robotank
0,6964,6972,Robotank
0,6968,6976,Robotank
0,6972,6980,Robotank
0,6976,6984,Robotank
0,6980,6988,Robotank
0,6984,6992,Robotank
0,6988,6996,Robotank
0,6992,7000,Robotank
0,6996,7004,Robotank
0,7000,7008,Robotank
0,7004,7012,Robotank
0,7008,7016,Robotank
0,7012,7020,Robotank
0,7016,7024,Robotank
0,7020,7028,Robotank
0,7024,7032,Robotank
0,7028,7036,Robotank
0,7032,7040,Robotank
0,7036,7044,Robotank
0,7040,7048,Robotank
0,7044,7052,Robotank
0,7048,7056,Robotank
0,7052,7060,Robotank
0,7056,7064,Robotank
0,7060,7068,Robotank
0,7064,7072,Robotank
0,7068,7076,Robotank
0,7072,7080,Robotank
0,7076,7084,Robotank
0,7080,7088,Robotank
0,7084,7092,Robotank
0,7088,7096,Robotank
0,7092,7100,Robotank
0,7096,7104,Robotank
0,7100,7108,Robotank
0,7104,7112,Robotank
0,7108,7116,Robotank
0,7112,7120,Robotank
0,7116,7124,Robotank
0,7120,7128,Robotank
0,7124,7132,Robotank
0,7128,7136,Robotank
0,7132,7140,Robotank
0,7136,7144,Robotank
0,7140,7148,Robotank
0,7144,7152,Robotank
0,7148,7156,Robotank
0,7152,7160,Robotank
0,7156,7164,Robotank
0,7160,7168,Robotank
0,7164,7172,Robotank
0,7168,7176,Robotank
0,7172,7180,Robotank
0,7176,7184,Robotank
0,7180,7188,Robotank
0,7184,7192,Robotank
0,7188,7196,Robotank
0,7192,7200,Robotank
0,7196,7204,Robotank
0,7200,7208,Robotank
0,7204,7212,Robotank
0,7208,7216,Robotank
0,7212,7220,Robotank
0,7216,7224,Robotank
0,7220,7228,Robotank
0,7224,7232,Robotank
0,7228,7236,Robotank
0,7232,7240,Robotank
0,7236,7244,Robotank
0,7240,7248,Robotank
0,7244,7252,Robotank
0,7248,7256,Robotank
0,7252,7260,Robotank
0,7256,7264,Robotank
0,7260,7268,Robotank
0,7264,7272,Robotank
0,7268,7276,Robotank
0,7272,7280,Robotank
0,7276,7284,Robotank
0,7280,7288,Robotank
0,7284,7292,Robotank
0,7288,7296,Robotank
0,7292,7300,Robotank
0,7296,7304,Robotank
0,7300,7308,Robotank
0,7304,7312,Robotank
0,7308,7316,Robotank
0,7312,7320,Robotank
0,7316,7324,Robotank
0,7320,7328,Robotank
0,7324,7332,Robotank
0,7328,7336,Robotank
0,7332,7340,Robotank
0,7336,7344,Robotank
0,7340,7348,Robotank
0,7344,7352,Robotank
0,7348,7356,Robotank
0,7352,7360,Robotank
0,7356,7364,Robotank
0,7360,7368,Robotank
0,7364,7372,Robotank
0,7368,7376,Robotank
0,7372,7380,Robotank
0,7376,7384,Robotank
0,7380,7388,Robotank
0,7384,7392,Robotank
0,7388,7396,Robotank
0,7392,7400,Robotank
0,7396,7404,Robotank
0,7400,7408,Robotank
0,7404,7412,Robotank
0,7408,7416,Robotank
0,7412,7420,Robotank
0,7416,7424,Robotank
0,7420,7428,Robotank
0,7424,7432,Robotank
0,7428,7436,Robotank
0,7432,7440,Robotank
0,7436,7444,Robotank
0,7440,7448,Robotank
0,7444,7452,Robotank
0,7448,7456,Robotank
0,7452,7460,Robotank
0,7456,7464,Robotank
0,7460,7468,Robotank
0,7464,7472,Robotank
0,7468,7476,Robotank
0,7472,7480,Robotank
0,7476,7484,Robotank
0,7480,7488,Robotank
0,7484,7492,Robotank
0,7488,7496,Robotank
0,7492,7500,Robotank
0,7496,7504,Robotank
0,7500,7508,Robotank
0,7504,7512,Robotank
0,7508,7516,Robotank
0,7512,7520,Robotank
0,7516,7524,Robotank
0,7520,7528,Robotank
0,7524,7532,Robotank
0,7528,7536,Robotank
0,7532,7540,Robotank
0,7536,7544,Robotank
0,7540,7548,Robotank
0,7544,7552,Robotank
0,7548,7556,Robotank
0,7552,7560,Robotank
0,7556,7564,Robotank
0,7560,7568,Robotank
0,7564,7572,Robotank
0,7568,7576,Robotank
0,7572,7580,Robotank
0,7576,7584,Robotank
0,7580,7588,Robotank
0,7584,7592,Robotank
0,7588,7596,Robotank
0,7592,7600,Robotank
0,7596,7604,Robotank
0,7600,7608,Robotank
0,7604,7612,Robotank
0,7608,7616,Robotank
0,7612,7620,Robotank
0,7616,7624,Robotank
0,7620,7628,Robotank
0,7624,7632,Robotank
0,7628,7636,Robotank
0,7632,7640,Robotank
0,7636,7644,Robotank
0,7640,7648,Robotank
0,7644,7652,Robotank
0,7648,7656,Robotank
0,7652,7660,Robotank
0,7656,7664,Robotank
0,7660,7668,Robotank
0,7664,7672,Robotank
0,7668,7676,Robotank
0,7672,7680,Robotank
0,7676,7684,Robotank
0,7680,7688,Robotank
0,7684,7692,Robotank
0,7688,7696,Robotank
0,7692,7700,Robotank
0,7696,7704,Robotank
0,7700,7708,Robotank
0,7704,7712,Robotank
0,7708,7716,Robotank
0,7712,7720,Robotank
0,7716,7724,Robotank
0,7720,7728,Robotank
0,7724,7732,Robotank
0,7728,7736,Robotank
0,7732,7740,Robotank
0,7736,7744,Robotank
0,7740,7748,Robotank
0,7744,7752,Robotank
0,7748,7756,Robotank
0,7752,7760,Robotank
0,7756,7764,Robotank
0,7760,7768,Robotank
0,7764,7772,Robotank
0,7768,7776,Robotank
0,7772,7780,Robotank
0,7776,7784,Robotank
0,7780,7788,Robotank
0,7784,7792,Robotank
0,7788,7796,Robotank
0,7792,7800,Robotank
0,7796,7804,Robotank
0,7800,7808,Robotank
0,7804,7812,Robotank
0,7808,7816,Robotank
0,7812,7820,Robotank
0,7816,7824,Robotank
