Episode index,Start index,End index,Environment
0,7809,7817,Robotank
0,7805,7813,Robotank
0,7801,7809,Robotank
0,7797,7805,Robotank
0,7793,7801,Robotank
0,7789,7797,Robotank
0,7785,7793,Robotank
0,7781,7789,Robotank
0,7777,7785,Robotank
0,7773,7781,Robotank
0,7769,7777,Robotank
0,7765,7773,Robotank
0,7761,7769,Robotank
0,7757,7765,Robotank
0,7753,7761,Robotank
0,7749,7757,Robotank
0,7745,7753,Robotank
0,7741,7749,Robotank
0,7737,7745,Robotank
0,7733,7741,Robotank
0,7729,7737,Robotank
0,7725,7733,Robotank
0,7721,7729,Robotank
0,7717,7725,Robotank
0,7713,7721,Robotank
0,7709,7717,Robotank
0,7705,7713,Robotank
0,7701,7709,Robotank
0,7697,7705,Robotank
0,7693,7701,Robotank
0,7689,7697,Robotank
0,7685,7693,Robotank
0,7681,7689,Robotank
0,7677,7685,Robotank
0,7673,7681,Robotank
0,7669,7677,Robotank
0,7665,7673,Robotank
0,7661,7669,Robotank
0,7657,7665,Robotank
0,7653,7661,Robotank
0,7649,7657,Robotank
0,7645,7653,Robotank
0,7641,7649,Robotank
0,7637,7645,Robotank
0,7633,7641,Robotank
0,7629,7637,Robotank
0,7625,7633,Robotank
0,7621,7629,Robotank
0,7617,7625,Robotank
0,7613,7621,Robotank
0,7609,7617,Robotank
0,7605,7613,Robotank
0,7601,7609,Robotank
0,7597,7605,Robotank
0,7593,7601,Robotank
0,7589,7597,Robotank
0,7585,7593,Robotank
0,7581,7589,Robotank
0,7577,7585,Robotank
0,7573,7581,Robotank
0,7569,7577,Robotank
0,7565,7573,Robotank
0,7561,7569,Robotank
0,7557,7565,Robotank
0,7553,7561,Robotank
0,7549,7557,Robotank
0,7545,7553,Robotank
0,7541,7549,Robotank
0,7537,7545,Robotank
0,7533,7541,Robotank
0,7529,7537,Robotank
0,7525,7533,Robotank
0,7521,7529,Robotank
0,7517,7525,Robotank
0,7513,7521,Robotank
0,7509,7517,Robotank
0,7505,7513,Robotank
0,7501,7509,Robotank
0,7497,7505,Robotank
0,7493,7501,Robotank
0,7489,7497,Robotank
0,7485,7493,Robotank
0,7481,7489,Robotank
0,7477,7485,Robotank
0,7473,7481,Robotank
0,7469,7477,Robotank
0,7465,7473,Robotank
0,7461,7469,Robotank
0,7457,7465,Robotank
0,7453,7461,Robotank
0,7449,7457,Robotank
0,7445,7453,Robotank
0,7441,7449,Robotank
0,7437,7445,Robotank
0,7433,7441,Robotank
0,7429,7437,Robotank
0,7425,7433,Robotank
0,7421,7429,Robotank
0,7417,7425,Robotank
0,7413,7421,Robotank
0,7409,7417,Robotank
0,7405,7413,Robotank
0,7401,7409,Robotank
0,7397,7405,Robotank
0,7393,7401,Robotank
0,7389,7397,Robotank
0,7385,7393,Robotank
0,7381,7389,Robotank
0,7377,7385,Robotank
0,7373,7381,Robotank
0,7369,7377,Robotank
0,7365,7373,Robotank
0,7361,7369,Robotank
0,7357,7365,Robotank
0,7353,7361,Robotank
0,7349,7357,Robotank
0,7345,7353,Robotank
0,7341,7349,Robotank
0,7337,7345,Robotank
0,7333,7341,Robotank
0,7329,7337,Robotank
0,7325,7333,Robotank
0,7321,7329,Robotank
0,7317,7325,Robotank
0,7313,7321,Robotank
0,7309,7317,Robotank
0,7305,7313,Robotank
0,7301,7309,Robotank
0,7297,7305,Robotank
0,7293,7301,Robotank
0,7289,7297,Robotank
0,7285,7293,Robotank
0,7281,7289,Robotank
0,7277,7285,Robotank
0,7273,7281,Robotank
0,7269,7277,Robotank
0,7265,7273,Robotank
0,7261,7269,Robotank
0,7257,7265,Robotank
0,7253,7261,Robotank
0,7249,7257,Robotank
0,7245,7253,Robotank
0,7241,7249,Robotank
0,7237,7245,Robotank
0,7233,7241,Robotank
0,7229,7237,Robotank
0,7225,7233,Robotank
0,7221,7229,Robotank
0,7217,7225,Robotank
0,7213,7221,Robotank
0,7209,7217,Robotank
0,7205,7213,Robotank
0,7201,7209,Robotank
0,7197,7205,Robotank
0,7193,7201,Robotank
0,7189,7197,Robotank
0,7185,7193,Robotank
0,7181,7189,Robotank
0,7177,7185,Robotank
0,7173,7181,Robotank
0,7169,7177,Robotank
0,7165,7173,Robotank
0,7161,7169,Robotank
0,7157,7165,Robotank
0,7153,7161,Robotank
0,7149,7157,Robotank
0,7145,7153,Robotank
0,7141,7149,Robotank
0,7137,7145,Robotank
0,7133,7141,Robotank
0,7129,7137,Robotank
0,7125,7133,Robotank
0,7121,7129,Robotank
0,7117,7125,Robotank
0,7113,7121,Robotank
0,7109,7117,Robotank
0,7105,7113,Robotank
0,7101,7109,Robotank
0,7097,7105,Robotank
0,7093,7101,Robotank
0,7089,7097,Robotank
0,7085,7093,Robotank
0,7081,7089,Robotank
0,7077,7085,Robotank
0,7073,7081,Robotank
0,7069,7077,Robotank
0,7065,7073,Robotank
0,7061,7069,Robotank
0,7057,7065,Robotank
0,7053,7061,Robotank
0,7049,7057,Robotank
0,7045,7053,Robotank
0,7041,7049,Robotank
0,7037,7045,Robotank
0,7033,7041,Robotank
0,7029,7037,Robotank
0,7025,7033,Robotank
0,7021,7029,Robotank
0,7017,7025,Robotank
0,7013,7021,Robotank
0,7009,7017,Robotank
0,7005,7013,Robotank
0,7001,7009,Robotank
0,6997,7005,Robotank
0,6993,7001,Robotank
0,6989,6997,Robotank
0,6985,6993,Robotank
0,6981,6989,Robotank
0,6977,6985,Robotank
0,6973,6981,Robotank
0,6969,6977,Robotank
0,6965,6973,Robotank
0,6961,6969,Robotank
0,6957,6965,Robotank
0,6953,6961,Robotank
0,6949,6957,Robotank
0,6945,6953,Robotank
0,6941,6949,Robotank
0,6937,6945,Robotank
0,6933,6941,Robotank
0,6929,6937,Robotank
0,6925,6933,Robotank
0,6921,6929,Robotank
0,6917,6925,Robotank
0,6913,6921,Robotank
0,6909,6917,Robotank
0,6905,6913,Robotank
0,6901,6909,Robotank
0,6897,6905,Robotank
0,6893,6901,Robotank
0,6889,6897,Robotank
0,6885,6893,Robotank
0,6881,6889,Robotank
0,6877,6885,Robotank
0,6873,6881,Robotank
0,6869,6877,Robotank
0,6865,6873,Robotank
0,6861,6869,Robotank
0,6857,6865,Robotank
0,6853,6861,Robotank
0,6849,6857,Robotank
0,6845,6853,Robotank
0,6841,6849,Robotank
0,6837,6845,Robotank
0,6833,6841,Robotank
0,6829,6837,Robotank
0,6825,6833,Robotank
0,6821,6829,Robotank
0,6817,6825,Robotank
0,6813,6821,Robotank
0,6809,6817,Robotank
0,6805,6813,Robotank
0,6801,6809,Robotank
0,6797,6805,Robotank
0,6793,6801,Robotank
0,6789,6797,Robotank
0,6785,6793,Robotank
0,6781,6789,Robotank
0,6777,6785,Robotank
0,6773,6781,Robotank
0,6769,6777,Robotank
0,6765,6773,Robotank
0,6761,6769,Robotank
0,6757,6765,Robotank
0,6753,6761,Robotank
0,6749,6757,Robotank
0,6745,6753,Robotank
0,6741,6749,Robotank
0,6737,6745,Robotank
0,6733,6741,Robotank
0,6729,6737,Robotank
0,6725,6733,Robotank
0,6721,6729,Robotank
0,6717,6725,Robotank
0,6713,6721,Robotank
0,6709,6717,Robotank
0,6705,6713,Robotank
0,6701,6709,Robotank
0,6697,6705,Robotank
0,6693,6701,Robotank
0,6689,6697,Robotank
0,6685,6693,Robotank
0,6681,6689,Robotank
0,6677,6685,Robotank
0,6673,6681,Robotank
0,6669,6677,Robotank
0,6665,6673,Robotank
0,6661,6669,Robotank
0,6657,6665,Robotank
0,6653,6661,Robotank
0,6649,6657,Robotank
0,6645,6653,Robotank
0,6641,6649,Robotank
0,6637,6645,Robotank
0,6633,6641,Robotank
0,6629,6637,Robotank
0,6625,6633,Robotank
0,6621,6629,Robotank
0,6617,6625,Robotank
0,6613,6621,Robotank
0,6609,6617,Robotank
0,6605,6613,Robotank
0,6601,6609,Robotank
0,6597,6605,Robotank
0,6593,6601,Robotank
0,6589,6597,Robotank
0,6585,6593,Robotank
0,6581,6589,Robotank
0,6577,6585,Robotank
0,6573,6581,Robotank
0,6569,6577,Robotank
0,6565,6573,Robotank
0,6561,6569,Robotank
0,6557,6565,Robotank
0,6553,6561,Robotank
0,6549,6557,Robotank
0,6545,6553,Robotank
0,6541,6549,Robotank
0,6537,6545,Robotank
0,6533,6541,Robotank
0,6529,6537,Robotank
0,6525,6533,Robotank
0,6521,6529,Robotank
0,6517,6525,Robotank
0,6513,6521,Robotank
0,6509,6517,Robotank
0,6505,6513,Robotank
0,6501,6509,Robotank
0,6497,6505,Robotank
0,6493,6501,Robotank
0,6489,6497,Robotank
0,6485,6493,Robotank
0,6481,6489,Robotank
0,6477,6485,Robotank
0,6473,6481,Robotank
0,6469,6477,Robotank
0,6465,6473,Robotank
0,6461,6469,Robotank
0,6457,6465,Robotank
0,6453,6461,Robotank
0,6449,6457,Robotank
0,6445,6453,Robotank
0,6441,6449,Robotank
0,6437,6445,Robotank
0,6433,6441,Robotank
0,6429,6437,Robotank
0,6425,6433,Robotank
0,6421,6429,Robotank
0,6417,6425,Robotank
0,6413,6421,Robotank
0,6409,6417,Robotank
0,6405,6413,Robotank
0,6401,6409,Robotank
0,6397,6405,Robotank
0,6393,6401,Robotank
0,6389,6397,Robotank
0,6385,6393,Robotank
0,6381,6389,Robotank
0,6377,6385,Robotank
0,6373,6381,Robotank
0,6369,6377,Robotank
0,6365,6373,Robotank
0,6361,6369,Robotank
0,6357,6365,Robotank
0,6353,6361,Robotank
0,6349,6357,Robotank
0,6345,6353,Robotank
0,6341,6349,Robotank
0,6337,6345,Robotank
0,6333,6341,Robotank
0,6329,6337,Robotank
0,6325,6333,Robotank
0,6321,6329,Robotank
0,6317,6325,Robotank
0,6313,6321,Robotank
0,6309,6317,Robotank
0,6305,6313,Robotank
0,6301,6309,Robotank
0,6297,6305,Robotank
0,6293,6301,Robotank
0,6289,6297,Robotank
0,6285,6293,Robotank
0,6281,6289,Robotank
0,6277,6285,Robotank
0,6273,6281,Robotank
0,6269,6277,Robotank
0,6265,6273,Robotank
0,6261,6269,Robotank
0,6257,6265,Robotank
0,6253,6261,Robotank
0,6249,6257,Robotank
0,6245,6253,Robotank
0,6241,6249,Robotank
0,6237,6245,Robotank
0,6233,6241,Robotank
0,6229,6237,Robotank
0,6225,6233,Robotank
0,6221,6229,Robotank
0,6217,6225,Robotank
0,6213,6221,Robotank
0,6209,6217,Robotank
0,6205,6213,Robotank
0,6201,6209,Robotank
0,6197,6205,Robotank
0,6193,6201,Robotank
0,6189,6197,Robotank
0,6185,6193,Robotank
0,6181,6189,Robotank
0,6177,6185,Robotank
0,6173,6181,Robotank
0,6169,6177,Robotank
0,6165,6173,Robotank
0,6161,6169,Robotank
0,6157,6165,Robotank
0,6153,6161,Robotank
0,6149,6157,Robotank
0,6145,6153,Robotank
0,6141,6149,Robotank
0,6137,6145,Robotank
0,6133,6141,Robotank
0,6129,6137,Robotank
0,6125,6133,Robotank
0,6121,6129,Robotank
0,6117,6125,Robotank
0,6113,6121,Robotank
0,6109,6117,Robotank
0,6105,6113,Robotank
0,6101,6109,Robotank
0,6097,6105,Robotank
0,6093,6101,Robotank
0,6089,6097,Robotank
0,6085,6093,Robotank
0,6081,6089,Robotank
0,6077,6085,Robotank
0,6073,6081,Robotank
0,6069,6077,Robotank
0,6065,6073,Robotank
0,6061,6069,Robotank
0,6057,6065,Robotank
0,6053,6061,Robotank
0,6049,6057,Robotank
0,6045,6053,Robotank
0,6041,6049,Robotank
0,6037,6045,Robotank
0,6033,6041,Robotank
0,6029,6037,Robotank
0,6025,6033,Robotank
0,6021,6029,Robotank
0,6017,6025,Robotank
0,6013,6021,Robotank
0,6009,6017,Robotank
0,6005,6013,Robotank
0,6001,6009,Robotank
0,5997,6005,Robotank
0,5993,6001,Robotank
0,5989,5997,Robotank
0,5985,5993,Robotank
0,5981,5989,Robotank
0,5977,5985,Robotank
0,5973,5981,Robotank
0,5969,5977,Robotank
0,5965,5973,Robotank
0,5961,5969,Robotank
0,5957,5965,Robotank
0,5953,5961,Robotank
0,5949,5957,Robotank
0,5945,5953,Robotank
0,5941,5949,Robotank
0,5937,5945,Robotank
0,5933,5941,Robotank
0,5929,5937,Robotank
0,5925,5933,Robotank
0,5921,5929,Robotank
0,5917,5925,Robotank
0,5913,5921,Robotank
0,5909,5917,Robotank
0,5905,5913,Robotank
0,5901,5909,Robotank
0,5897,5905,Robotank
0,5893,5901,Robotank
0,5889,5897,Robotank
0,5885,5893,Robotank
0,5881,5889,Robotank
0,5877,5885,Robotank
0,5873,5881,Robotank
0,5869,5877,Robotank
0,5865,5873,Robotank
0,5861,5869,Robotank
0,5857,5865,Robotank
0,5853,5861,Robotank
0,5849,5857,Robotank
0,5845,5853,Robotank
0,5841,5849,Robotank
0,5837,5845,Robotank
0,5833,5841,Robotank
0,5829,5837,Robotank
0,5825,5833,Robotank
0,5821,5829,Robotank
0,5817,5825,Robotank
0,5813,5821,Robotank
0,5809,5817,Robotank
0,5805,5813,Robotank
0,5801,5809,Robotank
0,5797,5805,Robotank
0,5793,5801,Robotank
0,5789,5797,Robotank
0,5785,5793,Robotank
0,5781,5789,Robotank
0,5777,5785,Robotank
0,5773,5781,Robotank
0,5769,5777,Robotank
0,5765,5773,Robotank
0,5761,5769,Robotank
0,5757,5765,Robotank
0,5753,5761,Robotank
0,5749,5757,Robotank
0,5745,5753,Robotank
0,5741,5749,Robotank
0,5737,5745,Robotank
0,5733,5741,Robotank
0,5729,5737,Robotank
0,5725,5733,Robotank
0,5721,5729,Robotank
0,5717,5725,Robotank
0,5713,5721,Robotank
0,5709,5717,Robotank
0,5705,5713,Robotank
0,5701,5709,Robotank
0,5697,5705,Robotank
0,5693,5701,Robotank
0,5689,5697,Robotank
0,5685,5693,Robotank
0,5681,5689,Robotank
0,5677,5685,Robotank
0,5673,5681,Robotank
0,5669,5677,Robotank
0,5665,5673,Robotank
0,5661,5669,Robotank
0,5657,5665,Robotank
0,5653,5661,Robotank
0,5649,5657,Robotank
0,5645,5653,Robotank
0,5641,5649,Robotank
0,5637,5645,Robotank
0,5633,5641,Robotank
0,5629,5637,Robotank
0,5625,5633,Robotank
0,5621,5629,Robotank
0,5617,5625,Robotank
0,5613,5621,Robotank
0,5609,5617,Robotank
0,5605,5613,Robotank
0,5601,5609,Robotank
0,5597,5605,Robotank
0,5593,5601,Robotank
0,5589,5597,Robotank
0,5585,5593,Robotank
0,5581,5589,Robotank
0,5577,5585,Robotank
0,5573,5581,Robotank
0,5569,5577,Robotank
0,5565,5573,Robotank
0,5561,5569,Robotank
0,5557,5565,Robotank
0,5553,5561,Robotank
0,5549,5557,Robotank
0,5545,5553,Robotank
0,5541,5549,Robotank
0,5537,5545,Robotank
0,5533,5541,Robotank
0,5529,5537,Robotank
0,5525,5533,Robotank
0,5521,5529,Robotank
0,5517,5525,Robotank
0,5513,5521,Robotank
0,5509,5517,Robotank
0,5505,5513,Robotank
0,5501,5509,Robotank
0,5497,5505,Robotank
0,5493,5501,Robotank
0,5489,5497,Robotank
0,5485,5493,Robotank
0,5481,5489,Robotank
0,5477,5485,Robotank
0,5473,5481,Robotank
0,5469,5477,Robotank
0,5465,5473,Robotank
0,5461,5469,Robotank
0,5457,5465,Robotank
0,5453,5461,Robotank
0,5449,5457,Robotank
0,5445,5453,Robotank
0,5441,5449,Robotank
0,5437,5445,Robotank
0,5433,5441,Robotank
0,5429,5437,Robotank
0,5425,5433,Robotank
0,5421,5429,Robotank
0,5417,5425,Robotank
0,5413,5421,Robotank
0,5409,5417,Robotank
0,5405,5413,Robotank
0,5401,5409,Robotank
0,5397,5405,Robotank
0,5393,5401,Robotank
0,5389,5397,Robotank
0,5385,5393,Robotank
0,5381,5389,Robotank
0,5377,5385,Robotank
0,5373,5381,Robotank
0,5369,5377,Robotank
0,5365,5373,Robotank
0,5361,5369,Robotank
0,5357,5365,Robotank
0,5353,5361,Robotank
0,5349,5357,Robotank
0,5345,5353,Robotank
0,5341,5349,Robotank
0,5337,5345,Robotank
0,5333,5341,Robotank
0,5329,5337,Robotank
0,5325,5333,Robotank
0,5321,5329,Robotank
0,5317,5325,Robotank
0,5313,5321,Robotank
0,5309,5317,Robotank
0,5305,5313,Robotank
0,5301,5309,Robotank
0,5297,5305,Robotank
0,5293,5301,Robotank
0,5289,5297,Robotank
0,5285,5293,Robotank
0,5281,5289,Robotank
0,5277,5285,Robotank
0,5273,5281,Robotank
0,5269,5277,Robotank
0,5265,5273,Robotank
0,5261,5269,Robotank
0,5257,5265,Robotank
0,5253,5261,Robotank
0,5249,5257,Robotank
0,5245,5253,Robotank
0,5241,5249,Robotank
0,5237,5245,Robotank
0,5233,5241,Robotank
0,5229,5237,Robotank
0,5225,5233,Robotank
0,5221,5229,Robotank
0,5217,5225,Robotank
0,5213,5221,Robotank
0,5209,5217,Robotank
0,5205,5213,Robotank
0,5201,5209,Robotank
0,5197,5205,Robotank
0,5193,5201,Robotank
0,5189,5197,Robotank
0,5185,5193,Robotank
0,5181,5189,Robotank
0,5177,5185,Robotank
0,5173,5181,Robotank
0,5169,5177,Robotank
0,5165,5173,Robotank
0,5161,5169,Robotank
0,5157,5165,Robotank
0,5153,5161,Robotank
0,5149,5157,Robotank
0,5145,5153,Robotank
0,5141,5149,Robotank
0,5137,5145,Robotank
0,5133,5141,Robotank
0,5129,5137,Robotank
0,5125,5133,Robotank
0,5121,5129,Robotank
0,5117,5125,Robotank
0,5113,5121,Robotank
0,5109,5117,Robotank
0,5105,5113,Robotank
0,5101,5109,Robotank
0,5097,5105,Robotank
0,5093,5101,Robotank
0,5089,5097,Robotank
0,5085,5093,Robotank
0,5081,5089,Robotank
0,5077,5085,Robotank
0,5073,5081,Robotank
0,5069,5077,Robotank
0,5065,5073,Robotank
0,5061,5069,Robotank
0,5057,5065,Robotank
0,5053,5061,Robotank
0,5049,5057,Robotank
0,5045,5053,Robotank
0,5041,5049,Robotank
0,5037,5045,Robotank
0,5033,5041,Robotank
0,5029,5037,Robotank
0,5025,5033,Robotank
0,5021,5029,Robotank
0,5017,5025,Robotank
0,5013,5021,Robotank
0,5009,5017,Robotank
0,5005,5013,Robotank
0,5001,5009,Robotank
0,4997,5005,Robotank
0,4993,5001,Robotank
0,4989,4997,Robotank
0,4985,4993,Robotank
0,4981,4989,Robotank
0,4977,4985,Robotank
0,4973,4981,Robotank
0,4969,4977,Robotank
0,4965,4973,Robotank
0,4961,4969,Robotank
0,4957,4965,Robotank
0,4953,4961,Robotank
0,4949,4957,Robotank
0,4945,4953,Robotank
0,4941,4949,Robotank
0,4937,4945,Robotank
0,4933,4941,Robotank
0,4929,4937,Robotank
0,4925,4933,Robotank
0,4921,4929,Robotank
0,4917,4925,Robotank
0,4913,4921,Robotank
0,4909,4917,Robotank
0,4905,4913,Robotank
0,4901,4909,Robotank
0,4897,4905,Robotank
0,4893,4901,Robotank
0,4889,4897,Robotank
0,4885,4893,Robotank
0,4881,4889,Robotank
0,4877,4885,Robotank
0,4873,4881,Robotank
0,4869,4877,Robotank
0,4865,4873,Robotank
0,4861,4869,Robotank
0,4857,4865,Robotank
0,4853,4861,Robotank
0,4849,4857,Robotank
0,4845,4853,Robotank
0,4841,4849,Robotank
0,4837,4845,Robotank
0,4833,4841,Robotank
0,4829,4837,Robotank
0,4825,4833,Robotank
0,4821,4829,Robotank
0,4817,4825,Robotank
0,4813,4821,Robotank
0,4809,4817,Robotank
0,4805,4813,Robotank
0,4801,4809,Robotank
0,4797,4805,Robotank
0,4793,4801,Robotank
0,4789,4797,Robotank
0,4785,4793,Robotank
0,4781,4789,Robotank
0,4777,4785,Robotank
0,4773,4781,Robotank
0,4769,4777,Robotank
0,4765,4773,Robotank
0,4761,4769,Robotank
0,4757,4765,Robotank
0,4753,4761,Robotank
0,4749,4757,Robotank
0,4745,4753,Robotank
0,4741,4749,Robotank
0,4737,4745,Robotank
0,4733,4741,Robotank
0,4729,4737,Robotank
0,4725,4733,Robotank
0,4721,4729,Robotank
0,4717,4725,Robotank
0,4713,4721,Robotank
0,4709,4717,Robotank
0,4705,4713,Robotank
0,4701,4709,Robotank
0,4697,4705,Robotank
0,4693,4701,Robotank
0,4689,4697,Robotank
0,4685,4693,Robotank
0,4681,4689,Robotank
0,4677,4685,Robotank
0,4673,4681,Robotank
0,4669,4677,Robotank
0,4665,4673,Robotank
0,4661,4669,Robotank
0,4657,4665,Robotank
0,4653,4661,Robotank
0,4649,4657,Robotank
0,4645,4653,Robotank
0,4641,4649,Robotank
0,4637,4645,Robotank
0,4633,4641,Robotank
0,4629,4637,Robotank
0,4625,4633,Robotank
0,4621,4629,Robotank
0,4617,4625,Robotank
0,4613,4621,Robotank
0,4609,4617,Robotank
0,4605,4613,Robotank
0,4601,4609,Robotank
0,4597,4605,Robotank
0,4593,4601,Robotank
0,4589,4597,Robotank
0,4585,4593,Robotank
0,4581,4589,Robotank
0,4577,4585,Robotank
0,4573,4581,Robotank
0,4569,4577,Robotank
0,4565,4573,Robotank
0,4561,4569,Robotank
0,4557,4565,Robotank
0,4553,4561,Robotank
0,4549,4557,Robotank
0,4545,4553,Robotank
0,4541,4549,Robotank
0,4537,4545,Robotank
0,4533,4541,Robotank
0,4529,4537,Robotank
0,4525,4533,Robotank
0,4521,4529,Robotank
0,4517,4525,Robotank
0,4513,4521,Robotank
0,4509,4517,Robotank
0,4505,4513,Robotank
0,4501,4509,Robotank
0,4497,4505,Robotank
0,4493,4501,Robotank
0,4489,4497,Robotank
0,4485,4493,Robotank
0,4481,4489,Robotank
0,4477,4485,Robotank
0,4473,4481,Robotank
0,4469,4477,Robotank
0,4465,4473,Robotank
0,4461,4469,Robotank
0,4457,4465,Robotank
0,4453,4461,Robotank
0,4449,4457,Robotank
0,4445,4453,Robotank
0,4441,4449,Robotank
0,4437,4445,Robotank
0,4433,4441,Robotank
0,4429,4437,Robotank
0,4425,4433,Robotank
0,4421,4429,Robotank
0,4417,4425,Robotank
0,4413,4421,Robotank
0,4409,4417,Robotank
0,4405,4413,Robotank
0,4401,4409,Robotank
0,4397,4405,Robotank
0,4393,4401,Robotank
0,4389,4397,Robotank
0,4385,4393,Robotank
0,4381,4389,Robotank
0,4377,4385,Robotank
0,4373,4381,Robotank
0,4369,4377,Robotank
0,4365,4373,Robotank
0,4361,4369,Robotank
0,4357,4365,Robotank
0,4353,4361,Robotank
0,4349,4357,Robotank
0,4345,4353,Robotank
0,4341,4349,Robotank
0,4337,4345,Robotank
0,4333,4341,Robotank
0,4329,4337,Robotank
0,4325,4333,Robotank
0,4321,4329,Robotank
0,4317,4325,Robotank
0,4313,4321,Robotank
0,4309,4317,Robotank
0,4305,4313,Robotank
0,4301,4309,Robotank
0,4297,4305,Robotank
0,4293,4301,Robotank
0,4289,4297,Robotank
0,4285,4293,Robotank
0,4281,4289,Robotank
0,4277,4285,Robotank
0,4273,4281,Robotank
0,4269,4277,Robotank
0,4265,4273,Robotank
0,4261,4269,Robotank
0,4257,4265,Robotank
0,4253,4261,Robotank
0,4249,4257,Robotank
0,4245,4253,Robotank
0,4241,4249,Robotank
0,4237,4245,Robotank
0,4233,4241,Robotank
0,4229,4237,Robotank
0,4225,4233,Robotank
0,4221,4229,Robotank
0,4217,4225,Robotank
0,4213,4221,Robotank
0,4209,4217,Robotank
0,4205,4213,Robotank
0,4201,4209,Robotank
0,4197,4205,Robotank
0,4193,4201,Robotank
0,4189,4197,Robotank
0,4185,4193,Robotank
0,4181,4189,Robotank
0,4177,4185,Robotank
0,4173,4181,Robotank
0,4169,4177,Robotank
0,4165,4173,Robotank
0,4161,4169,Robotank
0,4157,4165,Robotank
0,4153,4161,Robotank
0,4149,4157,Robotank
0,4145,4153,Robotank
0,4141,4149,Robotank
0,4137,4145,Robotank
0,4133,4141,Robotank
0,4129,4137,Robotank
0,4125,4133,Robotank
0,4121,4129,Robotank
0,4117,4125,Robotank
0,4113,4121,Robotank
0,4109,4117,Robotank
0,4105,4113,Robotank
0,4101,4109,Robotank
0,4097,4105,Robotank
0,4093,4101,Robotank
0,4089,4097,Robotank
0,4085,4093,Robotank
0,4081,4089,Robotank
0,4077,4085,Robotank
0,4073,4081,Robotank
0,4069,4077,Robotank
0,4065,4073,Robotank
0,4061,4069,Robotank
0,4057,4065,Robotank
0,4053,4061,Robotank
0,4049,4057,Robotank
0,4045,4053,Robotank
0,4041,4049,Robotank
0,4037,4045,Robotank
0,4033,4041,Robotank
0,4029,4037,Robotank
0,4025,4033,Robotank
0,4021,4029,Robotank
0,4017,4025,Robotank
0,4013,4021,Robotank
0,4009,4017,Robotank
0,4005,4013,Robotank
0,4001,4009,Robotank
0,3997,4005,Robotank
0,3993,4001,Robotank
0,3989,3997,Robotank
0,3985,3993,Robotank
0,3981,3989,Robotank
0,3977,3985,Robotank
0,3973,3981,Robotank
0,3969,3977,Robotank
0,3965,3973,Robotank
0,3961,3969,Robotank
0,3957,3965,Robotank
0,3953,3961,Robotank
0,3949,3957,Robotank
0,3945,3953,Robotank
0,3941,3949,Robotank
0,3937,3945,Robotank
0,3933,3941,Robotank
0,3929,3937,Robotank
0,3925,3933,Robotank
0,3921,3929,Robotank
0,3917,3925,Robotank
0,3913,3921,Robotank
0,3909,3917,Robotank
0,3905,3913,Robotank
0,3901,3909,Robotank
0,3897,3905,Robotank
0,3893,3901,Robotank
0,3889,3897,Robotank
0,3885,3893,Robotank
0,3881,3889,Robotank
0,3877,3885,Robotank
0,3873,3881,Robotank
0,3869,3877,Robotank
0,3865,3873,Robotank
0,3861,3869,Robotank
0,3857,3865,Robotank
0,3853,3861,Robotank
0,3849,3857,Robotank
0,3845,3853,Robotank
0,3841,3849,Robotank
0,3837,3845,Robotank
0,3833,3841,Robotank
0,3829,3837,Robotank
0,3825,3833,Robotank
0,3821,3829,Robotank
0,3817,3825,Robotank
0,3813,3821,Robotank
0,3809,3817,Robotank
0,3805,3813,Robotank
0,3801,3809,Robotank
0,3797,3805,Robotank
0,3793,3801,Robotank
0,3789,3797,Robotank
0,3785,3793,Robotank
0,3781,3789,Robotank
0,3777,3785,Robotank
0,3773,3781,Robotank
0,3769,3777,Robotank
0,3765,3773,Robotank
0,3761,3769,Robotank
0,3757,3765,Robotank
0,3753,3761,Robotank
0,3749,3757,Robotank
0,3745,3753,Robotank
0,3741,3749,Robotank
0,3737,3745,Robotank
0,3733,3741,Robotank
0,3729,3737,Robotank
0,3725,3733,Robotank
0,3721,3729,Robotank
0,3717,3725,Robotank
0,3713,3721,Robotank
0,3709,3717,Robotank
0,3705,3713,Robotank
0,3701,3709,Robotank
0,3697,3705,Robotank
0,3693,3701,Robotank
0,3689,3697,Robotank
0,3685,3693,Robotank
0,3681,3689,Robotank
0,3677,3685,Robotank
0,3673,3681,Robotank
0,3669,3677,Robotank
0,3665,3673,Robotank
0,3661,3669,Robotank
0,3657,3665,Robotank
0,3653,3661,Robotank
0,3649,3657,Robotank
0,3645,3653,Robotank
0,3641,3649,Robotank
0,3637,3645,Robotank
0,3633,3641,Robotank
0,3629,3637,Robotank
0,3625,3633,Robotank
0,3621,3629,Robotank
0,3617,3625,Robotank
0,3613,3621,Robotank
0,3609,3617,Robotank
0,3605,3613,Robotank
0,3601,3609,Robotank
0,3597,3605,Robotank
0,3593,3601,Robotank
0,3589,3597,Robotank
0,3585,3593,Robotank
0,3581,3589,Robotank
0,3577,3585,Robotank
0,3573,3581,Robotank
0,3569,3577,Robotank
0,3565,3573,Robotank
0,3561,3569,Robotank
0,3557,3565,Robotank
0,3553,3561,Robotank
0,3549,3557,Robotank
0,3545,3553,Robotank
0,3541,3549,Robotank
0,3537,3545,Robotank
0,3533,3541,Robotank
0,3529,3537,Robotank
0,3525,3533,Robotank
0,3521,3529,Robotank
0,3517,3525,Robotank
0,3513,3521,Robotank
0,3509,3517,Robotank
0,3505,3513,Robotank
0,3501,3509,Robotank
0,3497,3505,Robotank
0,3493,3501,Robotank
0,3489,3497,Robotank
0,3485,3493,Robotank
0,3481,3489,Robotank
0,3477,3485,Robotank
0,3473,3481,Robotank
0,3469,3477,Robotank
0,3465,3473,Robotank
0,3461,3469,Robotank
0,3457,3465,Robotank
0,3453,3461,Robotank
0,3449,3457,Robotank
0,3445,3453,Robotank
0,3441,3449,Robotank
0,3437,3445,Robotank
0,3433,3441,Robotank
0,3429,3437,Robotank
0,3425,3433,Robotank
0,3421,3429,Robotank
0,3417,3425,Robotank
0,3413,3421,Robotank
0,3409,3417,Robotank
0,3405,3413,Robotank
0,3401,3409,Robotank
0,3397,3405,Robotank
0,3393,3401,Robotank
0,3389,3397,Robotank
0,3385,3393,Robotank
0,3381,3389,Robotank
0,3377,3385,Robotank
0,3373,3381,Robotank
0,3369,3377,Robotank
0,3365,3373,Robotank
0,3361,3369,Robotank
0,3357,3365,Robotank
0,3353,3361,Robotank
0,3349,3357,Robotank
0,3345,3353,Robotank
0,3341,3349,Robotank
0,3337,3345,Robotank
0,3333,3341,Robotank
0,3329,3337,Robotank
0,3325,3333,Robotank
0,3321,3329,Robotank
0,3317,3325,Robotank
0,3313,3321,Robotank
0,3309,3317,Robotank
0,3305,3313,Robotank
0,3301,3309,Robotank
0,3297,3305,Robotank
0,3293,3301,Robotank
0,3289,3297,Robotank
0,3285,3293,Robotank
0,3281,3289,Robotank
0,3277,3285,Robotank
0,3273,3281,Robotank
0,3269,3277,Robotank
0,3265,3273,Robotank
0,3261,3269,Robotank
0,3257,3265,Robotank
0,3253,3261,Robotank
0,3249,3257,Robotank
0,3245,3253,Robotank
0,3241,3249,Robotank
0,3237,3245,Robotank
0,3233,3241,Robotank
0,3229,3237,Robotank
0,3225,3233,Robotank
0,3221,3229,Robotank
0,3217,3225,Robotank
0,3213,3221,Robotank
0,3209,3217,Robotank
0,3205,3213,Robotank
0,3201,3209,Robotank
0,3197,3205,Robotank
0,3193,3201,Robotank
0,3189,3197,Robotank
0,3185,3193,Robotank
0,3181,3189,Robotank
0,3177,3185,Robotank
0,3173,3181,Robotank
0,3169,3177,Robotank
0,3165,3173,Robotank
0,3161,3169,Robotank
0,3157,3165,Robotank
0,3153,3161,Robotank
0,3149,3157,Robotank
0,3145,3153,Robotank
0,3141,3149,Robotank
0,3137,3145,Robotank
0,3133,3141,Robotank
0,3129,3137,Robotank
0,3125,3133,Robotank
0,3121,3129,Robotank
0,3117,3125,Robotank
0,3113,3121,Robotank
0,3109,3117,Robotank
0,3105,3113,Robotank
0,3101,3109,Robotank
0,3097,3105,Robotank
0,3093,3101,Robotank
0,3089,3097,Robotank
0,3085,3093,Robotank
0,3081,3089,Robotank
0,3077,3085,Robotank
0,3073,3081,Robotank
0,3069,3077,Robotank
0,3065,3073,Robotank
0,3061,3069,Robotank
0,3057,3065,Robotank
0,3053,3061,Robotank
0,3049,3057,Robotank
0,3045,3053,Robotank
0,3041,3049,Robotank
0,3037,3045,Robotank
0,3033,3041,Robotank
0,3029,3037,Robotank
0,3025,3033,Robotank
0,3021,3029,Robotank
0,3017,3025,Robotank
0,3013,3021,Robotank
0,3009,3017,Robotank
0,3005,3013,Robotank
0,3001,3009,Robotank
0,2997,3005,Robotank
0,2993,3001,Robotank
0,2989,2997,Robotank
0,2985,2993,Robotank
0,2981,2989,Robotank
0,2977,2985,Robotank
0,2973,2981,Robotank
0,2969,2977,Robotank
0,2965,2973,Robotank
0,2961,2969,Robotank
0,2957,2965,Robotank
0,2953,2961,Robotank
0,2949,2957,Robotank
0,2945,2953,Robotank
0,2941,2949,Robotank
0,2937,2945,Robotank
0,2933,2941,Robotank
0,2929,2937,Robotank
0,2925,2933,Robotank
0,2921,2929,Robotank
0,2917,2925,Robotank
0,2913,2921,Robotank
0,2909,2917,Robotank
0,2905,2913,Robotank
0,2901,2909,Robotank
0,2897,2905,Robotank
0,2893,2901,Robotank
0,2889,2897,Robotank
0,2885,2893,Robotank
0,2881,2889,Robotank
0,2877,2885,Robotank
0,2873,2881,Robotank
0,2869,2877,Robotank
0,2865,2873,Robotank
0,2861,2869,Robotank
0,2857,2865,Robotank
0,2853,2861,Robotank
0,2849,2857,Robotank
0,2845,2853,Robotank
0,2841,2849,Robotank
0,2837,2845,Robotank
0,2833,2841,Robotank
0,2829,2837,Robotank
0,2825,2833,Robotank
0,2821,2829,Robotank
0,2817,2825,Robotank
0,2813,2821,Robotank
0,2809,2817,Robotank
0,2805,2813,Robotank
0,2801,2809,Robotank
0,2797,2805,Robotank
0,2793,2801,Robotank
0,2789,2797,Robotank
0,2785,2793,Robotank
0,2781,2789,Robotank
0,2777,2785,Robotank
0,2773,2781,Robotank
0,2769,2777,Robotank
0,2765,2773,Robotank
0,2761,2769,Robotank
0,2757,2765,Robotank
0,2753,2761,Robotank
0,2749,2757,Robotank
0,2745,2753,Robotank
0,2741,2749,Robotank
0,2737,2745,Robotank
0,2733,2741,Robotank
0,2729,2737,Robotank
0,2725,2733,Robotank
0,2721,2729,Robotank
0,2717,2725,Robotank
0,2713,2721,Robotank
0,2709,2717,Robotank
0,2705,2713,Robotank
0,2701,2709,Robotank
0,2697,2705,Robotank
0,2693,2701,Robotank
0,2689,2697,Robotank
0,2685,2693,Robotank
0,2681,2689,Robotank
0,2677,2685,Robotank
0,2673,2681,Robotank
0,2669,2677,Robotank
0,2665,2673,Robotank
0,2661,2669,Robotank
0,2657,2665,Robotank
0,2653,2661,Robotank
0,2649,2657,Robotank
0,2645,2653,Robotank
0,2641,2649,Robotank
0,2637,2645,Robotank
0,2633,2641,Robotank
0,2629,2637,Robotank
0,2625,2633,Robotank
0,2621,2629,Robotank
0,2617,2625,Robotank
0,2613,2621,Robotank
0,2609,2617,Robotank
0,2605,2613,Robotank
0,2601,2609,Robotank
0,2597,2605,Robotank
0,2593,2601,Robotank
0,2589,2597,Robotank
0,2585,2593,Robotank
0,2581,2589,Robotank
0,2577,2585,Robotank
0,2573,2581,Robotank
0,2569,2577,Robotank
0,2565,2573,Robotank
0,2561,2569,Robotank
0,2557,2565,Robotank
0,2553,2561,Robotank
0,2549,2557,Robotank
0,2545,2553,Robotank
0,2541,2549,Robotank
0,2537,2545,Robotank
0,2533,2541,Robotank
0,2529,2537,Robotank
0,2525,2533,Robotank
0,2521,2529,Robotank
0,2517,2525,Robotank
0,2513,2521,Robotank
0,2509,2517,Robotank
0,2505,2513,Robotank
0,2501,2509,Robotank
0,2497,2505,Robotank
0,2493,2501,Robotank
0,2489,2497,Robotank
0,2485,2493,Robotank
0,2481,2489,Robotank
0,2477,2485,Robotank
0,2473,2481,Robotank
0,2469,2477,Robotank
0,2465,2473,Robotank
0,2461,2469,Robotank
0,2457,2465,Robotank
0,2453,2461,Robotank
0,2449,2457,Robotank
0,2445,2453,Robotank
0,2441,2449,Robotank
0,2437,2445,Robotank
0,2433,2441,Robotank
0,2429,2437,Robotank
0,2425,2433,Robotank
0,2421,2429,Robotank
0,2417,2425,Robotank
0,2413,2421,Robotank
0,2409,2417,Robotank
0,2405,2413,Robotank
0,2401,2409,Robotank
0,2397,2405,Robotank
0,2393,2401,Robotank
0,2389,2397,Robotank
0,2385,2393,Robotank
0,2381,2389,Robotank
0,2377,2385,Robotank
0,2373,2381,Robotank
0,2369,2377,Robotank
0,2365,2373,Robotank
0,2361,2369,Robotank
0,2357,2365,Robotank
0,2353,2361,Robotank
0,2349,2357,Robotank
0,2345,2353,Robotank
0,2341,2349,Robotank
0,2337,2345,Robotank
0,2333,2341,Robotank
0,2329,2337,Robotank
0,2325,2333,Robotank
0,2321,2329,Robotank
0,2317,2325,Robotank
0,2313,2321,Robotank
0,2309,2317,Robotank
0,2305,2313,Robotank
0,2301,2309,Robotank
0,2297,2305,Robotank
0,2293,2301,Robotank
0,2289,2297,Robotank
0,2285,2293,Robotank
0,2281,2289,Robotank
0,2277,2285,Robotank
0,2273,2281,Robotank
0,2269,2277,Robotank
0,2265,2273,Robotank
0,2261,2269,Robotank
0,2257,2265,Robotank
0,2253,2261,Robotank
0,2249,2257,Robotank
0,2245,2253,Robotank
0,2241,2249,Robotank
0,2237,2245,Robotank
0,2233,2241,Robotank
0,2229,2237,Robotank
0,2225,2233,Robotank
0,2221,2229,Robotank
0,2217,2225,Robotank
0,2213,2221,Robotank
0,2209,2217,Robotank
0,2205,2213,Robotank
0,2201,2209,Robotank
0,2197,2205,Robotank
0,2193,2201,Robotank
0,2189,2197,Robotank
0,2185,2193,Robotank
0,2181,2189,Robotank
0,2177,2185,Robotank
0,2173,2181,Robotank
0,2169,2177,Robotank
0,2165,2173,Robotank
0,2161,2169,Robotank
0,2157,2165,Robotank
0,2153,2161,Robotank
0,2149,2157,Robotank
0,2145,2153,Robotank
0,2141,2149,Robotank
0,2137,2145,Robotank
0,2133,2141,Robotank
0,2129,2137,Robotank
0,2125,2133,Robotank
0,2121,2129,Robotank
0,2117,2125,Robotank
0,2113,2121,Robotank
0,2109,2117,Robotank
0,2105,2113,Robotank
0,2101,2109,Robotank
0,2097,2105,Robotank
0,2093,2101,Robotank
0,2089,2097,Robotank
0,2085,2093,Robotank
0,2081,2089,Robotank
0,2077,2085,Robotank
0,2073,2081,Robotank
0,2069,2077,Robotank
0,2065,2073,Robotank
0,2061,2069,Robotank
0,2057,2065,Robotank
0,2053,2061,Robotank
0,2049,2057,Robotank
0,2045,2053,Robotank
0,2041,2049,Robotank
0,2037,2045,Robotank
0,2033,2041,Robotank
0,2029,2037,Robotank
0,2025,2033,Robotank
0,2021,2029,Robotank
0,2017,2025,Robotank
0,2013,2021,Robotank
0,2009,2017,Robotank
0,2005,2013,Robotank
0,2001,2009,Robotank
0,1997,2005,Robotank
0,1993,2001,Robotank
0,1989,1997,Robotank
0,1985,1993,Robotank
0,1981,1989,Robotank
0,1977,1985,Robotank
0,1973,1981,Robotank
0,1969,1977,Robotank
0,1965,1973,Robotank
0,1961,1969,Robotank
0,1957,1965,Robotank
0,1953,1961,Robotank
0,1949,1957,Robotank
0,1945,1953,Robotank
0,1941,1949,Robotank
0,1937,1945,Robotank
0,1933,1941,Robotank
0,1929,1937,Robotank
0,1925,1933,Robotank
0,1921,1929,Robotank
0,1917,1925,Robotank
0,1913,1921,Robotank
0,1909,1917,Robotank
0,1905,1913,Robotank
0,1901,1909,Robotank
0,1897,1905,Robotank
0,1893,1901,Robotank
0,1889,1897,Robotank
0,1885,1893,Robotank
0,1881,1889,Robotank
0,1877,1885,Robotank
0,1873,1881,Robotank
0,1869,1877,Robotank
0,1865,1873,Robotank
0,1861,1869,Robotank
0,1857,1865,Robotank
0,1853,1861,Robotank
0,1849,1857,Robotank
0,1845,1853,Robotank
0,1841,1849,Robotank
0,1837,1845,Robotank
0,1833,1841,Robotank
0,1829,1837,Robotank
0,1825,1833,Robotank
0,1821,1829,Robotank
0,1817,1825,Robotank
0,1813,1821,Robotank
0,1809,1817,Robotank
0,1805,1813,Robotank
0,1801,1809,Robotank
0,1797,1805,Robotank
0,1793,1801,Robotank
0,1789,1797,Robotank
0,1785,1793,Robotank
0,1781,1789,Robotank
0,1777,1785,Robotank
0,1773,1781,Robotank
0,1769,1777,Robotank
0,1765,1773,Robotank
0,1761,1769,Robotank
0,1757,1765,Robotank
0,1753,1761,Robotank
0,1749,1757,Robotank
0,1745,1753,Robotank
0,1741,1749,Robotank
0,1737,1745,Robotank
0,1733,1741,Robotank
0,1729,1737,Robotank
0,1725,1733,Robotank
0,1721,1729,Robotank
0,1717,1725,Robotank
0,1713,1721,Robotank
0,1709,1717,Robotank
0,1705,1713,Robotank
0,1701,1709,Robotank
0,1697,1705,Robotank
0,1693,1701,Robotank
0,1689,1697,Robotank
0,1685,1693,Robotank
0,1681,1689,Robotank
0,1677,1685,Robotank
0,1673,1681,Robotank
0,1669,1677,Robotank
0,1665,1673,Robotank
0,1661,1669,Robotank
0,1657,1665,Robotank
0,1653,1661,Robotank
0,1649,1657,Robotank
0,1645,1653,Robotank
0,1641,1649,Robotank
0,1637,1645,Robotank
0,1633,1641,Robotank
0,1629,1637,Robotank
0,1625,1633,Robotank
0,1621,1629,Robotank
0,1617,1625,Robotank
0,1613,1621,Robotank
0,1609,1617,Robotank
0,1605,1613,Robotank
0,1601,1609,Robotank
0,1597,1605,Robotank
0,1593,1601,Robotank
0,1589,1597,Robotank
0,1585,1593,Robotank
0,1581,1589,Robotank
0,1577,1585,Robotank
0,1573,1581,Robotank
0,1569,1577,Robotank
0,1565,1573,Robotank
0,1561,1569,Robotank
0,1557,1565,Robotank
0,1553,1561,Robotank
0,1549,1557,Robotank
0,1545,1553,Robotank
0,1541,1549,Robotank
0,1537,1545,Robotank
0,1533,1541,Robotank
0,1529,1537,Robotank
0,1525,1533,Robotank
0,1521,1529,Robotank
0,1517,1525,Robotank
0,1513,1521,Robotank
0,1509,1517,Robotank
0,1505,1513,Robotank
0,1501,1509,Robotank
0,1497,1505,Robotank
0,1493,1501,Robotank
0,1489,1497,Robotank
0,1485,1493,Robotank
0,1481,1489,Robotank
0,1477,1485,Robotank
0,1473,1481,Robotank
0,1469,1477,Robotank
0,1465,1473,Robotank
0,1461,1469,Robotank
0,1457,1465,Robotank
0,1453,1461,Robotank
0,1449,1457,Robotank
0,1445,1453,Robotank
0,1441,1449,Robotank
0,1437,1445,Robotank
0,1433,1441,Robotank
0,1429,1437,Robotank
0,1425,1433,Robotank
0,1421,1429,Robotank
0,1417,1425,Robotank
0,1413,1421,Robotank
0,1409,1417,Robotank
0,1405,1413,Robotank
0,1401,1409,Robotank
0,1397,1405,Robotank
0,1393,1401,Robotank
0,1389,1397,Robotank
0,1385,1393,Robotank
0,1381,1389,Robotank
0,1377,1385,Robotank
0,1373,1381,Robotank
0,1369,1377,Robotank
0,1365,1373,Robotank
0,1361,1369,Robotank
0,1357,1365,Robotank
0,1353,1361,Robotank
0,1349,1357,Robotank
0,1345,1353,Robotank
0,1341,1349,Robotank
0,1337,1345,Robotank
0,1333,1341,Robotank
0,1329,1337,Robotank
0,1325,1333,Robotank
0,1321,1329,Robotank
0,1317,1325,Robotank
0,1313,1321,Robotank
0,1309,1317,Robotank
0,1305,1313,Robotank
0,1301,1309,Robotank
0,1297,1305,Robotank
0,1293,1301,Robotank
0,1289,1297,Robotank
0,1285,1293,Robotank
0,1281,1289,Robotank
0,1277,1285,Robotank
0,1273,1281,Robotank
0,1269,1277,Robotank
0,1265,1273,Robotank
0,1261,1269,Robotank
0,1257,1265,Robotank
0,1253,1261,Robotank
0,1249,1257,Robotank
0,1245,1253,Robotank
0,1241,1249,Robotank
0,1237,1245,Robotank
0,1233,1241,Robotank
0,1229,1237,Robotank
0,1225,1233,Robotank
0,1221,1229,Robotank
0,1217,1225,Robotank
0,1213,1221,Robotank
0,1209,1217,Robotank
0,1205,1213,Robotank
0,1201,1209,Robotank
0,1197,1205,Robotank
0,1193,1201,Robotank
0,1189,1197,Robotank
0,1185,1193,Robotank
0,1181,1189,Robotank
0,1177,1185,Robotank
0,1173,1181,Robotank
0,1169,1177,Robotank
0,1165,1173,Robotank
0,1161,1169,Robotank
0,1157,1165,Robotank
0,1153,1161,Robotank
0,1149,1157,Robotank
0,1145,1153,Robotank
0,1141,1149,Robotank
0,1137,1145,Robotank
0,1133,1141,Robotank
0,1129,1137,Robotank
0,1125,1133,Robotank
0,1121,1129,Robotank
0,1117,1125,Robotank
0,1113,1121,Robotank
0,1109,1117,Robotank
0,1105,1113,Robotank
0,1101,1109,Robotank
0,1097,1105,Robotank
0,1093,1101,Robotank
0,1089,1097,Robotank
0,1085,1093,Robotank
0,1081,1089,Robotank
0,1077,1085,Robotank
0,1073,1081,Robotank
0,1069,1077,Robotank
0,1065,1073,Robotank
0,1061,1069,Robotank
0,1057,1065,Robotank
0,1053,1061,Robotank
0,1049,1057,Robotank
0,1045,1053,Robotank
0,1041,1049,Robotank
0,1037,1045,Robotank
0,1033,1041,Robotank
0,1029,1037,Robotank
0,1025,1033,Robotank
0,1021,1029,Robotank
0,1017,1025,Robotank
0,1013,1021,Robotank
0,1009,1017,Robotank
0,1005,1013,Robotank
0,1001,1009,Robotank
0,997,1005,Robotank
0,993,1001,Robotank
0,989,997,Robotank
0,985,993,Robotank
0,981,989,Robotank
0,977,985,Robotank
0,973,981,Robotank
0,969,977,Robotank
0,965,973,Robotank
0,961,969,Robotank
0,957,965,Robotank
0,953,961,Robotank
0,949,957,Robotank
0,945,953,Robotank
0,941,949,Robotank
0,937,945,Robotank
0,933,941,Robotank
0,929,937,Robotank
0,925,933,Robotank
0,921,929,Robotank
0,917,925,Robotank
0,913,921,Robotank
0,909,917,Robotank
0,905,913,Robotank
0,901,909,Robotank
0,897,905,Robotank
0,893,901,Robotank
0,889,897,Robotank
0,885,893,Robotank
0,881,889,Robotank
0,877,885,Robotank
0,873,881,Robotank
0,869,877,Robotank
0,865,873,Robotank
0,861,869,Robotank
0,857,865,Robotank
0,853,861,Robotank
0,849,857,Robotank
0,845,853,Robotank
0,841,849,Robotank
0,837,845,Robotank
0,833,841,Robotank
0,829,837,Robotank
0,825,833,Robotank
0,821,829,Robotank
0,817,825,Robotank
0,813,821,Robotank
0,809,817,Robotank
0,805,813,Robotank
0,801,809,Robotank
0,797,805,Robotank
0,793,801,Robotank
0,789,797,Robotank
0,785,793,Robotank
0,781,789,Robotank
0,777,785,Robotank
0,773,781,Robotank
0,769,777,Robotank
0,765,773,Robotank
0,761,769,Robotank
0,757,765,Robotank
0,753,761,Robotank
0,749,757,Robotank
0,745,753,Robotank
0,741,749,Robotank
0,737,745,Robotank
0,733,741,Robotank
0,729,737,Robotank
0,725,733,Robotank
0,721,729,Robotank
0,717,725,Robotank
0,713,721,Robotank
0,709,717,Robotank
0,705,713,Robotank
0,701,709,Robotank
0,697,705,Robotank
0,693,701,Robotank
0,689,697,Robotank
0,685,693,Robotank
0,681,689,Robotank
0,677,685,Robotank
0,673,681,Robotank
0,669,677,Robotank
0,665,673,Robotank
0,661,669,Robotank
0,657,665,Robotank
0,653,661,Robotank
0,649,657,Robotank
0,645,653,Robotank
0,641,649,Robotank
0,637,645,Robotank
0,633,641,Robotank
0,629,637,Robotank
0,625,633,Robotank
0,621,629,Robotank
0,617,625,Robotank
0,613,621,Robotank
0,609,617,Robotank
0,605,613,Robotank
0,601,609,Robotank
0,597,605,Robotank
0,593,601,Robotank
0,589,597,Robotank
0,585,593,Robotank
0,581,589,Robotank
0,577,585,Robotank
0,573,581,Robotank
0,569,577,Robotank
0,565,573,Robotank
0,561,569,Robotank
0,557,565,Robotank
0,553,561,Robotank
0,549,557,Robotank
0,545,553,Robotank
0,541,549,Robotank
0,537,545,Robotank
0,533,541,Robotank
0,529,537,Robotank
0,525,533,Robotank
0,521,529,Robotank
0,517,525,Robotank
0,513,521,Robotank
0,509,517,Robotank
0,505,513,Robotank
0,501,509,Robotank
0,497,505,Robotank
0,493,501,Robotank
0,489,497,Robotank
0,485,493,Robotank
0,481,489,Robotank
0,477,485,Robotank
0,473,481,Robotank
0,469,477,Robotank
0,465,473,Robotank
0,461,469,Robotank
0,457,465,Robotank
0,453,461,Robotank
0,449,457,Robotank
0,445,453,Robotank
0,441,449,Robotank
0,437,445,Robotank
0,433,441,Robotank
0,429,437,Robotank
0,425,433,Robotank
0,421,429,Robotank
0,417,425,Robotank
0,413,421,Robotank
0,409,417,Robotank
0,405,413,Robotank
0,401,409,Robotank
0,397,405,Robotank
0,393,401,Robotank
0,389,397,Robotank
0,385,393,Robotank
0,381,389,Robotank
0,377,385,Robotank
0,373,381,Robotank
0,369,377,Robotank
0,365,373,Robotank
0,361,369,Robotank
0,357,365,Robotank
0,353,361,Robotank
0,349,357,Robotank
0,345,353,Robotank
0,341,349,Robotank
0,337,345,Robotank
0,333,341,Robotank
0,329,337,Robotank
0,325,333,Robotank
0,321,329,Robotank
0,317,325,Robotank
0,313,321,Robotank
0,309,317,Robotank
0,305,313,Robotank
0,301,309,Robotank
0,297,305,Robotank
0,293,301,Robotank
0,289,297,Robotank
0,285,293,Robotank
0,281,289,Robotank
0,277,285,Robotank
0,273,281,Robotank
0,269,277,Robotank
0,265,273,Robotank
0,261,269,Robotank
0,257,265,Robotank
0,253,261,Robotank
0,249,257,Robotank
0,245,253,Robotank
0,241,249,Robotank
0,237,245,Robotank
0,233,241,Robotank
0,229,237,Robotank
0,225,233,Robotank
0,221,229,Robotank
0,217,225,Robotank
0,213,221,Robotank
0,209,217,Robotank
0,205,213,Robotank
0,201,209,Robotank
0,197,205,Robotank
0,193,201,Robotank
0,189,197,Robotank
0,185,193,Robotank
0,181,189,Robotank
0,177,185,Robotank
0,173,181,Robotank
0,169,177,Robotank
0,165,173,Robotank
0,161,169,Robotank
0,157,165,Robotank
0,153,161,Robotank
0,149,157,Robotank
0,145,153,Robotank
0,141,149,Robotank
0,137,145,Robotank
0,133,141,Robotank
0,129,137,Robotank
0,125,133,Robotank
0,121,129,Robotank
0,117,125,Robotank
0,113,121,Robotank
0,109,117,Robotank
0,105,113,Robotank
0,101,109,Robotank
0,97,105,Robotank
0,93,101,Robotank
0,89,97,Robotank
0,85,93,Robotank
0,81,89,Robotank
0,77,85,Robotank
0,73,81,Robotank
0,69,77,Robotank
0,65,73,Robotank
0,61,69,Robotank
0,57,65,Robotank
0,53,61,Robotank
0,49,57,Robotank
0,45,53,Robotank
0,41,49,Robotank
0,37,45,Robotank
0,33,41,Robotank
0,29,37,Robotank
0,25,33,Robotank
0,21,29,Robotank
0,17,25,Robotank
0,13,21,Robotank
0,9,17,Robotank
0,5,13,Robotank
0,1,9,Robotank
0,-3,5,Robotank
0,-7,1,Robotank
