Episode index,Start index,End index,Environment
0,828,836,YarsRevenge
0,824,832,YarsRevenge
0,820,828,YarsRevenge
0,816,824,YarsRevenge
0,812,820,YarsRevenge
0,808,816,YarsRevenge
0,804,812,YarsRevenge
0,800,808,YarsRevenge
0,796,804,YarsRevenge
0,792,800,YarsRevenge
0,788,796,YarsRevenge
0,784,792,YarsRevenge
0,780,788,YarsRevenge
0,776,784,YarsRevenge
0,772,780,YarsRevenge
0,768,776,YarsRevenge
0,764,772,YarsRevenge
0,760,768,YarsRevenge
0,756,764,YarsRevenge
0,752,760,YarsRevenge
0,748,756,YarsRevenge
0,744,752,YarsRevenge
0,740,748,YarsRevenge
0,736,744,YarsRevenge
0,732,740,YarsRevenge
0,728,736,YarsRevenge
0,724,732,YarsRevenge
0,720,728,YarsRevenge
0,716,724,YarsRevenge
0,712,720,YarsRevenge
0,708,716,YarsRevenge
0,704,712,YarsRevenge
0,700,708,YarsRevenge
0,696,704,YarsRevenge
0,692,700,YarsRevenge
0,688,696,YarsRevenge
0,684,692,YarsRevenge
0,680,688,YarsRevenge
0,676,684,YarsRevenge
0,672,680,YarsRevenge
0,668,676,YarsRevenge
0,664,672,YarsRevenge
0,660,668,YarsRevenge
0,656,664,YarsRevenge
0,652,660,YarsRevenge
0,648,656,YarsRevenge
0,644,652,YarsRevenge
0,640,648,YarsRevenge
0,636,644,YarsRevenge
0,632,640,YarsRevenge
0,628,636,YarsRevenge
0,624,632,YarsRevenge
0,620,628,YarsRevenge
0,616,624,YarsRevenge
0,612,620,YarsRevenge
0,608,616,YarsRevenge
0,604,612,YarsRevenge
0,600,608,YarsRevenge
0,596,604,YarsRevenge
0,592,600,YarsRevenge
0,588,596,YarsRevenge
0,584,592,YarsRevenge
0,580,588,YarsRevenge
0,576,584,YarsRevenge
0,572,580,YarsRevenge
0,568,576,YarsRevenge
0,564,572,YarsRevenge
0,560,568,YarsRevenge
0,556,564,YarsRevenge
0,552,560,YarsRevenge
0,548,556,YarsRevenge
0,544,552,YarsRevenge
0,540,548,YarsRevenge
0,536,544,YarsRevenge
0,532,540,YarsRevenge
0,528,536,YarsRevenge
0,524,532,YarsRevenge
0,520,528,YarsRevenge
0,516,524,YarsRevenge
0,512,520,YarsRevenge
0,508,516,YarsRevenge
0,504,512,YarsRevenge
0,500,508,YarsRevenge
0,496,504,YarsRevenge
0,492,500,YarsRevenge
0,488,496,YarsRevenge
0,484,492,YarsRevenge
0,480,488,YarsRevenge
0,476,484,YarsRevenge
0,472,480,YarsRevenge
0,468,476,YarsRevenge
0,464,472,YarsRevenge
0,460,468,YarsRevenge
0,456,464,YarsRevenge
0,452,460,YarsRevenge
0,448,456,YarsRevenge
0,444,452,YarsRevenge
0,440,448,YarsRevenge
0,436,444,YarsRevenge
0,432,440,YarsRevenge
0,428,436,YarsRevenge
0,424,432,YarsRevenge
0,420,428,YarsRevenge
0,416,424,YarsRevenge
0,412,420,YarsRevenge
0,408,416,YarsRevenge
0,404,412,YarsRevenge
0,400,408,YarsRevenge
0,396,404,YarsRevenge
0,392,400,YarsRevenge
0,388,396,YarsRevenge
0,384,392,YarsRevenge
0,380,388,YarsRevenge
0,376,384,YarsRevenge
0,372,380,YarsRevenge
0,368,376,YarsRevenge
0,364,372,YarsRevenge
0,360,368,YarsRevenge
0,356,364,YarsRevenge
0,352,360,YarsRevenge
0,348,356,YarsRevenge
0,344,352,YarsRevenge
0,340,348,YarsRevenge
0,336,344,YarsRevenge
0,332,340,YarsRevenge
0,328,336,YarsRevenge
0,324,332,YarsRevenge
0,320,328,YarsRevenge
0,316,324,YarsRevenge
0,312,320,YarsRevenge
0,308,316,YarsRevenge
0,304,312,YarsRevenge
0,300,308,YarsRevenge
0,296,304,YarsRevenge
0,292,300,YarsRevenge
0,288,296,YarsRevenge
0,284,292,YarsRevenge
0,280,288,YarsRevenge
0,276,284,YarsRevenge
0,272,280,YarsRevenge
0,268,276,YarsRevenge
0,264,272,YarsRevenge
0,260,268,YarsRevenge
0,256,264,YarsRevenge
0,252,260,YarsRevenge
0,248,256,YarsRevenge
0,244,252,YarsRevenge
0,240,248,YarsRevenge
0,236,244,YarsRevenge
0,232,240,YarsRevenge
0,228,236,YarsRevenge
0,224,232,YarsRevenge
0,220,228,YarsRevenge
0,216,224,YarsRevenge
0,212,220,YarsRevenge
0,208,216,YarsRevenge
0,204,212,YarsRevenge
0,200,208,YarsRevenge
0,196,204,YarsRevenge
0,192,200,YarsRevenge
0,188,196,YarsRevenge
0,184,192,YarsRevenge
0,180,188,YarsRevenge
0,176,184,YarsRevenge
0,172,180,YarsRevenge
0,168,176,YarsRevenge
0,164,172,YarsRevenge
0,160,168,YarsRevenge
0,156,164,YarsRevenge
0,152,160,YarsRevenge
0,148,156,YarsRevenge
0,144,152,YarsRevenge
0,140,148,YarsRevenge
0,136,144,YarsRevenge
0,132,140,YarsRevenge
0,128,136,YarsRevenge
0,124,132,YarsRevenge
0,120,128,YarsRevenge
0,116,124,YarsRevenge
0,112,120,YarsRevenge
0,108,116,YarsRevenge
0,104,112,YarsRevenge
0,100,108,YarsRevenge
0,96,104,YarsRevenge
0,92,100,YarsRevenge
0,88,96,YarsRevenge
0,84,92,YarsRevenge
0,80,88,YarsRevenge
0,76,84,YarsRevenge
0,72,80,YarsRevenge
0,68,76,YarsRevenge
0,64,72,YarsRevenge
0,60,68,YarsRevenge
0,56,64,YarsRevenge
0,52,60,YarsRevenge
0,48,56,YarsRevenge
0,44,52,YarsRevenge
0,40,48,YarsRevenge
0,36,44,YarsRevenge
0,32,40,YarsRevenge
0,28,36,YarsRevenge
0,24,32,YarsRevenge
0,20,28,YarsRevenge
0,16,24,YarsRevenge
0,12,20,YarsRevenge
0,8,16,YarsRevenge
0,4,12,YarsRevenge
0,0,8,YarsRevenge
0,-4,4,YarsRevenge
1,657,665,YarsRevenge
1,653,661,YarsRevenge
1,649,657,YarsRevenge
1,645,653,YarsRevenge
1,641,649,YarsRevenge
1,637,645,YarsRevenge
1,633,641,YarsRevenge
1,629,637,YarsRevenge
1,625,633,YarsRevenge
1,621,629,YarsRevenge
1,617,625,YarsRevenge
1,613,621,YarsRevenge
1,609,617,YarsRevenge
1,605,613,YarsRevenge
1,601,609,YarsRevenge
1,597,605,YarsRevenge
1,593,601,YarsRevenge
1,589,597,YarsRevenge
1,585,593,YarsRevenge
1,581,589,YarsRevenge
1,577,585,YarsRevenge
1,573,581,YarsRevenge
1,569,577,YarsRevenge
1,565,573,YarsRevenge
1,561,569,YarsRevenge
1,557,565,YarsRevenge
1,553,561,YarsRevenge
1,549,557,YarsRevenge
1,545,553,YarsRevenge
1,541,549,YarsRevenge
1,537,545,YarsRevenge
1,533,541,YarsRevenge
1,529,537,YarsRevenge
1,525,533,YarsRevenge
1,521,529,YarsRevenge
1,517,525,YarsRevenge
1,513,521,YarsRevenge
1,509,517,YarsRevenge
1,505,513,YarsRevenge
1,501,509,YarsRevenge
1,497,505,YarsRevenge
1,493,501,YarsRevenge
1,489,497,YarsRevenge
1,485,493,YarsRevenge
1,481,489,YarsRevenge
1,477,485,YarsRevenge
1,473,481,YarsRevenge
1,469,477,YarsRevenge
1,465,473,YarsRevenge
1,461,469,YarsRevenge
1,457,465,YarsRevenge
1,453,461,YarsRevenge
1,449,457,YarsRevenge
1,445,453,YarsRevenge
1,441,449,YarsRevenge
1,437,445,YarsRevenge
1,433,441,YarsRevenge
1,429,437,YarsRevenge
1,425,433,YarsRevenge
1,421,429,YarsRevenge
1,417,425,YarsRevenge
1,413,421,YarsRevenge
1,409,417,YarsRevenge
1,405,413,YarsRevenge
1,401,409,YarsRevenge
1,397,405,YarsRevenge
1,393,401,YarsRevenge
1,389,397,YarsRevenge
1,385,393,YarsRevenge
1,381,389,YarsRevenge
1,377,385,YarsRevenge
1,373,381,YarsRevenge
1,369,377,YarsRevenge
1,365,373,YarsRevenge
1,361,369,YarsRevenge
1,357,365,YarsRevenge
1,353,361,YarsRevenge
1,349,357,YarsRevenge
1,345,353,YarsRevenge
1,341,349,YarsRevenge
1,337,345,YarsRevenge
1,333,341,YarsRevenge
1,329,337,YarsRevenge
1,325,333,YarsRevenge
1,321,329,YarsRevenge
1,317,325,YarsRevenge
1,313,321,YarsRevenge
1,309,317,YarsRevenge
1,305,313,YarsRevenge
1,301,309,YarsRevenge
1,297,305,YarsRevenge
1,293,301,YarsRevenge
1,289,297,YarsRevenge
1,285,293,YarsRevenge
1,281,289,YarsRevenge
1,277,285,YarsRevenge
1,273,281,YarsRevenge
1,269,277,YarsRevenge
1,265,273,YarsRevenge
1,261,269,YarsRevenge
1,257,265,YarsRevenge
1,253,261,YarsRevenge
1,249,257,YarsRevenge
1,245,253,YarsRevenge
1,241,249,YarsRevenge
1,237,245,YarsRevenge
1,233,241,YarsRevenge
1,229,237,YarsRevenge
1,225,233,YarsRevenge
1,221,229,YarsRevenge
1,217,225,YarsRevenge
1,213,221,YarsRevenge
1,209,217,YarsRevenge
1,205,213,YarsRevenge
1,201,209,YarsRevenge
1,197,205,YarsRevenge
1,193,201,YarsRevenge
1,189,197,YarsRevenge
1,185,193,YarsRevenge
1,181,189,YarsRevenge
1,177,185,YarsRevenge
1,173,181,YarsRevenge
1,169,177,YarsRevenge
1,165,173,YarsRevenge
1,161,169,YarsRevenge
1,157,165,YarsRevenge
1,153,161,YarsRevenge
1,149,157,YarsRevenge
1,145,153,YarsRevenge
1,141,149,YarsRevenge
1,137,145,YarsRevenge
1,133,141,YarsRevenge
1,129,137,YarsRevenge
1,125,133,YarsRevenge
1,121,129,YarsRevenge
1,117,125,YarsRevenge
1,113,121,YarsRevenge
1,109,117,YarsRevenge
1,105,113,YarsRevenge
1,101,109,YarsRevenge
1,97,105,YarsRevenge
1,93,101,YarsRevenge
1,89,97,YarsRevenge
1,85,93,YarsRevenge
1,81,89,YarsRevenge
1,77,85,YarsRevenge
1,73,81,YarsRevenge
1,69,77,YarsRevenge
1,65,73,YarsRevenge
1,61,69,YarsRevenge
1,57,65,YarsRevenge
1,53,61,YarsRevenge
1,49,57,YarsRevenge
1,45,53,YarsRevenge
1,41,49,YarsRevenge
1,37,45,YarsRevenge
1,33,41,YarsRevenge
1,29,37,YarsRevenge
1,25,33,YarsRevenge
1,21,29,YarsRevenge
1,17,25,YarsRevenge
1,13,21,YarsRevenge
1,9,17,YarsRevenge
1,5,13,YarsRevenge
1,1,9,YarsRevenge
1,-3,5,YarsRevenge
1,-7,1,YarsRevenge
2,1009,1017,YarsRevenge
2,1005,1013,YarsRevenge
2,1001,1009,YarsRevenge
2,997,1005,YarsRevenge
2,993,1001,YarsRevenge
2,989,997,YarsRevenge
2,985,993,YarsRevenge
2,981,989,YarsRevenge
2,977,985,YarsRevenge
2,973,981,YarsRevenge
2,969,977,YarsRevenge
2,965,973,YarsRevenge
2,961,969,YarsRevenge
2,957,965,YarsRevenge
2,953,961,YarsRevenge
2,949,957,YarsRevenge
2,945,953,YarsRevenge
2,941,949,YarsRevenge
2,937,945,YarsRevenge
2,933,941,YarsRevenge
2,929,937,YarsRevenge
2,925,933,YarsRevenge
2,921,929,YarsRevenge
2,917,925,YarsRevenge
2,913,921,YarsRevenge
2,909,917,YarsRevenge
2,905,913,YarsRevenge
2,901,909,YarsRevenge
2,897,905,YarsRevenge
2,893,901,YarsRevenge
2,889,897,YarsRevenge
2,885,893,YarsRevenge
2,881,889,YarsRevenge
2,877,885,YarsRevenge
2,873,881,YarsRevenge
2,869,877,YarsRevenge
2,865,873,YarsRevenge
2,861,869,YarsRevenge
2,857,865,YarsRevenge
2,853,861,YarsRevenge
2,849,857,YarsRevenge
2,845,853,YarsRevenge
2,841,849,YarsRevenge
2,837,845,YarsRevenge
2,833,841,YarsRevenge
2,829,837,YarsRevenge
2,825,833,YarsRevenge
2,821,829,YarsRevenge
2,817,825,YarsRevenge
2,813,821,YarsRevenge
2,809,817,YarsRevenge
2,805,813,YarsRevenge
2,801,809,YarsRevenge
2,797,805,YarsRevenge
2,793,801,YarsRevenge
2,789,797,YarsRevenge
2,785,793,YarsRevenge
2,781,789,YarsRevenge
2,777,785,YarsRevenge
2,773,781,YarsRevenge
2,769,777,YarsRevenge
2,765,773,YarsRevenge
2,761,769,YarsRevenge
2,757,765,YarsRevenge
2,753,761,YarsRevenge
2,749,757,YarsRevenge
2,745,753,YarsRevenge
2,741,749,YarsRevenge
2,737,745,YarsRevenge
2,733,741,YarsRevenge
2,729,737,YarsRevenge
2,725,733,YarsRevenge
2,721,729,YarsRevenge
2,717,725,YarsRevenge
2,713,721,YarsRevenge
2,709,717,YarsRevenge
2,705,713,YarsRevenge
2,701,709,YarsRevenge
2,697,705,YarsRevenge
2,693,701,YarsRevenge
2,689,697,YarsRevenge
2,685,693,YarsRevenge
2,681,689,YarsRevenge
2,677,685,YarsRevenge
2,673,681,YarsRevenge
2,669,677,YarsRevenge
2,665,673,YarsRevenge
2,661,669,YarsRevenge
2,657,665,YarsRevenge
2,653,661,YarsRevenge
2,649,657,YarsRevenge
2,645,653,YarsRevenge
2,641,649,YarsRevenge
2,637,645,YarsRevenge
2,633,641,YarsRevenge
2,629,637,YarsRevenge
2,625,633,YarsRevenge
2,621,629,YarsRevenge
2,617,625,YarsRevenge
2,613,621,YarsRevenge
2,609,617,YarsRevenge
2,605,613,YarsRevenge
2,601,609,YarsRevenge
2,597,605,YarsRevenge
2,593,601,YarsRevenge
2,589,597,YarsRevenge
2,585,593,YarsRevenge
2,581,589,YarsRevenge
2,577,585,YarsRevenge
2,573,581,YarsRevenge
2,569,577,YarsRevenge
2,565,573,YarsRevenge
2,561,569,YarsRevenge
2,557,565,YarsRevenge
2,553,561,YarsRevenge
2,549,557,YarsRevenge
2,545,553,YarsRevenge
2,541,549,YarsRevenge
2,537,545,YarsRevenge
2,533,541,YarsRevenge
2,529,537,YarsRevenge
2,525,533,YarsRevenge
2,521,529,YarsRevenge
2,517,525,YarsRevenge
2,513,521,YarsRevenge
2,509,517,YarsRevenge
2,505,513,YarsRevenge
2,501,509,YarsRevenge
2,497,505,YarsRevenge
2,493,501,YarsRevenge
2,489,497,YarsRevenge
2,485,493,YarsRevenge
2,481,489,YarsRevenge
2,477,485,YarsRevenge
2,473,481,YarsRevenge
2,469,477,YarsRevenge
2,465,473,YarsRevenge
2,461,469,YarsRevenge
2,457,465,YarsRevenge
2,453,461,YarsRevenge
2,449,457,YarsRevenge
2,445,453,YarsRevenge
2,441,449,YarsRevenge
2,437,445,YarsRevenge
2,433,441,YarsRevenge
2,429,437,YarsRevenge
2,425,433,YarsRevenge
2,421,429,YarsRevenge
2,417,425,YarsRevenge
2,413,421,YarsRevenge
2,409,417,YarsRevenge
2,405,413,YarsRevenge
2,401,409,YarsRevenge
2,397,405,YarsRevenge
2,393,401,YarsRevenge
2,389,397,YarsRevenge
2,385,393,YarsRevenge
2,381,389,YarsRevenge
2,377,385,YarsRevenge
2,373,381,YarsRevenge
2,369,377,YarsRevenge
2,365,373,YarsRevenge
2,361,369,YarsRevenge
2,357,365,YarsRevenge
2,353,361,YarsRevenge
2,349,357,YarsRevenge
2,345,353,YarsRevenge
2,341,349,YarsRevenge
2,337,345,YarsRevenge
2,333,341,YarsRevenge
2,329,337,YarsRevenge
2,325,333,YarsRevenge
2,321,329,YarsRevenge
2,317,325,YarsRevenge
2,313,321,YarsRevenge
2,309,317,YarsRevenge
2,305,313,YarsRevenge
2,301,309,YarsRevenge
2,297,305,YarsRevenge
2,293,301,YarsRevenge
2,289,297,YarsRevenge
2,285,293,YarsRevenge
2,281,289,YarsRevenge
2,277,285,YarsRevenge
2,273,281,YarsRevenge
2,269,277,YarsRevenge
2,265,273,YarsRevenge
2,261,269,YarsRevenge
2,257,265,YarsRevenge
2,253,261,YarsRevenge
2,249,257,YarsRevenge
2,245,253,YarsRevenge
2,241,249,YarsRevenge
2,237,245,YarsRevenge
2,233,241,YarsRevenge
2,229,237,YarsRevenge
2,225,233,YarsRevenge
2,221,229,YarsRevenge
2,217,225,YarsRevenge
2,213,221,YarsRevenge
2,209,217,YarsRevenge
2,205,213,YarsRevenge
2,201,209,YarsRevenge
2,197,205,YarsRevenge
2,193,201,YarsRevenge
2,189,197,YarsRevenge
2,185,193,YarsRevenge
2,181,189,YarsRevenge
2,177,185,YarsRevenge
2,173,181,YarsRevenge
2,169,177,YarsRevenge
2,165,173,YarsRevenge
2,161,169,YarsRevenge
2,157,165,YarsRevenge
2,153,161,YarsRevenge
2,149,157,YarsRevenge
2,145,153,YarsRevenge
2,141,149,YarsRevenge
2,137,145,YarsRevenge
2,133,141,YarsRevenge
2,129,137,YarsRevenge
2,125,133,YarsRevenge
2,121,129,YarsRevenge
2,117,125,YarsRevenge
2,113,121,YarsRevenge
2,109,117,YarsRevenge
2,105,113,YarsRevenge
2,101,109,YarsRevenge
2,97,105,YarsRevenge
2,93,101,YarsRevenge
2,89,97,YarsRevenge
2,85,93,YarsRevenge
2,81,89,YarsRevenge
2,77,85,YarsRevenge
2,73,81,YarsRevenge
2,69,77,YarsRevenge
2,65,73,YarsRevenge
2,61,69,YarsRevenge
2,57,65,YarsRevenge
2,53,61,YarsRevenge
2,49,57,YarsRevenge
2,45,53,YarsRevenge
2,41,49,YarsRevenge
2,37,45,YarsRevenge
2,33,41,YarsRevenge
2,29,37,YarsRevenge
2,25,33,YarsRevenge
2,21,29,YarsRevenge
2,17,25,YarsRevenge
2,13,21,YarsRevenge
2,9,17,YarsRevenge
2,5,13,YarsRevenge
2,1,9,YarsRevenge
2,-3,5,YarsRevenge
2,-7,1,YarsRevenge
3,697,705,YarsRevenge
3,693,701,YarsRevenge
3,689,697,YarsRevenge
3,685,693,YarsRevenge
3,681,689,YarsRevenge
3,677,685,YarsRevenge
3,673,681,YarsRevenge
3,669,677,YarsRevenge
3,665,673,YarsRevenge
3,661,669,YarsRevenge
3,657,665,YarsRevenge
3,653,661,YarsRevenge
3,649,657,YarsRevenge
3,645,653,YarsRevenge
3,641,649,YarsRevenge
3,637,645,YarsRevenge
3,633,641,YarsRevenge
3,629,637,YarsRevenge
3,625,633,YarsRevenge
3,621,629,YarsRevenge
3,617,625,YarsRevenge
3,613,621,YarsRevenge
3,609,617,YarsRevenge
3,605,613,YarsRevenge
3,601,609,YarsRevenge
3,597,605,YarsRevenge
3,593,601,YarsRevenge
3,589,597,YarsRevenge
3,585,593,YarsRevenge
3,581,589,YarsRevenge
3,577,585,YarsRevenge
3,573,581,YarsRevenge
3,569,577,YarsRevenge
3,565,573,YarsRevenge
3,561,569,YarsRevenge
3,557,565,YarsRevenge
3,553,561,YarsRevenge
3,549,557,YarsRevenge
3,545,553,YarsRevenge
3,541,549,YarsRevenge
3,537,545,YarsRevenge
3,533,541,YarsRevenge
3,529,537,YarsRevenge
3,525,533,YarsRevenge
3,521,529,YarsRevenge
3,517,525,YarsRevenge
3,513,521,YarsRevenge
3,509,517,YarsRevenge
3,505,513,YarsRevenge
3,501,509,YarsRevenge
3,497,505,YarsRevenge
3,493,501,YarsRevenge
3,489,497,YarsRevenge
3,485,493,YarsRevenge
3,481,489,YarsRevenge
3,477,485,YarsRevenge
3,473,481,YarsRevenge
3,469,477,YarsRevenge
3,465,473,YarsRevenge
3,461,469,YarsRevenge
3,457,465,YarsRevenge
3,453,461,YarsRevenge
3,449,457,YarsRevenge
3,445,453,YarsRevenge
3,441,449,YarsRevenge
3,437,445,YarsRevenge
3,433,441,YarsRevenge
3,429,437,YarsRevenge
3,425,433,YarsRevenge
3,421,429,YarsRevenge
3,417,425,YarsRevenge
3,413,421,YarsRevenge
3,409,417,YarsRevenge
3,405,413,YarsRevenge
3,401,409,YarsRevenge
3,397,405,YarsRevenge
3,393,401,YarsRevenge
3,389,397,YarsRevenge
3,385,393,YarsRevenge
3,381,389,YarsRevenge
3,377,385,YarsRevenge
3,373,381,YarsRevenge
3,369,377,YarsRevenge
3,365,373,YarsRevenge
3,361,369,YarsRevenge
3,357,365,YarsRevenge
3,353,361,YarsRevenge
3,349,357,YarsRevenge
3,345,353,YarsRevenge
3,341,349,YarsRevenge
3,337,345,YarsRevenge
3,333,341,YarsRevenge
3,329,337,YarsRevenge
3,325,333,YarsRevenge
3,321,329,YarsRevenge
3,317,325,YarsRevenge
3,313,321,YarsRevenge
3,309,317,YarsRevenge
3,305,313,YarsRevenge
3,301,309,YarsRevenge
3,297,305,YarsRevenge
3,293,301,YarsRevenge
3,289,297,YarsRevenge
3,285,293,YarsRevenge
3,281,289,YarsRevenge
3,277,285,YarsRevenge
3,273,281,YarsRevenge
3,269,277,YarsRevenge
3,265,273,YarsRevenge
3,261,269,YarsRevenge
3,257,265,YarsRevenge
3,253,261,YarsRevenge
3,249,257,YarsRevenge
3,245,253,YarsRevenge
3,241,249,YarsRevenge
3,237,245,YarsRevenge
3,233,241,YarsRevenge
3,229,237,YarsRevenge
3,225,233,YarsRevenge
3,221,229,YarsRevenge
3,217,225,YarsRevenge
3,213,221,YarsRevenge
3,209,217,YarsRevenge
3,205,213,YarsRevenge
3,201,209,YarsRevenge
3,197,205,YarsRevenge
3,193,201,YarsRevenge
3,189,197,YarsRevenge
3,185,193,YarsRevenge
3,181,189,YarsRevenge
3,177,185,YarsRevenge
3,173,181,YarsRevenge
3,169,177,YarsRevenge
3,165,173,YarsRevenge
3,161,169,YarsRevenge
3,157,165,YarsRevenge
3,153,161,YarsRevenge
3,149,157,YarsRevenge
3,145,153,YarsRevenge
3,141,149,YarsRevenge
3,137,145,YarsRevenge
3,133,141,YarsRevenge
3,129,137,YarsRevenge
3,125,133,YarsRevenge
3,121,129,YarsRevenge
3,117,125,YarsRevenge
3,113,121,YarsRevenge
3,109,117,YarsRevenge
3,105,113,YarsRevenge
3,101,109,YarsRevenge
3,97,105,YarsRevenge
3,93,101,YarsRevenge
3,89,97,YarsRevenge
3,85,93,YarsRevenge
3,81,89,YarsRevenge
3,77,85,YarsRevenge
3,73,81,YarsRevenge
3,69,77,YarsRevenge
3,65,73,YarsRevenge
3,61,69,YarsRevenge
3,57,65,YarsRevenge
3,53,61,YarsRevenge
3,49,57,YarsRevenge
3,45,53,YarsRevenge
3,41,49,YarsRevenge
3,37,45,YarsRevenge
3,33,41,YarsRevenge
3,29,37,YarsRevenge
3,25,33,YarsRevenge
3,21,29,YarsRevenge
3,17,25,YarsRevenge
3,13,21,YarsRevenge
3,9,17,YarsRevenge
3,5,13,YarsRevenge
3,1,9,YarsRevenge
3,-3,5,YarsRevenge
3,-7,1,YarsRevenge
4,966,974,YarsRevenge
4,962,970,YarsRevenge
4,958,966,YarsRevenge
4,954,962,YarsRevenge
4,950,958,YarsRevenge
4,946,954,YarsRevenge
4,942,950,YarsRevenge
4,938,946,YarsRevenge
4,934,942,YarsRevenge
4,930,938,YarsRevenge
4,926,934,YarsRevenge
4,922,930,YarsRevenge
4,918,926,YarsRevenge
4,914,922,YarsRevenge
4,910,918,YarsRevenge
4,906,914,YarsRevenge
4,902,910,YarsRevenge
4,898,906,YarsRevenge
4,894,902,YarsRevenge
4,890,898,YarsRevenge
4,886,894,YarsRevenge
4,882,890,YarsRevenge
4,878,886,YarsRevenge
4,874,882,YarsRevenge
4,870,878,YarsRevenge
4,866,874,YarsRevenge
4,862,870,YarsRevenge
4,858,866,YarsRevenge
4,854,862,YarsRevenge
4,850,858,YarsRevenge
4,846,854,YarsRevenge
4,842,850,YarsRevenge
4,838,846,YarsRevenge
4,834,842,YarsRevenge
4,830,838,YarsRevenge
4,826,834,YarsRevenge
4,822,830,YarsRevenge
4,818,826,YarsRevenge
4,814,822,YarsRevenge
4,810,818,YarsRevenge
4,806,814,YarsRevenge
4,802,810,YarsRevenge
4,798,806,YarsRevenge
4,794,802,YarsRevenge
4,790,798,YarsRevenge
4,786,794,YarsRevenge
4,782,790,YarsRevenge
4,778,786,YarsRevenge
4,774,782,YarsRevenge
4,770,778,YarsRevenge
4,766,774,YarsRevenge
4,762,770,YarsRevenge
4,758,766,YarsRevenge
4,754,762,YarsRevenge
4,750,758,YarsRevenge
4,746,754,YarsRevenge
4,742,750,YarsRevenge
4,738,746,YarsRevenge
4,734,742,YarsRevenge
4,730,738,YarsRevenge
4,726,734,YarsRevenge
4,722,730,YarsRevenge
4,718,726,YarsRevenge
4,714,722,YarsRevenge
4,710,718,YarsRevenge
4,706,714,YarsRevenge
4,702,710,YarsRevenge
4,698,706,YarsRevenge
4,694,702,YarsRevenge
4,690,698,YarsRevenge
4,686,694,YarsRevenge
4,682,690,YarsRevenge
4,678,686,YarsRevenge
4,674,682,YarsRevenge
4,670,678,YarsRevenge
4,666,674,YarsRevenge
4,662,670,YarsRevenge
4,658,666,YarsRevenge
4,654,662,YarsRevenge
4,650,658,YarsRevenge
4,646,654,YarsRevenge
4,642,650,YarsRevenge
4,638,646,YarsRevenge
4,634,642,YarsRevenge
4,630,638,YarsRevenge
4,626,634,YarsRevenge
4,622,630,YarsRevenge
4,618,626,YarsRevenge
4,614,622,YarsRevenge
4,610,618,YarsRevenge
4,606,614,YarsRevenge
4,602,610,YarsRevenge
4,598,606,YarsRevenge
4,594,602,YarsRevenge
4,590,598,YarsRevenge
4,586,594,YarsRevenge
4,582,590,YarsRevenge
4,578,586,YarsRevenge
4,574,582,YarsRevenge
4,570,578,YarsRevenge
4,566,574,YarsRevenge
4,562,570,YarsRevenge
4,558,566,YarsRevenge
4,554,562,YarsRevenge
4,550,558,YarsRevenge
4,546,554,YarsRevenge
4,542,550,YarsRevenge
4,538,546,YarsRevenge
4,534,542,YarsRevenge
4,530,538,YarsRevenge
4,526,534,YarsRevenge
4,522,530,YarsRevenge
4,518,526,YarsRevenge
4,514,522,YarsRevenge
4,510,518,YarsRevenge
4,506,514,YarsRevenge
4,502,510,YarsRevenge
4,498,506,YarsRevenge
4,494,502,YarsRevenge
4,490,498,YarsRevenge
4,486,494,YarsRevenge
4,482,490,YarsRevenge
4,478,486,YarsRevenge
4,474,482,YarsRevenge
4,470,478,YarsRevenge
4,466,474,YarsRevenge
4,462,470,YarsRevenge
4,458,466,YarsRevenge
4,454,462,YarsRevenge
4,450,458,YarsRevenge
4,446,454,YarsRevenge
4,442,450,YarsRevenge
4,438,446,YarsRevenge
4,434,442,YarsRevenge
4,430,438,YarsRevenge
4,426,434,YarsRevenge
4,422,430,YarsRevenge
4,418,426,YarsRevenge
4,414,422,YarsRevenge
4,410,418,YarsRevenge
4,406,414,YarsRevenge
4,402,410,YarsRevenge
4,398,406,YarsRevenge
4,394,402,YarsRevenge
4,390,398,YarsRevenge
4,386,394,YarsRevenge
4,382,390,YarsRevenge
4,378,386,YarsRevenge
4,374,382,YarsRevenge
4,370,378,YarsRevenge
4,366,374,YarsRevenge
4,362,370,YarsRevenge
4,358,366,YarsRevenge
4,354,362,YarsRevenge
4,350,358,YarsRevenge
4,346,354,YarsRevenge
4,342,350,YarsRevenge
4,338,346,YarsRevenge
4,334,342,YarsRevenge
4,330,338,YarsRevenge
4,326,334,YarsRevenge
4,322,330,YarsRevenge
4,318,326,YarsRevenge
4,314,322,YarsRevenge
4,310,318,YarsRevenge
4,306,314,YarsRevenge
4,302,310,YarsRevenge
4,298,306,YarsRevenge
4,294,302,YarsRevenge
4,290,298,YarsRevenge
4,286,294,YarsRevenge
4,282,290,YarsRevenge
4,278,286,YarsRevenge
4,274,282,YarsRevenge
4,270,278,YarsRevenge
4,266,274,YarsRevenge
4,262,270,YarsRevenge
4,258,266,YarsRevenge
4,254,262,YarsRevenge
4,250,258,YarsRevenge
4,246,254,YarsRevenge
4,242,250,YarsRevenge
4,238,246,YarsRevenge
4,234,242,YarsRevenge
4,230,238,YarsRevenge
4,226,234,YarsRevenge
4,222,230,YarsRevenge
4,218,226,YarsRevenge
4,214,222,YarsRevenge
4,210,218,YarsRevenge
4,206,214,YarsRevenge
4,202,210,YarsRevenge
4,198,206,YarsRevenge
4,194,202,YarsRevenge
4,190,198,YarsRevenge
4,186,194,YarsRevenge
4,182,190,YarsRevenge
4,178,186,YarsRevenge
4,174,182,YarsRevenge
4,170,178,YarsRevenge
4,166,174,YarsRevenge
4,162,170,YarsRevenge
4,158,166,YarsRevenge
4,154,162,YarsRevenge
4,150,158,YarsRevenge
4,146,154,YarsRevenge
4,142,150,YarsRevenge
4,138,146,YarsRevenge
4,134,142,YarsRevenge
4,130,138,YarsRevenge
4,126,134,YarsRevenge
4,122,130,YarsRevenge
4,118,126,YarsRevenge
4,114,122,YarsRevenge
4,110,118,YarsRevenge
4,106,114,YarsRevenge
4,102,110,YarsRevenge
4,98,106,YarsRevenge
4,94,102,YarsRevenge
4,90,98,YarsRevenge
4,86,94,YarsRevenge
4,82,90,YarsRevenge
4,78,86,YarsRevenge
4,74,82,YarsRevenge
4,70,78,YarsRevenge
4,66,74,YarsRevenge
4,62,70,YarsRevenge
4,58,66,YarsRevenge
4,54,62,YarsRevenge
4,50,58,YarsRevenge
4,46,54,YarsRevenge
4,42,50,YarsRevenge
4,38,46,YarsRevenge
4,34,42,YarsRevenge
4,30,38,YarsRevenge
4,26,34,YarsRevenge
4,22,30,YarsRevenge
4,18,26,YarsRevenge
4,14,22,YarsRevenge
4,10,18,YarsRevenge
4,6,14,YarsRevenge
4,2,10,YarsRevenge
4,-2,6,YarsRevenge
4,-6,2,YarsRevenge
5,793,801,YarsRevenge
5,789,797,YarsRevenge
5,785,793,YarsRevenge
5,781,789,YarsRevenge
5,777,785,YarsRevenge
5,773,781,YarsRevenge
5,769,777,YarsRevenge
5,765,773,YarsRevenge
5,761,769,YarsRevenge
5,757,765,YarsRevenge
5,753,761,YarsRevenge
5,749,757,YarsRevenge
5,745,753,YarsRevenge
5,741,749,YarsRevenge
5,737,745,YarsRevenge
5,733,741,YarsRevenge
5,729,737,YarsRevenge
5,725,733,YarsRevenge
5,721,729,YarsRevenge
5,717,725,YarsRevenge
5,713,721,YarsRevenge
5,709,717,YarsRevenge
5,705,713,YarsRevenge
5,701,709,YarsRevenge
5,697,705,YarsRevenge
5,693,701,YarsRevenge
5,689,697,YarsRevenge
5,685,693,YarsRevenge
5,681,689,YarsRevenge
5,677,685,YarsRevenge
5,673,681,YarsRevenge
5,669,677,YarsRevenge
5,665,673,YarsRevenge
5,661,669,YarsRevenge
5,657,665,YarsRevenge
5,653,661,YarsRevenge
5,649,657,YarsRevenge
5,645,653,YarsRevenge
5,641,649,YarsRevenge
5,637,645,YarsRevenge
5,633,641,YarsRevenge
5,629,637,YarsRevenge
5,625,633,YarsRevenge
5,621,629,YarsRevenge
5,617,625,YarsRevenge
5,613,621,YarsRevenge
5,609,617,YarsRevenge
5,605,613,YarsRevenge
5,601,609,YarsRevenge
5,597,605,YarsRevenge
5,593,601,YarsRevenge
5,589,597,YarsRevenge
5,585,593,YarsRevenge
5,581,589,YarsRevenge
5,577,585,YarsRevenge
5,573,581,YarsRevenge
5,569,577,YarsRevenge
5,565,573,YarsRevenge
5,561,569,YarsRevenge
5,557,565,YarsRevenge
5,553,561,YarsRevenge
5,549,557,YarsRevenge
5,545,553,YarsRevenge
5,541,549,YarsRevenge
5,537,545,YarsRevenge
5,533,541,YarsRevenge
5,529,537,YarsRevenge
5,525,533,YarsRevenge
5,521,529,YarsRevenge
5,517,525,YarsRevenge
5,513,521,YarsRevenge
5,509,517,YarsRevenge
5,505,513,YarsRevenge
5,501,509,YarsRevenge
5,497,505,YarsRevenge
5,493,501,YarsRevenge
5,489,497,YarsRevenge
5,485,493,YarsRevenge
5,481,489,YarsRevenge
5,477,485,YarsRevenge
5,473,481,YarsRevenge
5,469,477,YarsRevenge
5,465,473,YarsRevenge
5,461,469,YarsRevenge
5,457,465,YarsRevenge
5,453,461,YarsRevenge
5,449,457,YarsRevenge
5,445,453,YarsRevenge
5,441,449,YarsRevenge
5,437,445,YarsRevenge
5,433,441,YarsRevenge
5,429,437,YarsRevenge
5,425,433,YarsRevenge
5,421,429,YarsRevenge
5,417,425,YarsRevenge
5,413,421,YarsRevenge
5,409,417,YarsRevenge
5,405,413,YarsRevenge
5,401,409,YarsRevenge
5,397,405,YarsRevenge
5,393,401,YarsRevenge
5,389,397,YarsRevenge
5,385,393,YarsRevenge
5,381,389,YarsRevenge
5,377,385,YarsRevenge
5,373,381,YarsRevenge
5,369,377,YarsRevenge
5,365,373,YarsRevenge
5,361,369,YarsRevenge
5,357,365,YarsRevenge
5,353,361,YarsRevenge
5,349,357,YarsRevenge
5,345,353,YarsRevenge
5,341,349,YarsRevenge
5,337,345,YarsRevenge
5,333,341,YarsRevenge
5,329,337,YarsRevenge
5,325,333,YarsRevenge
5,321,329,YarsRevenge
5,317,325,YarsRevenge
5,313,321,YarsRevenge
5,309,317,YarsRevenge
5,305,313,YarsRevenge
5,301,309,YarsRevenge
5,297,305,YarsRevenge
5,293,301,YarsRevenge
5,289,297,YarsRevenge
5,285,293,YarsRevenge
5,281,289,YarsRevenge
5,277,285,YarsRevenge
5,273,281,YarsRevenge
5,269,277,YarsRevenge
5,265,273,YarsRevenge
5,261,269,YarsRevenge
5,257,265,YarsRevenge
5,253,261,YarsRevenge
5,249,257,YarsRevenge
5,245,253,YarsRevenge
5,241,249,YarsRevenge
5,237,245,YarsRevenge
5,233,241,YarsRevenge
5,229,237,YarsRevenge
5,225,233,YarsRevenge
5,221,229,YarsRevenge
5,217,225,YarsRevenge
5,213,221,YarsRevenge
5,209,217,YarsRevenge
5,205,213,YarsRevenge
5,201,209,YarsRevenge
5,197,205,YarsRevenge
5,193,201,YarsRevenge
5,189,197,YarsRevenge
5,185,193,YarsRevenge
5,181,189,YarsRevenge
5,177,185,YarsRevenge
5,173,181,YarsRevenge
5,169,177,YarsRevenge
5,165,173,YarsRevenge
5,161,169,YarsRevenge
5,157,165,YarsRevenge
5,153,161,YarsRevenge
5,149,157,YarsRevenge
5,145,153,YarsRevenge
5,141,149,YarsRevenge
5,137,145,YarsRevenge
5,133,141,YarsRevenge
5,129,137,YarsRevenge
5,125,133,YarsRevenge
5,121,129,YarsRevenge
5,117,125,YarsRevenge
5,113,121,YarsRevenge
5,109,117,YarsRevenge
5,105,113,YarsRevenge
5,101,109,YarsRevenge
5,97,105,YarsRevenge
5,93,101,YarsRevenge
5,89,97,YarsRevenge
5,85,93,YarsRevenge
5,81,89,YarsRevenge
5,77,85,YarsRevenge
5,73,81,YarsRevenge
5,69,77,YarsRevenge
5,65,73,YarsRevenge
5,61,69,YarsRevenge
5,57,65,YarsRevenge
5,53,61,YarsRevenge
5,49,57,YarsRevenge
5,45,53,YarsRevenge
5,41,49,YarsRevenge
5,37,45,YarsRevenge
5,33,41,YarsRevenge
5,29,37,YarsRevenge
5,25,33,YarsRevenge
5,21,29,YarsRevenge
5,17,25,YarsRevenge
5,13,21,YarsRevenge
5,9,17,YarsRevenge
5,5,13,YarsRevenge
5,1,9,YarsRevenge
5,-3,5,YarsRevenge
5,-7,1,YarsRevenge
