Episode index,Start index,End index,Environment
0,557,565,Gravitar
0,553,561,Gravitar
0,549,557,Gravitar
0,545,553,Gravitar
0,541,549,Gravitar
0,537,545,Gravitar
0,533,541,Gravitar
0,529,537,Gravitar
0,525,533,Gravitar
0,521,529,Gravitar
0,517,525,Gravitar
0,513,521,Gravitar
0,509,517,Gravitar
0,505,513,Gravitar
0,501,509,Gravitar
0,497,505,Gravitar
0,493,501,Gravitar
0,489,497,Gravitar
0,485,493,Gravitar
0,481,489,Gravitar
0,477,485,Gravitar
0,473,481,Gravitar
0,469,477,Gravitar
0,465,473,Gravitar
0,461,469,Gravitar
0,457,465,Gravitar
0,453,461,Gravitar
0,449,457,Gravitar
0,445,453,Gravitar
0,441,449,Gravitar
0,437,445,Gravitar
0,433,441,Gravitar
0,429,437,Gravitar
0,425,433,Gravitar
0,421,429,Gravitar
0,417,425,Gravitar
0,413,421,Gravitar
0,409,417,Gravitar
0,405,413,Gravitar
0,401,409,Gravitar
0,397,405,Gravitar
0,393,401,Gravitar
0,389,397,Gravitar
0,385,393,Gravitar
0,381,389,Gravitar
0,377,385,Gravitar
0,373,381,Gravitar
0,369,377,Gravitar
0,365,373,Gravitar
0,361,369,Gravitar
0,357,365,Gravitar
0,353,361,Gravitar
0,349,357,Gravitar
0,345,353,Gravitar
0,341,349,Gravitar
0,337,345,Gravitar
0,333,341,Gravitar
0,329,337,Gravitar
0,325,333,Gravitar
0,321,329,Gravitar
0,317,325,Gravitar
0,313,321,Gravitar
0,309,317,Gravitar
0,305,313,Gravitar
0,301,309,Gravitar
0,297,305,Gravitar
0,293,301,Gravitar
0,289,297,Gravitar
0,285,293,Gravitar
0,281,289,Gravitar
0,277,285,Gravitar
0,273,281,Gravitar
0,269,277,Gravitar
0,265,273,Gravitar
0,261,269,Gravitar
0,257,265,Gravitar
0,253,261,Gravitar
0,249,257,Gravitar
0,245,253,Gravitar
0,241,249,Gravitar
0,237,245,Gravitar
0,233,241,Gravitar
0,229,237,Gravitar
0,225,233,Gravitar
0,221,229,Gravitar
0,217,225,Gravitar
0,213,221,Gravitar
0,209,217,Gravitar
0,205,213,Gravitar
0,201,209,Gravitar
0,197,205,Gravitar
0,193,201,Gravitar
0,189,197,Gravitar
0,185,193,Gravitar
0,181,189,Gravitar
0,177,185,Gravitar
0,173,181,Gravitar
0,169,177,Gravitar
0,165,173,Gravitar
0,161,169,Gravitar
0,157,165,Gravitar
0,153,161,Gravitar
0,149,157,Gravitar
0,145,153,Gravitar
0,141,149,Gravitar
0,137,145,Gravitar
0,133,141,Gravitar
0,129,137,Gravitar
0,125,133,Gravitar
0,121,129,Gravitar
0,117,125,Gravitar
0,113,121,Gravitar
0,109,117,Gravitar
0,105,113,Gravitar
0,101,109,Gravitar
0,97,105,Gravitar
0,93,101,Gravitar
0,89,97,Gravitar
0,85,93,Gravitar
0,81,89,Gravitar
0,77,85,Gravitar
0,73,81,Gravitar
0,69,77,Gravitar
0,65,73,Gravitar
0,61,69,Gravitar
0,57,65,Gravitar
0,53,61,Gravitar
0,49,57,Gravitar
0,45,53,Gravitar
0,41,49,Gravitar
0,37,45,Gravitar
0,33,41,Gravitar
0,29,37,Gravitar
0,25,33,Gravitar
0,21,29,Gravitar
0,17,25,Gravitar
0,13,21,Gravitar
0,9,17,Gravitar
0,5,13,Gravitar
0,1,9,Gravitar
0,-3,5,Gravitar
0,-7,1,Gravitar
1,576,584,Gravitar
1,572,580,Gravitar
1,568,576,Gravitar
1,564,572,Gravitar
1,560,568,Gravitar
1,556,564,Gravitar
1,552,560,Gravitar
1,548,556,Gravitar
1,544,552,Gravitar
1,540,548,Gravitar
1,536,544,Gravitar
1,532,540,Gravitar
1,528,536,Gravitar
1,524,532,Gravitar
1,520,528,Gravitar
1,516,524,Gravitar
1,512,520,Gravitar
1,508,516,Gravitar
1,504,512,Gravitar
1,500,508,Gravitar
1,496,504,Gravitar
1,492,500,Gravitar
1,488,496,Gravitar
1,484,492,Gravitar
1,480,488,Gravitar
1,476,484,Gravitar
1,472,480,Gravitar
1,468,476,Gravitar
1,464,472,Gravitar
1,460,468,Gravitar
1,456,464,Gravitar
1,452,460,Gravitar
1,448,456,Gravitar
1,444,452,Gravitar
1,440,448,Gravitar
1,436,444,Gravitar
1,432,440,Gravitar
1,428,436,Gravitar
1,424,432,Gravitar
1,420,428,Gravitar
1,416,424,Gravitar
1,412,420,Gravitar
1,408,416,Gravitar
1,404,412,Gravitar
1,400,408,Gravitar
1,396,404,Gravitar
1,392,400,Gravitar
1,388,396,Gravitar
1,384,392,Gravitar
1,380,388,Gravitar
1,376,384,Gravitar
1,372,380,Gravitar
1,368,376,Gravitar
1,364,372,Gravitar
1,360,368,Gravitar
1,356,364,Gravitar
1,352,360,Gravitar
1,348,356,Gravitar
1,344,352,Gravitar
1,340,348,Gravitar
1,336,344,Gravitar
1,332,340,Gravitar
1,328,336,Gravitar
1,324,332,Gravitar
1,320,328,Gravitar
1,316,324,Gravitar
1,312,320,Gravitar
1,308,316,Gravitar
1,304,312,Gravitar
1,300,308,Gravitar
1,296,304,Gravitar
1,292,300,Gravitar
1,288,296,Gravitar
1,284,292,Gravitar
1,280,288,Gravitar
1,276,284,Gravitar
1,272,280,Gravitar
1,268,276,Gravitar
1,264,272,Gravitar
1,260,268,Gravitar
1,256,264,Gravitar
1,252,260,Gravitar
1,248,256,Gravitar
1,244,252,Gravitar
1,240,248,Gravitar
1,236,244,Gravitar
1,232,240,Gravitar
1,228,236,Gravitar
1,224,232,Gravitar
1,220,228,Gravitar
1,216,224,Gravitar
1,212,220,Gravitar
1,208,216,Gravitar
1,204,212,Gravitar
1,200,208,Gravitar
1,196,204,Gravitar
1,192,200,Gravitar
1,188,196,Gravitar
1,184,192,Gravitar
1,180,188,Gravitar
1,176,184,Gravitar
1,172,180,Gravitar
1,168,176,Gravitar
1,164,172,Gravitar
1,160,168,Gravitar
1,156,164,Gravitar
1,152,160,Gravitar
1,148,156,Gravitar
1,144,152,Gravitar
1,140,148,Gravitar
1,136,144,Gravitar
1,132,140,Gravitar
1,128,136,Gravitar
1,124,132,Gravitar
1,120,128,Gravitar
1,116,124,Gravitar
1,112,120,Gravitar
1,108,116,Gravitar
1,104,112,Gravitar
1,100,108,Gravitar
1,96,104,Gravitar
1,92,100,Gravitar
1,88,96,Gravitar
1,84,92,Gravitar
1,80,88,Gravitar
1,76,84,Gravitar
1,72,80,Gravitar
1,68,76,Gravitar
1,64,72,Gravitar
1,60,68,Gravitar
1,56,64,Gravitar
1,52,60,Gravitar
1,48,56,Gravitar
1,44,52,Gravitar
1,40,48,Gravitar
1,36,44,Gravitar
1,32,40,Gravitar
1,28,36,Gravitar
1,24,32,Gravitar
1,20,28,Gravitar
1,16,24,Gravitar
1,12,20,Gravitar
1,8,16,Gravitar
1,4,12,Gravitar
1,0,8,Gravitar
1,-4,4,Gravitar
2,684,692,Gravitar
2,680,688,Gravitar
2,676,684,Gravitar
2,672,680,Gravitar
2,668,676,Gravitar
2,664,672,Gravitar
2,660,668,Gravitar
2,656,664,Gravitar
2,652,660,Gravitar
2,648,656,Gravitar
2,644,652,Gravitar
2,640,648,Gravitar
2,636,644,Gravitar
2,632,640,Gravitar
2,628,636,Gravitar
2,624,632,Gravitar
2,620,628,Gravitar
2,616,624,Gravitar
2,612,620,Gravitar
2,608,616,Gravitar
2,604,612,Gravitar
2,600,608,Gravitar
2,596,604,Gravitar
2,592,600,Gravitar
2,588,596,Gravitar
2,584,592,Gravitar
2,580,588,Gravitar
2,576,584,Gravitar
2,572,580,Gravitar
2,568,576,Gravitar
2,564,572,Gravitar
2,560,568,Gravitar
2,556,564,Gravitar
2,552,560,Gravitar
2,548,556,Gravitar
2,544,552,Gravitar
2,540,548,Gravitar
2,536,544,Gravitar
2,532,540,Gravitar
2,528,536,Gravitar
2,524,532,Gravitar
2,520,528,Gravitar
2,516,524,Gravitar
2,512,520,Gravitar
2,508,516,Gravitar
2,504,512,Gravitar
2,500,508,Gravitar
2,496,504,Gravitar
2,492,500,Gravitar
2,488,496,Gravitar
2,484,492,Gravitar
2,480,488,Gravitar
2,476,484,Gravitar
2,472,480,Gravitar
2,468,476,Gravitar
2,464,472,Gravitar
2,460,468,Gravitar
2,456,464,Gravitar
2,452,460,Gravitar
2,448,456,Gravitar
2,444,452,Gravitar
2,440,448,Gravitar
2,436,444,Gravitar
2,432,440,Gravitar
2,428,436,Gravitar
2,424,432,Gravitar
2,420,428,Gravitar
2,416,424,Gravitar
2,412,420,Gravitar
2,408,416,Gravitar
2,404,412,Gravitar
2,400,408,Gravitar
2,396,404,Gravitar
2,392,400,Gravitar
2,388,396,Gravitar
2,384,392,Gravitar
2,380,388,Gravitar
2,376,384,Gravitar
2,372,380,Gravitar
2,368,376,Gravitar
2,364,372,Gravitar
2,360,368,Gravitar
2,356,364,Gravitar
2,352,360,Gravitar
2,348,356,Gravitar
2,344,352,Gravitar
2,340,348,Gravitar
2,336,344,Gravitar
2,332,340,Gravitar
2,328,336,Gravitar
2,324,332,Gravitar
2,320,328,Gravitar
2,316,324,Gravitar
2,312,320,Gravitar
2,308,316,Gravitar
2,304,312,Gravitar
2,300,308,Gravitar
2,296,304,Gravitar
2,292,300,Gravitar
2,288,296,Gravitar
2,284,292,Gravitar
2,280,288,Gravitar
2,276,284,Gravitar
2,272,280,Gravitar
2,268,276,Gravitar
2,264,272,Gravitar
2,260,268,Gravitar
2,256,264,Gravitar
2,252,260,Gravitar
2,248,256,Gravitar
2,244,252,Gravitar
2,240,248,Gravitar
2,236,244,Gravitar
2,232,240,Gravitar
2,228,236,Gravitar
2,224,232,Gravitar
2,220,228,Gravitar
2,216,224,Gravitar
2,212,220,Gravitar
2,208,216,Gravitar
2,204,212,Gravitar
2,200,208,Gravitar
2,196,204,Gravitar
2,192,200,Gravitar
2,188,196,Gravitar
2,184,192,Gravitar
2,180,188,Gravitar
2,176,184,Gravitar
2,172,180,Gravitar
2,168,176,Gravitar
2,164,172,Gravitar
2,160,168,Gravitar
2,156,164,Gravitar
2,152,160,Gravitar
2,148,156,Gravitar
2,144,152,Gravitar
2,140,148,Gravitar
2,136,144,Gravitar
2,132,140,Gravitar
2,128,136,Gravitar
2,124,132,Gravitar
2,120,128,Gravitar
2,116,124,Gravitar
2,112,120,Gravitar
2,108,116,Gravitar
2,104,112,Gravitar
2,100,108,Gravitar
2,96,104,Gravitar
2,92,100,Gravitar
2,88,96,Gravitar
2,84,92,Gravitar
2,80,88,Gravitar
2,76,84,Gravitar
2,72,80,Gravitar
2,68,76,Gravitar
2,64,72,Gravitar
2,60,68,Gravitar
2,56,64,Gravitar
2,52,60,Gravitar
2,48,56,Gravitar
2,44,52,Gravitar
2,40,48,Gravitar
2,36,44,Gravitar
2,32,40,Gravitar
2,28,36,Gravitar
2,24,32,Gravitar
2,20,28,Gravitar
2,16,24,Gravitar
2,12,20,Gravitar
2,8,16,Gravitar
2,4,12,Gravitar
2,0,8,Gravitar
2,-4,4,Gravitar
3,509,517,Gravitar
3,505,513,Gravitar
3,501,509,Gravitar
3,497,505,Gravitar
3,493,501,Gravitar
3,489,497,Gravitar
3,485,493,Gravitar
3,481,489,Gravitar
3,477,485,Gravitar
3,473,481,Gravitar
3,469,477,Gravitar
3,465,473,Gravitar
3,461,469,Gravitar
3,457,465,Gravitar
3,453,461,Gravitar
3,449,457,Gravitar
3,445,453,Gravitar
3,441,449,Gravitar
3,437,445,Gravitar
3,433,441,Gravitar
3,429,437,Gravitar
3,425,433,Gravitar
3,421,429,Gravitar
3,417,425,Gravitar
3,413,421,Gravitar
3,409,417,Gravitar
3,405,413,Gravitar
3,401,409,Gravitar
3,397,405,Gravitar
3,393,401,Gravitar
3,389,397,Gravitar
3,385,393,Gravitar
3,381,389,Gravitar
3,377,385,Gravitar
3,373,381,Gravitar
3,369,377,Gravitar
3,365,373,Gravitar
3,361,369,Gravitar
3,357,365,Gravitar
3,353,361,Gravitar
3,349,357,Gravitar
3,345,353,Gravitar
3,341,349,Gravitar
3,337,345,Gravitar
3,333,341,Gravitar
3,329,337,Gravitar
3,325,333,Gravitar
3,321,329,Gravitar
3,317,325,Gravitar
3,313,321,Gravitar
3,309,317,Gravitar
3,305,313,Gravitar
3,301,309,Gravitar
3,297,305,Gravitar
3,293,301,Gravitar
3,289,297,Gravitar
3,285,293,Gravitar
3,281,289,Gravitar
3,277,285,Gravitar
3,273,281,Gravitar
3,269,277,Gravitar
3,265,273,Gravitar
3,261,269,Gravitar
3,257,265,Gravitar
3,253,261,Gravitar
3,249,257,Gravitar
3,245,253,Gravitar
3,241,249,Gravitar
3,237,245,Gravitar
3,233,241,Gravitar
3,229,237,Gravitar
3,225,233,Gravitar
3,221,229,Gravitar
3,217,225,Gravitar
3,213,221,Gravitar
3,209,217,Gravitar
3,205,213,Gravitar
3,201,209,Gravitar
3,197,205,Gravitar
3,193,201,Gravitar
3,189,197,Gravitar
3,185,193,Gravitar
3,181,189,Gravitar
3,177,185,Gravitar
3,173,181,Gravitar
3,169,177,Gravitar
3,165,173,Gravitar
3,161,169,Gravitar
3,157,165,Gravitar
3,153,161,Gravitar
3,149,157,Gravitar
3,145,153,Gravitar
3,141,149,Gravitar
3,137,145,Gravitar
3,133,141,Gravitar
3,129,137,Gravitar
3,125,133,Gravitar
3,121,129,Gravitar
3,117,125,Gravitar
3,113,121,Gravitar
3,109,117,Gravitar
3,105,113,Gravitar
3,101,109,Gravitar
3,97,105,Gravitar
3,93,101,Gravitar
3,89,97,Gravitar
3,85,93,Gravitar
3,81,89,Gravitar
3,77,85,Gravitar
3,73,81,Gravitar
3,69,77,Gravitar
3,65,73,Gravitar
3,61,69,Gravitar
3,57,65,Gravitar
3,53,61,Gravitar
3,49,57,Gravitar
3,45,53,Gravitar
3,41,49,Gravitar
3,37,45,Gravitar
3,33,41,Gravitar
3,29,37,Gravitar
3,25,33,Gravitar
3,21,29,Gravitar
3,17,25,Gravitar
3,13,21,Gravitar
3,9,17,Gravitar
3,5,13,Gravitar
3,1,9,Gravitar
3,-3,5,Gravitar
3,-7,1,Gravitar
4,889,897,Gravitar
4,885,893,Gravitar
4,881,889,Gravitar
4,877,885,Gravitar
4,873,881,Gravitar
4,869,877,Gravitar
4,865,873,Gravitar
4,861,869,Gravitar
4,857,865,Gravitar
4,853,861,Gravitar
4,849,857,Gravitar
4,845,853,Gravitar
4,841,849,Gravitar
4,837,845,Gravitar
4,833,841,Gravitar
4,829,837,Gravitar
4,825,833,Gravitar
4,821,829,Gravitar
4,817,825,Gravitar
4,813,821,Gravitar
4,809,817,Gravitar
4,805,813,Gravitar
4,801,809,Gravitar
4,797,805,Gravitar
4,793,801,Gravitar
4,789,797,Gravitar
4,785,793,Gravitar
4,781,789,Gravitar
4,777,785,Gravitar
4,773,781,Gravitar
4,769,777,Gravitar
4,765,773,Gravitar
4,761,769,Gravitar
4,757,765,Gravitar
4,753,761,Gravitar
4,749,757,Gravitar
4,745,753,Gravitar
4,741,749,Gravitar
4,737,745,Gravitar
4,733,741,Gravitar
4,729,737,Gravitar
4,725,733,Gravitar
4,721,729,Gravitar
4,717,725,Gravitar
4,713,721,Gravitar
4,709,717,Gravitar
4,705,713,Gravitar
4,701,709,Gravitar
4,697,705,Gravitar
4,693,701,Gravitar
4,689,697,Gravitar
4,685,693,Gravitar
4,681,689,Gravitar
4,677,685,Gravitar
4,673,681,Gravitar
4,669,677,Gravitar
4,665,673,Gravitar
4,661,669,Gravitar
4,657,665,Gravitar
4,653,661,Gravitar
4,649,657,Gravitar
4,645,653,Gravitar
4,641,649,Gravitar
4,637,645,Gravitar
4,633,641,Gravitar
4,629,637,Gravitar
4,625,633,Gravitar
4,621,629,Gravitar
4,617,625,Gravitar
4,613,621,Gravitar
4,609,617,Gravitar
4,605,613,Gravitar
4,601,609,Gravitar
4,597,605,Gravitar
4,593,601,Gravitar
4,589,597,Gravitar
4,585,593,Gravitar
4,581,589,Gravitar
4,577,585,Gravitar
4,573,581,Gravitar
4,569,577,Gravitar
4,565,573,Gravitar
4,561,569,Gravitar
4,557,565,Gravitar
4,553,561,Gravitar
4,549,557,Gravitar
4,545,553,Gravitar
4,541,549,Gravitar
4,537,545,Gravitar
4,533,541,Gravitar
4,529,537,Gravitar
4,525,533,Gravitar
4,521,529,Gravitar
4,517,525,Gravitar
4,513,521,Gravitar
4,509,517,Gravitar
4,505,513,Gravitar
4,501,509,Gravitar
4,497,505,Gravitar
4,493,501,Gravitar
4,489,497,Gravitar
4,485,493,Gravitar
4,481,489,Gravitar
4,477,485,Gravitar
4,473,481,Gravitar
4,469,477,Gravitar
4,465,473,Gravitar
4,461,469,Gravitar
4,457,465,Gravitar
4,453,461,Gravitar
4,449,457,Gravitar
4,445,453,Gravitar
4,441,449,Gravitar
4,437,445,Gravitar
4,433,441,Gravitar
4,429,437,Gravitar
4,425,433,Gravitar
4,421,429,Gravitar
4,417,425,Gravitar
4,413,421,Gravitar
4,409,417,Gravitar
4,405,413,Gravitar
4,401,409,Gravitar
4,397,405,Gravitar
4,393,401,Gravitar
4,389,397,Gravitar
4,385,393,Gravitar
4,381,389,Gravitar
4,377,385,Gravitar
4,373,381,Gravitar
4,369,377,Gravitar
4,365,373,Gravitar
4,361,369,Gravitar
4,357,365,Gravitar
4,353,361,Gravitar
4,349,357,Gravitar
4,345,353,Gravitar
4,341,349,Gravitar
4,337,345,Gravitar
4,333,341,Gravitar
4,329,337,Gravitar
4,325,333,Gravitar
4,321,329,Gravitar
4,317,325,Gravitar
4,313,321,Gravitar
4,309,317,Gravitar
4,305,313,Gravitar
4,301,309,Gravitar
4,297,305,Gravitar
4,293,301,Gravitar
4,289,297,Gravitar
4,285,293,Gravitar
4,281,289,Gravitar
4,277,285,Gravitar
4,273,281,Gravitar
4,269,277,Gravitar
4,265,273,Gravitar
4,261,269,Gravitar
4,257,265,Gravitar
4,253,261,Gravitar
4,249,257,Gravitar
4,245,253,Gravitar
4,241,249,Gravitar
4,237,245,Gravitar
4,233,241,Gravitar
4,229,237,Gravitar
4,225,233,Gravitar
4,221,229,Gravitar
4,217,225,Gravitar
4,213,221,Gravitar
4,209,217,Gravitar
4,205,213,Gravitar
4,201,209,Gravitar
4,197,205,Gravitar
4,193,201,Gravitar
4,189,197,Gravitar
4,185,193,Gravitar
4,181,189,Gravitar
4,177,185,Gravitar
4,173,181,Gravitar
4,169,177,Gravitar
4,165,173,Gravitar
4,161,169,Gravitar
4,157,165,Gravitar
4,153,161,Gravitar
4,149,157,Gravitar
4,145,153,Gravitar
4,141,149,Gravitar
4,137,145,Gravitar
4,133,141,Gravitar
4,129,137,Gravitar
4,125,133,Gravitar
4,121,129,Gravitar
4,117,125,Gravitar
4,113,121,Gravitar
4,109,117,Gravitar
4,105,113,Gravitar
4,101,109,Gravitar
4,97,105,Gravitar
4,93,101,Gravitar
4,89,97,Gravitar
4,85,93,Gravitar
4,81,89,Gravitar
4,77,85,Gravitar
4,73,81,Gravitar
4,69,77,Gravitar
4,65,73,Gravitar
4,61,69,Gravitar
4,57,65,Gravitar
4,53,61,Gravitar
4,49,57,Gravitar
4,45,53,Gravitar
4,41,49,Gravitar
4,37,45,Gravitar
4,33,41,Gravitar
4,29,37,Gravitar
4,25,33,Gravitar
4,21,29,Gravitar
4,17,25,Gravitar
4,13,21,Gravitar
4,9,17,Gravitar
4,5,13,Gravitar
4,1,9,Gravitar
4,-3,5,Gravitar
4,-7,1,Gravitar
5,699,707,Gravitar
5,695,703,Gravitar
5,691,699,Gravitar
5,687,695,Gravitar
5,683,691,Gravitar
5,679,687,Gravitar
5,675,683,Gravitar
5,671,679,Gravitar
5,667,675,Gravitar
5,663,671,Gravitar
5,659,667,Gravitar
5,655,663,Gravitar
5,651,659,Gravitar
5,647,655,Gravitar
5,643,651,Gravitar
5,639,647,Gravitar
5,635,643,Gravitar
5,631,639,Gravitar
5,627,635,Gravitar
5,623,631,Gravitar
5,619,627,Gravitar
5,615,623,Gravitar
5,611,619,Gravitar
5,607,615,Gravitar
5,603,611,Gravitar
5,599,607,Gravitar
5,595,603,Gravitar
5,591,599,Gravitar
5,587,595,Gravitar
5,583,591,Gravitar
5,579,587,Gravitar
5,575,583,Gravitar
5,571,579,Gravitar
5,567,575,Gravitar
5,563,571,Gravitar
5,559,567,Gravitar
5,555,563,Gravitar
5,551,559,Gravitar
5,547,555,Gravitar
5,543,551,Gravitar
5,539,547,Gravitar
5,535,543,Gravitar
5,531,539,Gravitar
5,527,535,Gravitar
5,523,531,Gravitar
5,519,527,Gravitar
5,515,523,Gravitar
5,511,519,Gravitar
5,507,515,Gravitar
5,503,511,Gravitar
5,499,507,Gravitar
5,495,503,Gravitar
5,491,499,Gravitar
5,487,495,Gravitar
5,483,491,Gravitar
5,479,487,Gravitar
5,475,483,Gravitar
5,471,479,Gravitar
5,467,475,Gravitar
5,463,471,Gravitar
5,459,467,Gravitar
5,455,463,Gravitar
5,451,459,Gravitar
5,447,455,Gravitar
5,443,451,Gravitar
5,439,447,Gravitar
5,435,443,Gravitar
5,431,439,Gravitar
5,427,435,Gravitar
5,423,431,Gravitar
5,419,427,Gravitar
5,415,423,Gravitar
5,411,419,Gravitar
5,407,415,Gravitar
5,403,411,Gravitar
5,399,407,Gravitar
5,395,403,Gravitar
5,391,399,Gravitar
5,387,395,Gravitar
5,383,391,Gravitar
5,379,387,Gravitar
5,375,383,Gravitar
5,371,379,Gravitar
5,367,375,Gravitar
5,363,371,Gravitar
5,359,367,Gravitar
5,355,363,Gravitar
5,351,359,Gravitar
5,347,355,Gravitar
5,343,351,Gravitar
5,339,347,Gravitar
5,335,343,Gravitar
5,331,339,Gravitar
5,327,335,Gravitar
5,323,331,Gravitar
5,319,327,Gravitar
5,315,323,Gravitar
5,311,319,Gravitar
5,307,315,Gravitar
5,303,311,Gravitar
5,299,307,Gravitar
5,295,303,Gravitar
5,291,299,Gravitar
5,287,295,Gravitar
5,283,291,Gravitar
5,279,287,Gravitar
5,275,283,Gravitar
5,271,279,Gravitar
5,267,275,Gravitar
5,263,271,Gravitar
5,259,267,Gravitar
5,255,263,Gravitar
5,251,259,Gravitar
5,247,255,Gravitar
5,243,251,Gravitar
5,239,247,Gravitar
5,235,243,Gravitar
5,231,239,Gravitar
5,227,235,Gravitar
5,223,231,Gravitar
5,219,227,Gravitar
5,215,223,Gravitar
5,211,219,Gravitar
5,207,215,Gravitar
5,203,211,Gravitar
5,199,207,Gravitar
5,195,203,Gravitar
5,191,199,Gravitar
5,187,195,Gravitar
5,183,191,Gravitar
5,179,187,Gravitar
5,175,183,Gravitar
5,171,179,Gravitar
5,167,175,Gravitar
5,163,171,Gravitar
5,159,167,Gravitar
5,155,163,Gravitar
5,151,159,Gravitar
5,147,155,Gravitar
5,143,151,Gravitar
5,139,147,Gravitar
5,135,143,Gravitar
5,131,139,Gravitar
5,127,135,Gravitar
5,123,131,Gravitar
5,119,127,Gravitar
5,115,123,Gravitar
5,111,119,Gravitar
5,107,115,Gravitar
5,103,111,Gravitar
5,99,107,Gravitar
5,95,103,Gravitar
5,91,99,Gravitar
5,87,95,Gravitar
5,83,91,Gravitar
5,79,87,Gravitar
5,75,83,Gravitar
5,71,79,Gravitar
5,67,75,Gravitar
5,63,71,Gravitar
5,59,67,Gravitar
5,55,63,Gravitar
5,51,59,Gravitar
5,47,55,Gravitar
5,43,51,Gravitar
5,39,47,Gravitar
5,35,43,Gravitar
5,31,39,Gravitar
5,27,35,Gravitar
5,23,31,Gravitar
5,19,27,Gravitar
5,15,23,Gravitar
5,11,19,Gravitar
5,7,15,Gravitar
5,3,11,Gravitar
5,-1,7,Gravitar
5,-5,3,Gravitar
6,682,690,Gravitar
6,678,686,Gravitar
6,674,682,Gravitar
6,670,678,Gravitar
6,666,674,Gravitar
6,662,670,Gravitar
6,658,666,Gravitar
6,654,662,Gravitar
6,650,658,Gravitar
6,646,654,Gravitar
6,642,650,Gravitar
6,638,646,Gravitar
6,634,642,Gravitar
6,630,638,Gravitar
6,626,634,Gravitar
6,622,630,Gravitar
6,618,626,Gravitar
6,614,622,Gravitar
6,610,618,Gravitar
6,606,614,Gravitar
6,602,610,Gravitar
6,598,606,Gravitar
6,594,602,Gravitar
6,590,598,Gravitar
6,586,594,Gravitar
6,582,590,Gravitar
6,578,586,Gravitar
6,574,582,Gravitar
6,570,578,Gravitar
6,566,574,Gravitar
6,562,570,Gravitar
6,558,566,Gravitar
6,554,562,Gravitar
6,550,558,Gravitar
6,546,554,Gravitar
6,542,550,Gravitar
6,538,546,Gravitar
6,534,542,Gravitar
6,530,538,Gravitar
6,526,534,Gravitar
6,522,530,Gravitar
6,518,526,Gravitar
6,514,522,Gravitar
6,510,518,Gravitar
6,506,514,Gravitar
6,502,510,Gravitar
6,498,506,Gravitar
6,494,502,Gravitar
6,490,498,Gravitar
6,486,494,Gravitar
6,482,490,Gravitar
6,478,486,Gravitar
6,474,482,Gravitar
6,470,478,Gravitar
6,466,474,Gravitar
6,462,470,Gravitar
6,458,466,Gravitar
6,454,462,Gravitar
6,450,458,Gravitar
6,446,454,Gravitar
6,442,450,Gravitar
6,438,446,Gravitar
6,434,442,Gravitar
6,430,438,Gravitar
6,426,434,Gravitar
6,422,430,Gravitar
6,418,426,Gravitar
6,414,422,Gravitar
6,410,418,Gravitar
6,406,414,Gravitar
6,402,410,Gravitar
6,398,406,Gravitar
6,394,402,Gravitar
6,390,398,Gravitar
6,386,394,Gravitar
6,382,390,Gravitar
6,378,386,Gravitar
6,374,382,Gravitar
6,370,378,Gravitar
6,366,374,Gravitar
6,362,370,Gravitar
6,358,366,Gravitar
6,354,362,Gravitar
6,350,358,Gravitar
6,346,354,Gravitar
6,342,350,Gravitar
6,338,346,Gravitar
6,334,342,Gravitar
6,330,338,Gravitar
6,326,334,Gravitar
6,322,330,Gravitar
6,318,326,Gravitar
6,314,322,Gravitar
6,310,318,Gravitar
6,306,314,Gravitar
6,302,310,Gravitar
6,298,306,Gravitar
6,294,302,Gravitar
6,290,298,Gravitar
6,286,294,Gravitar
6,282,290,Gravitar
6,278,286,Gravitar
6,274,282,Gravitar
6,270,278,Gravitar
6,266,274,Gravitar
6,262,270,Gravitar
6,258,266,Gravitar
6,254,262,Gravitar
6,250,258,Gravitar
6,246,254,Gravitar
6,242,250,Gravitar
6,238,246,Gravitar
6,234,242,Gravitar
6,230,238,Gravitar
6,226,234,Gravitar
6,222,230,Gravitar
6,218,226,Gravitar
6,214,222,Gravitar
6,210,218,Gravitar
6,206,214,Gravitar
6,202,210,Gravitar
6,198,206,Gravitar
6,194,202,Gravitar
6,190,198,Gravitar
6,186,194,Gravitar
6,182,190,Gravitar
6,178,186,Gravitar
6,174,182,Gravitar
6,170,178,Gravitar
6,166,174,Gravitar
6,162,170,Gravitar
6,158,166,Gravitar
6,154,162,Gravitar
6,150,158,Gravitar
6,146,154,Gravitar
6,142,150,Gravitar
6,138,146,Gravitar
6,134,142,Gravitar
6,130,138,Gravitar
6,126,134,Gravitar
6,122,130,Gravitar
6,118,126,Gravitar
6,114,122,Gravitar
6,110,118,Gravitar
6,106,114,Gravitar
6,102,110,Gravitar
6,98,106,Gravitar
6,94,102,Gravitar
6,90,98,Gravitar
6,86,94,Gravitar
6,82,90,Gravitar
6,78,86,Gravitar
6,74,82,Gravitar
6,70,78,Gravitar
6,66,74,Gravitar
6,62,70,Gravitar
6,58,66,Gravitar
6,54,62,Gravitar
6,50,58,Gravitar
6,46,54,Gravitar
6,42,50,Gravitar
6,38,46,Gravitar
6,34,42,Gravitar
6,30,38,Gravitar
6,26,34,Gravitar
6,22,30,Gravitar
6,18,26,Gravitar
6,14,22,Gravitar
6,10,18,Gravitar
6,6,14,Gravitar
6,2,10,Gravitar
6,-2,6,Gravitar
6,-6,2,Gravitar
7,570,578,Gravitar
7,566,574,Gravitar
7,562,570,Gravitar
7,558,566,Gravitar
7,554,562,Gravitar
7,550,558,Gravitar
7,546,554,Gravitar
7,542,550,Gravitar
7,538,546,Gravitar
7,534,542,Gravitar
7,530,538,Gravitar
7,526,534,Gravitar
7,522,530,Gravitar
7,518,526,Gravitar
7,514,522,Gravitar
7,510,518,Gravitar
7,506,514,Gravitar
7,502,510,Gravitar
7,498,506,Gravitar
7,494,502,Gravitar
7,490,498,Gravitar
7,486,494,Gravitar
7,482,490,Gravitar
7,478,486,Gravitar
7,474,482,Gravitar
7,470,478,Gravitar
7,466,474,Gravitar
7,462,470,Gravitar
7,458,466,Gravitar
7,454,462,Gravitar
7,450,458,Gravitar
7,446,454,Gravitar
7,442,450,Gravitar
7,438,446,Gravitar
7,434,442,Gravitar
7,430,438,Gravitar
7,426,434,Gravitar
7,422,430,Gravitar
7,418,426,Gravitar
7,414,422,Gravitar
7,410,418,Gravitar
7,406,414,Gravitar
7,402,410,Gravitar
7,398,406,Gravitar
7,394,402,Gravitar
7,390,398,Gravitar
7,386,394,Gravitar
7,382,390,Gravitar
7,378,386,Gravitar
7,374,382,Gravitar
7,370,378,Gravitar
7,366,374,Gravitar
7,362,370,Gravitar
7,358,366,Gravitar
7,354,362,Gravitar
7,350,358,Gravitar
7,346,354,Gravitar
7,342,350,Gravitar
7,338,346,Gravitar
7,334,342,Gravitar
7,330,338,Gravitar
7,326,334,Gravitar
7,322,330,Gravitar
7,318,326,Gravitar
7,314,322,Gravitar
7,310,318,Gravitar
7,306,314,Gravitar
7,302,310,Gravitar
7,298,306,Gravitar
7,294,302,Gravitar
7,290,298,Gravitar
7,286,294,Gravitar
7,282,290,Gravitar
7,278,286,Gravitar
7,274,282,Gravitar
7,270,278,Gravitar
7,266,274,Gravitar
7,262,270,Gravitar
7,258,266,Gravitar
7,254,262,Gravitar
7,250,258,Gravitar
7,246,254,Gravitar
7,242,250,Gravitar
7,238,246,Gravitar
7,234,242,Gravitar
7,230,238,Gravitar
7,226,234,Gravitar
7,222,230,Gravitar
7,218,226,Gravitar
7,214,222,Gravitar
7,210,218,Gravitar
7,206,214,Gravitar
7,202,210,Gravitar
7,198,206,Gravitar
7,194,202,Gravitar
7,190,198,Gravitar
7,186,194,Gravitar
7,182,190,Gravitar
7,178,186,Gravitar
7,174,182,Gravitar
7,170,178,Gravitar
7,166,174,Gravitar
7,162,170,Gravitar
7,158,166,Gravitar
7,154,162,Gravitar
7,150,158,Gravitar
7,146,154,Gravitar
7,142,150,Gravitar
7,138,146,Gravitar
7,134,142,Gravitar
7,130,138,Gravitar
7,126,134,Gravitar
7,122,130,Gravitar
7,118,126,Gravitar
7,114,122,Gravitar
7,110,118,Gravitar
7,106,114,Gravitar
7,102,110,Gravitar
7,98,106,Gravitar
7,94,102,Gravitar
7,90,98,Gravitar
7,86,94,Gravitar
7,82,90,Gravitar
7,78,86,Gravitar
7,74,82,Gravitar
7,70,78,Gravitar
7,66,74,Gravitar
7,62,70,Gravitar
7,58,66,Gravitar
7,54,62,Gravitar
7,50,58,Gravitar
7,46,54,Gravitar
7,42,50,Gravitar
7,38,46,Gravitar
7,34,42,Gravitar
7,30,38,Gravitar
7,26,34,Gravitar
7,22,30,Gravitar
7,18,26,Gravitar
7,14,22,Gravitar
7,10,18,Gravitar
7,6,14,Gravitar
7,2,10,Gravitar
7,-2,6,Gravitar
7,-6,2,Gravitar
