Episode index,Start index,End index,Environment
0,0,8,Gravitar
0,1,9,Gravitar
0,2,10,Gravitar
0,3,11,Gravitar
0,4,12,Gravitar
0,5,13,Gravitar
0,6,14,Gravitar
0,7,15,Gravitar
0,8,16,Gravitar
0,9,17,Gravitar
0,10,18,Gravitar
0,11,19,Gravitar
0,12,20,Gravitar
0,13,21,Gravitar
0,14,22,Gravitar
0,15,23,Gravitar
0,16,24,Gravitar
0,17,25,Gravitar
0,18,26,Gravitar
0,19,27,Gravitar
0,20,28,Gravitar
0,21,29,Gravitar
0,22,30,Gravitar
0,23,31,Gravitar
0,24,32,Gravitar
0,25,33,Gravitar
0,26,34,Gravitar
0,27,35,Gravitar
0,28,36,Gravitar
0,29,37,Gravitar
0,30,38,Gravitar
0,31,39,Gravitar
0,32,40,Gravitar
0,33,41,Gravitar
0,34,42,Gravitar
0,35,43,Gravitar
0,36,44,Gravitar
0,37,45,Gravitar
0,38,46,Gravitar
0,39,47,Gravitar
0,40,48,Gravitar
0,41,49,Gravitar
0,42,50,Gravitar
0,43,51,Gravitar
0,44,52,Gravitar
0,45,53,Gravitar
0,46,54,Gravitar
0,47,55,Gravitar
0,48,56,Gravitar
0,49,57,Gravitar
0,50,58,Gravitar
0,51,59,Gravitar
0,52,60,Gravitar
0,53,61,Gravitar
0,54,62,Gravitar
0,55,63,Gravitar
0,56,64,Gravitar
0,57,65,Gravitar
0,58,66,Gravitar
0,59,67,Gravitar
0,60,68,Gravitar
0,61,69,Gravitar
0,62,70,Gravitar
0,63,71,Gravitar
0,64,72,Gravitar
0,65,73,Gravitar
0,66,74,Gravitar
0,67,75,Gravitar
0,68,76,Gravitar
0,69,77,Gravitar
0,70,78,Gravitar
0,71,79,Gravitar
0,72,80,Gravitar
0,73,81,Gravitar
0,74,82,Gravitar
0,75,83,Gravitar
0,76,84,Gravitar
0,77,85,Gravitar
0,78,86,Gravitar
0,79,87,Gravitar
0,80,88,Gravitar
0,81,89,Gravitar
0,82,90,Gravitar
0,83,91,Gravitar
0,84,92,Gravitar
0,85,93,Gravitar
0,86,94,Gravitar
0,87,95,Gravitar
0,88,96,Gravitar
0,89,97,Gravitar
0,90,98,Gravitar
0,91,99,Gravitar
0,92,100,Gravitar
0,93,101,Gravitar
0,94,102,Gravitar
0,95,103,Gravitar
0,96,104,Gravitar
0,97,105,Gravitar
0,98,106,Gravitar
0,99,107,Gravitar
0,100,108,Gravitar
0,101,109,Gravitar
0,102,110,Gravitar
0,103,111,Gravitar
0,104,112,Gravitar
0,105,113,Gravitar
0,106,114,Gravitar
0,107,115,Gravitar
0,108,116,Gravitar
0,109,117,Gravitar
0,110,118,Gravitar
0,111,119,Gravitar
0,112,120,Gravitar
0,113,121,Gravitar
0,114,122,Gravitar
0,115,123,Gravitar
0,116,124,Gravitar
0,117,125,Gravitar
0,118,126,Gravitar
0,119,127,Gravitar
0,120,128,Gravitar
0,121,129,Gravitar
0,122,130,Gravitar
0,123,131,Gravitar
0,124,132,Gravitar
0,125,133,Gravitar
0,126,134,Gravitar
0,127,135,Gravitar
0,128,136,Gravitar
0,129,137,Gravitar
0,130,138,Gravitar
0,131,139,Gravitar
0,132,140,Gravitar
0,133,141,Gravitar
0,134,142,Gravitar
0,135,143,Gravitar
0,136,144,Gravitar
0,137,145,Gravitar
0,138,146,Gravitar
0,139,147,Gravitar
0,140,148,Gravitar
0,141,149,Gravitar
0,142,150,Gravitar
0,143,151,Gravitar
0,144,152,Gravitar
0,145,153,Gravitar
0,146,154,Gravitar
0,147,155,Gravitar
0,148,156,Gravitar
0,149,157,Gravitar
0,150,158,Gravitar
0,151,159,Gravitar
0,152,160,Gravitar
0,153,161,Gravitar
0,154,162,Gravitar
0,155,163,Gravitar
0,156,164,Gravitar
0,157,165,Gravitar
0,158,166,Gravitar
0,159,167,Gravitar
0,160,168,Gravitar
0,161,169,Gravitar
0,162,170,Gravitar
0,163,171,Gravitar
0,164,172,Gravitar
0,165,173,Gravitar
0,166,174,Gravitar
0,167,175,Gravitar
0,168,176,Gravitar
0,169,177,Gravitar
0,170,178,Gravitar
0,171,179,Gravitar
0,172,180,Gravitar
0,173,181,Gravitar
0,174,182,Gravitar
0,175,183,Gravitar
0,176,184,Gravitar
0,177,185,Gravitar
0,178,186,Gravitar
0,179,187,Gravitar
0,180,188,Gravitar
0,181,189,Gravitar
0,182,190,Gravitar
0,183,191,Gravitar
0,184,192,Gravitar
0,185,193,Gravitar
0,186,194,Gravitar
0,187,195,Gravitar
0,188,196,Gravitar
0,189,197,Gravitar
0,190,198,Gravitar
0,191,199,Gravitar
0,192,200,Gravitar
0,193,201,Gravitar
0,194,202,Gravitar
0,195,203,Gravitar
0,196,204,Gravitar
0,197,205,Gravitar
0,198,206,Gravitar
0,199,207,Gravitar
0,200,208,Gravitar
0,201,209,Gravitar
0,202,210,Gravitar
0,203,211,Gravitar
0,204,212,Gravitar
0,205,213,Gravitar
0,206,214,Gravitar
0,207,215,Gravitar
0,208,216,Gravitar
0,209,217,Gravitar
0,210,218,Gravitar
0,211,219,Gravitar
0,212,220,Gravitar
0,213,221,Gravitar
0,214,222,Gravitar
0,215,223,Gravitar
0,216,224,Gravitar
0,217,225,Gravitar
0,218,226,Gravitar
0,219,227,Gravitar
0,220,228,Gravitar
0,221,229,Gravitar
0,222,230,Gravitar
0,223,231,Gravitar
0,224,232,Gravitar
0,225,233,Gravitar
0,226,234,Gravitar
0,227,235,Gravitar
0,228,236,Gravitar
0,229,237,Gravitar
0,230,238,Gravitar
0,231,239,Gravitar
0,232,240,Gravitar
0,233,241,Gravitar
0,234,242,Gravitar
0,235,243,Gravitar
0,236,244,Gravitar
0,237,245,Gravitar
0,238,246,Gravitar
0,239,247,Gravitar
0,240,248,Gravitar
0,241,249,Gravitar
0,242,250,Gravitar
0,243,251,Gravitar
0,244,252,Gravitar
0,245,253,Gravitar
0,246,254,Gravitar
0,247,255,Gravitar
0,248,256,Gravitar
0,249,257,Gravitar
0,250,258,Gravitar
0,251,259,Gravitar
0,252,260,Gravitar
0,253,261,Gravitar
0,254,262,Gravitar
0,255,263,Gravitar
0,256,264,Gravitar
0,257,265,Gravitar
0,258,266,Gravitar
0,259,267,Gravitar
0,260,268,Gravitar
0,261,269,Gravitar
0,262,270,Gravitar
0,263,271,Gravitar
0,264,272,Gravitar
0,265,273,Gravitar
0,266,274,Gravitar
0,267,275,Gravitar
0,268,276,Gravitar
0,269,277,Gravitar
0,270,278,Gravitar
0,271,279,Gravitar
0,272,280,Gravitar
0,273,281,Gravitar
0,274,282,Gravitar
0,275,283,Gravitar
0,276,284,Gravitar
0,277,285,Gravitar
0,278,286,Gravitar
0,279,287,Gravitar
0,280,288,Gravitar
0,281,289,Gravitar
0,282,290,Gravitar
0,283,291,Gravitar
0,284,292,Gravitar
0,285,293,Gravitar
0,286,294,Gravitar
0,287,295,Gravitar
0,288,296,Gravitar
0,289,297,Gravitar
0,290,298,Gravitar
0,291,299,Gravitar
0,292,300,Gravitar
0,293,301,Gravitar
0,294,302,Gravitar
0,295,303,Gravitar
0,296,304,Gravitar
0,297,305,Gravitar
0,298,306,Gravitar
0,299,307,Gravitar
0,300,308,Gravitar
0,301,309,Gravitar
0,302,310,Gravitar
0,303,311,Gravitar
0,304,312,Gravitar
0,305,313,Gravitar
0,306,314,Gravitar
0,307,315,Gravitar
0,308,316,Gravitar
0,309,317,Gravitar
0,310,318,Gravitar
0,311,319,Gravitar
0,312,320,Gravitar
0,313,321,Gravitar
0,314,322,Gravitar
0,315,323,Gravitar
0,316,324,Gravitar
0,317,325,Gravitar
0,318,326,Gravitar
0,319,327,Gravitar
0,320,328,Gravitar
0,321,329,Gravitar
0,322,330,Gravitar
0,323,331,Gravitar
0,324,332,Gravitar
0,325,333,Gravitar
0,326,334,Gravitar
0,327,335,Gravitar
0,328,336,Gravitar
0,329,337,Gravitar
0,330,338,Gravitar
0,331,339,Gravitar
0,332,340,Gravitar
0,333,341,Gravitar
0,334,342,Gravitar
0,335,343,Gravitar
0,336,344,Gravitar
0,337,345,Gravitar
0,338,346,Gravitar
0,339,347,Gravitar
0,340,348,Gravitar
0,341,349,Gravitar
0,342,350,Gravitar
0,343,351,Gravitar
0,344,352,Gravitar
0,345,353,Gravitar
0,346,354,Gravitar
0,347,355,Gravitar
0,348,356,Gravitar
0,349,357,Gravitar
0,350,358,Gravitar
0,351,359,Gravitar
0,352,360,Gravitar
0,353,361,Gravitar
0,354,362,Gravitar
0,355,363,Gravitar
0,356,364,Gravitar
0,357,365,Gravitar
0,358,366,Gravitar
0,359,367,Gravitar
0,360,368,Gravitar
0,361,369,Gravitar
0,362,370,Gravitar
0,363,371,Gravitar
0,364,372,Gravitar
0,365,373,Gravitar
0,366,374,Gravitar
0,367,375,Gravitar
0,368,376,Gravitar
0,369,377,Gravitar
0,370,378,Gravitar
0,371,379,Gravitar
0,372,380,Gravitar
0,373,381,Gravitar
0,374,382,Gravitar
0,375,383,Gravitar
0,376,384,Gravitar
0,377,385,Gravitar
0,378,386,Gravitar
0,379,387,Gravitar
0,380,388,Gravitar
0,381,389,Gravitar
0,382,390,Gravitar
0,383,391,Gravitar
0,384,392,Gravitar
0,385,393,Gravitar
0,386,394,Gravitar
0,387,395,Gravitar
0,388,396,Gravitar
0,389,397,Gravitar
0,390,398,Gravitar
0,391,399,Gravitar
0,392,400,Gravitar
0,393,401,Gravitar
0,394,402,Gravitar
0,395,403,Gravitar
0,396,404,Gravitar
0,397,405,Gravitar
0,398,406,Gravitar
0,399,407,Gravitar
0,400,408,Gravitar
0,401,409,Gravitar
0,402,410,Gravitar
0,403,411,Gravitar
0,404,412,Gravitar
0,405,413,Gravitar
0,406,414,Gravitar
0,407,415,Gravitar
0,408,416,Gravitar
0,409,417,Gravitar
0,410,418,Gravitar
0,411,419,Gravitar
0,412,420,Gravitar
0,413,421,Gravitar
0,414,422,Gravitar
0,415,423,Gravitar
0,416,424,Gravitar
0,417,425,Gravitar
0,418,426,Gravitar
0,419,427,Gravitar
0,420,428,Gravitar
0,421,429,Gravitar
0,422,430,Gravitar
0,423,431,Gravitar
0,424,432,Gravitar
0,425,433,Gravitar
0,426,434,Gravitar
0,427,435,Gravitar
0,428,436,Gravitar
0,429,437,Gravitar
0,430,438,Gravitar
0,431,439,Gravitar
0,432,440,Gravitar
0,433,441,Gravitar
0,434,442,Gravitar
0,435,443,Gravitar
0,436,444,Gravitar
0,437,445,Gravitar
0,438,446,Gravitar
0,439,447,Gravitar
0,440,448,Gravitar
0,441,449,Gravitar
0,442,450,Gravitar
0,443,451,Gravitar
0,444,452,Gravitar
0,445,453,Gravitar
0,446,454,Gravitar
0,447,455,Gravitar
0,448,456,Gravitar
0,449,457,Gravitar
0,450,458,Gravitar
0,451,459,Gravitar
0,452,460,Gravitar
0,453,461,Gravitar
0,454,462,Gravitar
0,455,463,Gravitar
0,456,464,Gravitar
0,457,465,Gravitar
0,458,466,Gravitar
0,459,467,Gravitar
0,460,468,Gravitar
0,461,469,Gravitar
0,462,470,Gravitar
0,463,471,Gravitar
0,464,472,Gravitar
0,465,473,Gravitar
0,466,474,Gravitar
0,467,475,Gravitar
0,468,476,Gravitar
0,469,477,Gravitar
0,470,478,Gravitar
0,471,479,Gravitar
0,472,480,Gravitar
0,473,481,Gravitar
0,474,482,Gravitar
0,475,483,Gravitar
0,476,484,Gravitar
0,477,485,Gravitar
0,478,486,Gravitar
0,479,487,Gravitar
0,480,488,Gravitar
0,481,489,Gravitar
0,482,490,Gravitar
0,483,491,Gravitar
0,484,492,Gravitar
0,485,493,Gravitar
0,486,494,Gravitar
0,487,495,Gravitar
0,488,496,Gravitar
0,489,497,Gravitar
0,490,498,Gravitar
0,491,499,Gravitar
0,492,500,Gravitar
0,493,501,Gravitar
0,494,502,Gravitar
0,495,503,Gravitar
0,496,504,Gravitar
0,497,505,Gravitar
0,498,506,Gravitar
0,499,507,Gravitar
0,500,508,Gravitar
0,501,509,Gravitar
0,502,510,Gravitar
0,503,511,Gravitar
0,504,512,Gravitar
0,505,513,Gravitar
0,506,514,Gravitar
0,507,515,Gravitar
0,508,516,Gravitar
0,509,517,Gravitar
0,510,518,Gravitar
0,511,519,Gravitar
0,512,520,Gravitar
0,513,521,Gravitar
0,514,522,Gravitar
0,515,523,Gravitar
0,516,524,Gravitar
0,517,525,Gravitar
0,518,526,Gravitar
0,519,527,Gravitar
0,520,528,Gravitar
0,521,529,Gravitar
0,522,530,Gravitar
0,523,531,Gravitar
0,524,532,Gravitar
0,525,533,Gravitar
0,526,534,Gravitar
0,527,535,Gravitar
0,528,536,Gravitar
0,529,537,Gravitar
0,530,538,Gravitar
0,531,539,Gravitar
0,532,540,Gravitar
0,533,541,Gravitar
0,534,542,Gravitar
0,535,543,Gravitar
0,536,544,Gravitar
0,537,545,Gravitar
0,538,546,Gravitar
0,539,547,Gravitar
0,540,548,Gravitar
0,541,549,Gravitar
0,542,550,Gravitar
0,543,551,Gravitar
0,544,552,Gravitar
0,545,553,Gravitar
0,546,554,Gravitar
0,547,555,Gravitar
0,548,556,Gravitar
0,549,557,Gravitar
0,550,558,Gravitar
0,551,559,Gravitar
0,552,560,Gravitar
0,553,561,Gravitar
0,554,562,Gravitar
0,555,563,Gravitar
0,556,564,Gravitar
0,557,565,Gravitar
0,558,566,Gravitar
0,559,567,Gravitar
0,560,568,Gravitar
0,561,569,Gravitar
0,562,570,Gravitar
0,563,571,Gravitar
0,564,572,Gravitar
0,565,573,Gravitar
1,0,8,Gravitar
1,1,9,Gravitar
1,2,10,Gravitar
1,3,11,Gravitar
1,4,12,Gravitar
1,5,13,Gravitar
1,6,14,Gravitar
1,7,15,Gravitar
1,8,16,Gravitar
1,9,17,Gravitar
1,10,18,Gravitar
1,11,19,Gravitar
1,12,20,Gravitar
1,13,21,Gravitar
1,14,22,Gravitar
1,15,23,Gravitar
1,16,24,Gravitar
1,17,25,Gravitar
1,18,26,Gravitar
1,19,27,Gravitar
1,20,28,Gravitar
1,21,29,Gravitar
1,22,30,Gravitar
1,23,31,Gravitar
1,24,32,Gravitar
1,25,33,Gravitar
1,26,34,Gravitar
1,27,35,Gravitar
1,28,36,Gravitar
1,29,37,Gravitar
1,30,38,Gravitar
1,31,39,Gravitar
1,32,40,Gravitar
1,33,41,Gravitar
1,34,42,Gravitar
1,35,43,Gravitar
1,36,44,Gravitar
1,37,45,Gravitar
1,38,46,Gravitar
1,39,47,Gravitar
1,40,48,Gravitar
1,41,49,Gravitar
1,42,50,Gravitar
1,43,51,Gravitar
1,44,52,Gravitar
1,45,53,Gravitar
1,46,54,Gravitar
1,47,55,Gravitar
1,48,56,Gravitar
1,49,57,Gravitar
1,50,58,Gravitar
1,51,59,Gravitar
1,52,60,Gravitar
1,53,61,Gravitar
1,54,62,Gravitar
1,55,63,Gravitar
1,56,64,Gravitar
1,57,65,Gravitar
1,58,66,Gravitar
1,59,67,Gravitar
1,60,68,Gravitar
1,61,69,Gravitar
1,62,70,Gravitar
1,63,71,Gravitar
1,64,72,Gravitar
1,65,73,Gravitar
1,66,74,Gravitar
1,67,75,Gravitar
1,68,76,Gravitar
1,69,77,Gravitar
1,70,78,Gravitar
1,71,79,Gravitar
1,72,80,Gravitar
1,73,81,Gravitar
1,74,82,Gravitar
1,75,83,Gravitar
1,76,84,Gravitar
1,77,85,Gravitar
1,78,86,Gravitar
1,79,87,Gravitar
1,80,88,Gravitar
1,81,89,Gravitar
1,82,90,Gravitar
1,83,91,Gravitar
1,84,92,Gravitar
1,85,93,Gravitar
1,86,94,Gravitar
1,87,95,Gravitar
1,88,96,Gravitar
1,89,97,Gravitar
1,90,98,Gravitar
1,91,99,Gravitar
1,92,100,Gravitar
1,93,101,Gravitar
1,94,102,Gravitar
1,95,103,Gravitar
1,96,104,Gravitar
1,97,105,Gravitar
1,98,106,Gravitar
1,99,107,Gravitar
1,100,108,Gravitar
1,101,109,Gravitar
1,102,110,Gravitar
1,103,111,Gravitar
1,104,112,Gravitar
1,105,113,Gravitar
1,106,114,Gravitar
1,107,115,Gravitar
1,108,116,Gravitar
1,109,117,Gravitar
1,110,118,Gravitar
1,111,119,Gravitar
1,112,120,Gravitar
1,113,121,Gravitar
1,114,122,Gravitar
1,115,123,Gravitar
1,116,124,Gravitar
1,117,125,Gravitar
1,118,126,Gravitar
1,119,127,Gravitar
1,120,128,Gravitar
1,121,129,Gravitar
1,122,130,Gravitar
1,123,131,Gravitar
1,124,132,Gravitar
1,125,133,Gravitar
1,126,134,Gravitar
1,127,135,Gravitar
1,128,136,Gravitar
1,129,137,Gravitar
1,130,138,Gravitar
1,131,139,Gravitar
1,132,140,Gravitar
1,133,141,Gravitar
1,134,142,Gravitar
1,135,143,Gravitar
1,136,144,Gravitar
1,137,145,Gravitar
1,138,146,Gravitar
1,139,147,Gravitar
1,140,148,Gravitar
1,141,149,Gravitar
1,142,150,Gravitar
1,143,151,Gravitar
1,144,152,Gravitar
1,145,153,Gravitar
1,146,154,Gravitar
1,147,155,Gravitar
1,148,156,Gravitar
1,149,157,Gravitar
1,150,158,Gravitar
1,151,159,Gravitar
1,152,160,Gravitar
1,153,161,Gravitar
1,154,162,Gravitar
1,155,163,Gravitar
1,156,164,Gravitar
1,157,165,Gravitar
1,158,166,Gravitar
1,159,167,Gravitar
1,160,168,Gravitar
1,161,169,Gravitar
1,162,170,Gravitar
1,163,171,Gravitar
1,164,172,Gravitar
1,165,173,Gravitar
1,166,174,Gravitar
1,167,175,Gravitar
1,168,176,Gravitar
1,169,177,Gravitar
1,170,178,Gravitar
1,171,179,Gravitar
1,172,180,Gravitar
1,173,181,Gravitar
1,174,182,Gravitar
1,175,183,Gravitar
1,176,184,Gravitar
1,177,185,Gravitar
1,178,186,Gravitar
1,179,187,Gravitar
1,180,188,Gravitar
1,181,189,Gravitar
1,182,190,Gravitar
1,183,191,Gravitar
1,184,192,Gravitar
1,185,193,Gravitar
1,186,194,Gravitar
1,187,195,Gravitar
1,188,196,Gravitar
1,189,197,Gravitar
1,190,198,Gravitar
1,191,199,Gravitar
1,192,200,Gravitar
1,193,201,Gravitar
1,194,202,Gravitar
1,195,203,Gravitar
1,196,204,Gravitar
1,197,205,Gravitar
1,198,206,Gravitar
1,199,207,Gravitar
1,200,208,Gravitar
1,201,209,Gravitar
1,202,210,Gravitar
1,203,211,Gravitar
1,204,212,Gravitar
1,205,213,Gravitar
1,206,214,Gravitar
1,207,215,Gravitar
1,208,216,Gravitar
1,209,217,Gravitar
1,210,218,Gravitar
1,211,219,Gravitar
1,212,220,Gravitar
1,213,221,Gravitar
1,214,222,Gravitar
1,215,223,Gravitar
1,216,224,Gravitar
1,217,225,Gravitar
1,218,226,Gravitar
1,219,227,Gravitar
1,220,228,Gravitar
1,221,229,Gravitar
1,222,230,Gravitar
1,223,231,Gravitar
1,224,232,Gravitar
1,225,233,Gravitar
1,226,234,Gravitar
1,227,235,Gravitar
1,228,236,Gravitar
1,229,237,Gravitar
1,230,238,Gravitar
1,231,239,Gravitar
1,232,240,Gravitar
1,233,241,Gravitar
1,234,242,Gravitar
1,235,243,Gravitar
1,236,244,Gravitar
1,237,245,Gravitar
1,238,246,Gravitar
1,239,247,Gravitar
1,240,248,Gravitar
1,241,249,Gravitar
1,242,250,Gravitar
1,243,251,Gravitar
1,244,252,Gravitar
1,245,253,Gravitar
1,246,254,Gravitar
1,247,255,Gravitar
1,248,256,Gravitar
1,249,257,Gravitar
1,250,258,Gravitar
1,251,259,Gravitar
1,252,260,Gravitar
1,253,261,Gravitar
1,254,262,Gravitar
1,255,263,Gravitar
1,256,264,Gravitar
1,257,265,Gravitar
1,258,266,Gravitar
1,259,267,Gravitar
1,260,268,Gravitar
1,261,269,Gravitar
1,262,270,Gravitar
1,263,271,Gravitar
1,264,272,Gravitar
1,265,273,Gravitar
1,266,274,Gravitar
1,267,275,Gravitar
1,268,276,Gravitar
1,269,277,Gravitar
1,270,278,Gravitar
1,271,279,Gravitar
1,272,280,Gravitar
1,273,281,Gravitar
1,274,282,Gravitar
1,275,283,Gravitar
1,276,284,Gravitar
1,277,285,Gravitar
1,278,286,Gravitar
1,279,287,Gravitar
1,280,288,Gravitar
1,281,289,Gravitar
1,282,290,Gravitar
1,283,291,Gravitar
1,284,292,Gravitar
1,285,293,Gravitar
1,286,294,Gravitar
1,287,295,Gravitar
1,288,296,Gravitar
1,289,297,Gravitar
1,290,298,Gravitar
1,291,299,Gravitar
1,292,300,Gravitar
1,293,301,Gravitar
1,294,302,Gravitar
1,295,303,Gravitar
1,296,304,Gravitar
1,297,305,Gravitar
1,298,306,Gravitar
1,299,307,Gravitar
1,300,308,Gravitar
1,301,309,Gravitar
1,302,310,Gravitar
1,303,311,Gravitar
1,304,312,Gravitar
1,305,313,Gravitar
1,306,314,Gravitar
1,307,315,Gravitar
1,308,316,Gravitar
1,309,317,Gravitar
1,310,318,Gravitar
1,311,319,Gravitar
1,312,320,Gravitar
1,313,321,Gravitar
1,314,322,Gravitar
1,315,323,Gravitar
1,316,324,Gravitar
1,317,325,Gravitar
1,318,326,Gravitar
1,319,327,Gravitar
1,320,328,Gravitar
1,321,329,Gravitar
1,322,330,Gravitar
1,323,331,Gravitar
1,324,332,Gravitar
1,325,333,Gravitar
1,326,334,Gravitar
1,327,335,Gravitar
1,328,336,Gravitar
1,329,337,Gravitar
1,330,338,Gravitar
1,331,339,Gravitar
1,332,340,Gravitar
1,333,341,Gravitar
1,334,342,Gravitar
1,335,343,Gravitar
1,336,344,Gravitar
1,337,345,Gravitar
1,338,346,Gravitar
1,339,347,Gravitar
1,340,348,Gravitar
1,341,349,Gravitar
1,342,350,Gravitar
1,343,351,Gravitar
1,344,352,Gravitar
1,345,353,Gravitar
1,346,354,Gravitar
1,347,355,Gravitar
1,348,356,Gravitar
1,349,357,Gravitar
1,350,358,Gravitar
1,351,359,Gravitar
1,352,360,Gravitar
1,353,361,Gravitar
1,354,362,Gravitar
1,355,363,Gravitar
1,356,364,Gravitar
1,357,365,Gravitar
1,358,366,Gravitar
1,359,367,Gravitar
1,360,368,Gravitar
1,361,369,Gravitar
1,362,370,Gravitar
1,363,371,Gravitar
1,364,372,Gravitar
1,365,373,Gravitar
1,366,374,Gravitar
1,367,375,Gravitar
1,368,376,Gravitar
1,369,377,Gravitar
1,370,378,Gravitar
1,371,379,Gravitar
1,372,380,Gravitar
1,373,381,Gravitar
1,374,382,Gravitar
1,375,383,Gravitar
1,376,384,Gravitar
1,377,385,Gravitar
1,378,386,Gravitar
1,379,387,Gravitar
1,380,388,Gravitar
1,381,389,Gravitar
1,382,390,Gravitar
1,383,391,Gravitar
1,384,392,Gravitar
1,385,393,Gravitar
1,386,394,Gravitar
1,387,395,Gravitar
1,388,396,Gravitar
1,389,397,Gravitar
1,390,398,Gravitar
1,391,399,Gravitar
1,392,400,Gravitar
1,393,401,Gravitar
1,394,402,Gravitar
1,395,403,Gravitar
1,396,404,Gravitar
1,397,405,Gravitar
1,398,406,Gravitar
1,399,407,Gravitar
1,400,408,Gravitar
1,401,409,Gravitar
1,402,410,Gravitar
1,403,411,Gravitar
1,404,412,Gravitar
1,405,413,Gravitar
1,406,414,Gravitar
1,407,415,Gravitar
1,408,416,Gravitar
1,409,417,Gravitar
1,410,418,Gravitar
1,411,419,Gravitar
1,412,420,Gravitar
1,413,421,Gravitar
1,414,422,Gravitar
1,415,423,Gravitar
1,416,424,Gravitar
1,417,425,Gravitar
1,418,426,Gravitar
1,419,427,Gravitar
1,420,428,Gravitar
1,421,429,Gravitar
1,422,430,Gravitar
1,423,431,Gravitar
1,424,432,Gravitar
1,425,433,Gravitar
1,426,434,Gravitar
1,427,435,Gravitar
1,428,436,Gravitar
1,429,437,Gravitar
1,430,438,Gravitar
1,431,439,Gravitar
1,432,440,Gravitar
1,433,441,Gravitar
1,434,442,Gravitar
1,435,443,Gravitar
1,436,444,Gravitar
1,437,445,Gravitar
1,438,446,Gravitar
1,439,447,Gravitar
1,440,448,Gravitar
1,441,449,Gravitar
1,442,450,Gravitar
1,443,451,Gravitar
1,444,452,Gravitar
1,445,453,Gravitar
1,446,454,Gravitar
1,447,455,Gravitar
1,448,456,Gravitar
1,449,457,Gravitar
1,450,458,Gravitar
1,451,459,Gravitar
1,452,460,Gravitar
1,453,461,Gravitar
1,454,462,Gravitar
1,455,463,Gravitar
1,456,464,Gravitar
1,457,465,Gravitar
1,458,466,Gravitar
1,459,467,Gravitar
1,460,468,Gravitar
1,461,469,Gravitar
1,462,470,Gravitar
1,463,471,Gravitar
1,464,472,Gravitar
1,465,473,Gravitar
1,466,474,Gravitar
1,467,475,Gravitar
1,468,476,Gravitar
1,469,477,Gravitar
1,470,478,Gravitar
1,471,479,Gravitar
1,472,480,Gravitar
1,473,481,Gravitar
1,474,482,Gravitar
1,475,483,Gravitar
1,476,484,Gravitar
1,477,485,Gravitar
1,478,486,Gravitar
1,479,487,Gravitar
1,480,488,Gravitar
1,481,489,Gravitar
1,482,490,Gravitar
1,483,491,Gravitar
1,484,492,Gravitar
1,485,493,Gravitar
1,486,494,Gravitar
1,487,495,Gravitar
1,488,496,Gravitar
1,489,497,Gravitar
1,490,498,Gravitar
1,491,499,Gravitar
1,492,500,Gravitar
1,493,501,Gravitar
1,494,502,Gravitar
1,495,503,Gravitar
1,496,504,Gravitar
1,497,505,Gravitar
1,498,506,Gravitar
1,499,507,Gravitar
1,500,508,Gravitar
1,501,509,Gravitar
1,502,510,Gravitar
1,503,511,Gravitar
1,504,512,Gravitar
1,505,513,Gravitar
1,506,514,Gravitar
1,507,515,Gravitar
1,508,516,Gravitar
1,509,517,Gravitar
1,510,518,Gravitar
1,511,519,Gravitar
1,512,520,Gravitar
1,513,521,Gravitar
1,514,522,Gravitar
1,515,523,Gravitar
1,516,524,Gravitar
1,517,525,Gravitar
1,518,526,Gravitar
1,519,527,Gravitar
1,520,528,Gravitar
1,521,529,Gravitar
1,522,530,Gravitar
1,523,531,Gravitar
1,524,532,Gravitar
1,525,533,Gravitar
1,526,534,Gravitar
1,527,535,Gravitar
1,528,536,Gravitar
1,529,537,Gravitar
1,530,538,Gravitar
1,531,539,Gravitar
1,532,540,Gravitar
1,533,541,Gravitar
1,534,542,Gravitar
1,535,543,Gravitar
1,536,544,Gravitar
1,537,545,Gravitar
1,538,546,Gravitar
1,539,547,Gravitar
1,540,548,Gravitar
1,541,549,Gravitar
1,542,550,Gravitar
1,543,551,Gravitar
1,544,552,Gravitar
1,545,553,Gravitar
1,546,554,Gravitar
1,547,555,Gravitar
1,548,556,Gravitar
1,549,557,Gravitar
1,550,558,Gravitar
1,551,559,Gravitar
1,552,560,Gravitar
1,553,561,Gravitar
1,554,562,Gravitar
1,555,563,Gravitar
1,556,564,Gravitar
1,557,565,Gravitar
1,558,566,Gravitar
1,559,567,Gravitar
1,560,568,Gravitar
1,561,569,Gravitar
1,562,570,Gravitar
1,563,571,Gravitar
1,564,572,Gravitar
1,565,573,Gravitar
1,566,574,Gravitar
1,567,575,Gravitar
1,568,576,Gravitar
1,569,577,Gravitar
1,570,578,Gravitar
1,571,579,Gravitar
1,572,580,Gravitar
1,573,581,Gravitar
1,574,582,Gravitar
1,575,583,Gravitar
1,576,584,Gravitar
1,577,585,Gravitar
1,578,586,Gravitar
1,579,587,Gravitar
1,580,588,Gravitar
1,581,589,Gravitar
1,582,590,Gravitar
1,583,591,Gravitar
1,584,592,Gravitar
2,0,8,Gravitar
2,1,9,Gravitar
2,2,10,Gravitar
2,3,11,Gravitar
2,4,12,Gravitar
2,5,13,Gravitar
2,6,14,Gravitar
2,7,15,Gravitar
2,8,16,Gravitar
2,9,17,Gravitar
2,10,18,Gravitar
2,11,19,Gravitar
2,12,20,Gravitar
2,13,21,Gravitar
2,14,22,Gravitar
2,15,23,Gravitar
2,16,24,Gravitar
2,17,25,Gravitar
2,18,26,Gravitar
2,19,27,Gravitar
2,20,28,Gravitar
2,21,29,Gravitar
2,22,30,Gravitar
2,23,31,Gravitar
2,24,32,Gravitar
2,25,33,Gravitar
2,26,34,Gravitar
2,27,35,Gravitar
2,28,36,Gravitar
2,29,37,Gravitar
2,30,38,Gravitar
2,31,39,Gravitar
2,32,40,Gravitar
2,33,41,Gravitar
2,34,42,Gravitar
2,35,43,Gravitar
2,36,44,Gravitar
2,37,45,Gravitar
2,38,46,Gravitar
2,39,47,Gravitar
2,40,48,Gravitar
2,41,49,Gravitar
2,42,50,Gravitar
2,43,51,Gravitar
2,44,52,Gravitar
2,45,53,Gravitar
2,46,54,Gravitar
2,47,55,Gravitar
2,48,56,Gravitar
2,49,57,Gravitar
2,50,58,Gravitar
2,51,59,Gravitar
2,52,60,Gravitar
2,53,61,Gravitar
2,54,62,Gravitar
2,55,63,Gravitar
2,56,64,Gravitar
2,57,65,Gravitar
2,58,66,Gravitar
2,59,67,Gravitar
2,60,68,Gravitar
2,61,69,Gravitar
2,62,70,Gravitar
2,63,71,Gravitar
2,64,72,Gravitar
2,65,73,Gravitar
2,66,74,Gravitar
2,67,75,Gravitar
2,68,76,Gravitar
2,69,77,Gravitar
2,70,78,Gravitar
2,71,79,Gravitar
2,72,80,Gravitar
2,73,81,Gravitar
2,74,82,Gravitar
2,75,83,Gravitar
2,76,84,Gravitar
2,77,85,Gravitar
2,78,86,Gravitar
2,79,87,Gravitar
2,80,88,Gravitar
2,81,89,Gravitar
2,82,90,Gravitar
2,83,91,Gravitar
2,84,92,Gravitar
2,85,93,Gravitar
2,86,94,Gravitar
2,87,95,Gravitar
2,88,96,Gravitar
2,89,97,Gravitar
2,90,98,Gravitar
2,91,99,Gravitar
2,92,100,Gravitar
2,93,101,Gravitar
2,94,102,Gravitar
2,95,103,Gravitar
2,96,104,Gravitar
2,97,105,Gravitar
2,98,106,Gravitar
2,99,107,Gravitar
2,100,108,Gravitar
2,101,109,Gravitar
2,102,110,Gravitar
2,103,111,Gravitar
2,104,112,Gravitar
2,105,113,Gravitar
2,106,114,Gravitar
2,107,115,Gravitar
2,108,116,Gravitar
2,109,117,Gravitar
2,110,118,Gravitar
2,111,119,Gravitar
2,112,120,Gravitar
2,113,121,Gravitar
2,114,122,Gravitar
2,115,123,Gravitar
2,116,124,Gravitar
2,117,125,Gravitar
2,118,126,Gravitar
2,119,127,Gravitar
2,120,128,Gravitar
2,121,129,Gravitar
2,122,130,Gravitar
2,123,131,Gravitar
2,124,132,Gravitar
2,125,133,Gravitar
2,126,134,Gravitar
2,127,135,Gravitar
2,128,136,Gravitar
2,129,137,Gravitar
2,130,138,Gravitar
2,131,139,Gravitar
2,132,140,Gravitar
2,133,141,Gravitar
2,134,142,Gravitar
2,135,143,Gravitar
2,136,144,Gravitar
2,137,145,Gravitar
2,138,146,Gravitar
2,139,147,Gravitar
2,140,148,Gravitar
2,141,149,Gravitar
2,142,150,Gravitar
2,143,151,Gravitar
2,144,152,Gravitar
2,145,153,Gravitar
2,146,154,Gravitar
2,147,155,Gravitar
2,148,156,Gravitar
2,149,157,Gravitar
2,150,158,Gravitar
2,151,159,Gravitar
2,152,160,Gravitar
2,153,161,Gravitar
2,154,162,Gravitar
2,155,163,Gravitar
2,156,164,Gravitar
2,157,165,Gravitar
2,158,166,Gravitar
2,159,167,Gravitar
2,160,168,Gravitar
2,161,169,Gravitar
2,162,170,Gravitar
2,163,171,Gravitar
2,164,172,Gravitar
2,165,173,Gravitar
2,166,174,Gravitar
2,167,175,Gravitar
2,168,176,Gravitar
2,169,177,Gravitar
2,170,178,Gravitar
2,171,179,Gravitar
2,172,180,Gravitar
2,173,181,Gravitar
2,174,182,Gravitar
2,175,183,Gravitar
2,176,184,Gravitar
2,177,185,Gravitar
2,178,186,Gravitar
2,179,187,Gravitar
2,180,188,Gravitar
2,181,189,Gravitar
2,182,190,Gravitar
2,183,191,Gravitar
2,184,192,Gravitar
2,185,193,Gravitar
2,186,194,Gravitar
2,187,195,Gravitar
2,188,196,Gravitar
2,189,197,Gravitar
2,190,198,Gravitar
2,191,199,Gravitar
2,192,200,Gravitar
2,193,201,Gravitar
2,194,202,Gravitar
2,195,203,Gravitar
2,196,204,Gravitar
2,197,205,Gravitar
2,198,206,Gravitar
2,199,207,Gravitar
2,200,208,Gravitar
2,201,209,Gravitar
2,202,210,Gravitar
2,203,211,Gravitar
2,204,212,Gravitar
2,205,213,Gravitar
2,206,214,Gravitar
2,207,215,Gravitar
2,208,216,Gravitar
2,209,217,Gravitar
2,210,218,Gravitar
2,211,219,Gravitar
2,212,220,Gravitar
2,213,221,Gravitar
2,214,222,Gravitar
2,215,223,Gravitar
2,216,224,Gravitar
2,217,225,Gravitar
2,218,226,Gravitar
2,219,227,Gravitar
2,220,228,Gravitar
2,221,229,Gravitar
2,222,230,Gravitar
2,223,231,Gravitar
2,224,232,Gravitar
2,225,233,Gravitar
2,226,234,Gravitar
2,227,235,Gravitar
2,228,236,Gravitar
2,229,237,Gravitar
2,230,238,Gravitar
2,231,239,Gravitar
2,232,240,Gravitar
2,233,241,Gravitar
2,234,242,Gravitar
2,235,243,Gravitar
2,236,244,Gravitar
2,237,245,Gravitar
2,238,246,Gravitar
2,239,247,Gravitar
2,240,248,Gravitar
2,241,249,Gravitar
2,242,250,Gravitar
2,243,251,Gravitar
2,244,252,Gravitar
2,245,253,Gravitar
2,246,254,Gravitar
2,247,255,Gravitar
2,248,256,Gravitar
2,249,257,Gravitar
2,250,258,Gravitar
2,251,259,Gravitar
2,252,260,Gravitar
2,253,261,Gravitar
2,254,262,Gravitar
2,255,263,Gravitar
2,256,264,Gravitar
2,257,265,Gravitar
2,258,266,Gravitar
2,259,267,Gravitar
2,260,268,Gravitar
2,261,269,Gravitar
2,262,270,Gravitar
2,263,271,Gravitar
2,264,272,Gravitar
2,265,273,Gravitar
2,266,274,Gravitar
2,267,275,Gravitar
2,268,276,Gravitar
2,269,277,Gravitar
2,270,278,Gravitar
2,271,279,Gravitar
2,272,280,Gravitar
2,273,281,Gravitar
2,274,282,Gravitar
2,275,283,Gravitar
2,276,284,Gravitar
2,277,285,Gravitar
2,278,286,Gravitar
2,279,287,Gravitar
2,280,288,Gravitar
2,281,289,Gravitar
2,282,290,Gravitar
2,283,291,Gravitar
2,284,292,Gravitar
2,285,293,Gravitar
2,286,294,Gravitar
2,287,295,Gravitar
2,288,296,Gravitar
2,289,297,Gravitar
2,290,298,Gravitar
2,291,299,Gravitar
2,292,300,Gravitar
2,293,301,Gravitar
2,294,302,Gravitar
2,295,303,Gravitar
2,296,304,Gravitar
2,297,305,Gravitar
2,298,306,Gravitar
2,299,307,Gravitar
2,300,308,Gravitar
2,301,309,Gravitar
2,302,310,Gravitar
2,303,311,Gravitar
2,304,312,Gravitar
2,305,313,Gravitar
2,306,314,Gravitar
2,307,315,Gravitar
2,308,316,Gravitar
2,309,317,Gravitar
2,310,318,Gravitar
2,311,319,Gravitar
2,312,320,Gravitar
2,313,321,Gravitar
2,314,322,Gravitar
2,315,323,Gravitar
2,316,324,Gravitar
2,317,325,Gravitar
2,318,326,Gravitar
2,319,327,Gravitar
2,320,328,Gravitar
2,321,329,Gravitar
2,322,330,Gravitar
2,323,331,Gravitar
2,324,332,Gravitar
2,325,333,Gravitar
2,326,334,Gravitar
2,327,335,Gravitar
2,328,336,Gravitar
2,329,337,Gravitar
2,330,338,Gravitar
2,331,339,Gravitar
2,332,340,Gravitar
2,333,341,Gravitar
2,334,342,Gravitar
2,335,343,Gravitar
2,336,344,Gravitar
2,337,345,Gravitar
2,338,346,Gravitar
2,339,347,Gravitar
2,340,348,Gravitar
2,341,349,Gravitar
2,342,350,Gravitar
2,343,351,Gravitar
2,344,352,Gravitar
2,345,353,Gravitar
2,346,354,Gravitar
2,347,355,Gravitar
2,348,356,Gravitar
2,349,357,Gravitar
2,350,358,Gravitar
2,351,359,Gravitar
2,352,360,Gravitar
2,353,361,Gravitar
2,354,362,Gravitar
2,355,363,Gravitar
2,356,364,Gravitar
2,357,365,Gravitar
2,358,366,Gravitar
2,359,367,Gravitar
2,360,368,Gravitar
2,361,369,Gravitar
2,362,370,Gravitar
2,363,371,Gravitar
2,364,372,Gravitar
2,365,373,Gravitar
2,366,374,Gravitar
2,367,375,Gravitar
2,368,376,Gravitar
2,369,377,Gravitar
2,370,378,Gravitar
2,371,379,Gravitar
2,372,380,Gravitar
2,373,381,Gravitar
2,374,382,Gravitar
2,375,383,Gravitar
2,376,384,Gravitar
2,377,385,Gravitar
2,378,386,Gravitar
2,379,387,Gravitar
2,380,388,Gravitar
2,381,389,Gravitar
2,382,390,Gravitar
2,383,391,Gravitar
2,384,392,Gravitar
2,385,393,Gravitar
2,386,394,Gravitar
2,387,395,Gravitar
2,388,396,Gravitar
2,389,397,Gravitar
2,390,398,Gravitar
2,391,399,Gravitar
2,392,400,Gravitar
2,393,401,Gravitar
2,394,402,Gravitar
2,395,403,Gravitar
2,396,404,Gravitar
2,397,405,Gravitar
2,398,406,Gravitar
2,399,407,Gravitar
2,400,408,Gravitar
2,401,409,Gravitar
2,402,410,Gravitar
2,403,411,Gravitar
2,404,412,Gravitar
2,405,413,Gravitar
2,406,414,Gravitar
2,407,415,Gravitar
2,408,416,Gravitar
2,409,417,Gravitar
2,410,418,Gravitar
2,411,419,Gravitar
2,412,420,Gravitar
2,413,421,Gravitar
2,414,422,Gravitar
2,415,423,Gravitar
2,416,424,Gravitar
2,417,425,Gravitar
2,418,426,Gravitar
2,419,427,Gravitar
2,420,428,Gravitar
2,421,429,Gravitar
2,422,430,Gravitar
2,423,431,Gravitar
2,424,432,Gravitar
2,425,433,Gravitar
2,426,434,Gravitar
2,427,435,Gravitar
2,428,436,Gravitar
2,429,437,Gravitar
2,430,438,Gravitar
2,431,439,Gravitar
2,432,440,Gravitar
2,433,441,Gravitar
2,434,442,Gravitar
2,435,443,Gravitar
2,436,444,Gravitar
2,437,445,Gravitar
2,438,446,Gravitar
2,439,447,Gravitar
2,440,448,Gravitar
2,441,449,Gravitar
2,442,450,Gravitar
2,443,451,Gravitar
2,444,452,Gravitar
2,445,453,Gravitar
2,446,454,Gravitar
2,447,455,Gravitar
2,448,456,Gravitar
2,449,457,Gravitar
2,450,458,Gravitar
2,451,459,Gravitar
2,452,460,Gravitar
2,453,461,Gravitar
2,454,462,Gravitar
2,455,463,Gravitar
2,456,464,Gravitar
2,457,465,Gravitar
2,458,466,Gravitar
2,459,467,Gravitar
2,460,468,Gravitar
2,461,469,Gravitar
2,462,470,Gravitar
2,463,471,Gravitar
2,464,472,Gravitar
2,465,473,Gravitar
2,466,474,Gravitar
2,467,475,Gravitar
2,468,476,Gravitar
2,469,477,Gravitar
2,470,478,Gravitar
2,471,479,Gravitar
2,472,480,Gravitar
2,473,481,Gravitar
2,474,482,Gravitar
2,475,483,Gravitar
2,476,484,Gravitar
2,477,485,Gravitar
2,478,486,Gravitar
2,479,487,Gravitar
2,480,488,Gravitar
2,481,489,Gravitar
2,482,490,Gravitar
2,483,491,Gravitar
2,484,492,Gravitar
2,485,493,Gravitar
2,486,494,Gravitar
2,487,495,Gravitar
2,488,496,Gravitar
2,489,497,Gravitar
2,490,498,Gravitar
2,491,499,Gravitar
2,492,500,Gravitar
2,493,501,Gravitar
2,494,502,Gravitar
2,495,503,Gravitar
2,496,504,Gravitar
2,497,505,Gravitar
2,498,506,Gravitar
2,499,507,Gravitar
2,500,508,Gravitar
2,501,509,Gravitar
2,502,510,Gravitar
2,503,511,Gravitar
2,504,512,Gravitar
2,505,513,Gravitar
2,506,514,Gravitar
2,507,515,Gravitar
2,508,516,Gravitar
2,509,517,Gravitar
2,510,518,Gravitar
2,511,519,Gravitar
2,512,520,Gravitar
2,513,521,Gravitar
2,514,522,Gravitar
2,515,523,Gravitar
2,516,524,Gravitar
2,517,525,Gravitar
2,518,526,Gravitar
2,519,527,Gravitar
2,520,528,Gravitar
2,521,529,Gravitar
2,522,530,Gravitar
2,523,531,Gravitar
2,524,532,Gravitar
2,525,533,Gravitar
2,526,534,Gravitar
2,527,535,Gravitar
2,528,536,Gravitar
2,529,537,Gravitar
2,530,538,Gravitar
2,531,539,Gravitar
2,532,540,Gravitar
2,533,541,Gravitar
2,534,542,Gravitar
2,535,543,Gravitar
2,536,544,Gravitar
2,537,545,Gravitar
2,538,546,Gravitar
2,539,547,Gravitar
2,540,548,Gravitar
2,541,549,Gravitar
2,542,550,Gravitar
2,543,551,Gravitar
2,544,552,Gravitar
2,545,553,Gravitar
2,546,554,Gravitar
2,547,555,Gravitar
2,548,556,Gravitar
2,549,557,Gravitar
2,550,558,Gravitar
2,551,559,Gravitar
2,552,560,Gravitar
2,553,561,Gravitar
2,554,562,Gravitar
2,555,563,Gravitar
2,556,564,Gravitar
2,557,565,Gravitar
2,558,566,Gravitar
2,559,567,Gravitar
2,560,568,Gravitar
2,561,569,Gravitar
2,562,570,Gravitar
2,563,571,Gravitar
2,564,572,Gravitar
2,565,573,Gravitar
2,566,574,Gravitar
2,567,575,Gravitar
2,568,576,Gravitar
2,569,577,Gravitar
2,570,578,Gravitar
2,571,579,Gravitar
2,572,580,Gravitar
2,573,581,Gravitar
2,574,582,Gravitar
2,575,583,Gravitar
2,576,584,Gravitar
2,577,585,Gravitar
2,578,586,Gravitar
2,579,587,Gravitar
2,580,588,Gravitar
2,581,589,Gravitar
2,582,590,Gravitar
2,583,591,Gravitar
2,584,592,Gravitar
2,585,593,Gravitar
2,586,594,Gravitar
2,587,595,Gravitar
2,588,596,Gravitar
2,589,597,Gravitar
2,590,598,Gravitar
2,591,599,Gravitar
2,592,600,Gravitar
2,593,601,Gravitar
2,594,602,Gravitar
2,595,603,Gravitar
2,596,604,Gravitar
2,597,605,Gravitar
2,598,606,Gravitar
2,599,607,Gravitar
2,600,608,Gravitar
2,601,609,Gravitar
2,602,610,Gravitar
2,603,611,Gravitar
2,604,612,Gravitar
2,605,613,Gravitar
2,606,614,Gravitar
2,607,615,Gravitar
2,608,616,Gravitar
2,609,617,Gravitar
2,610,618,Gravitar
2,611,619,Gravitar
2,612,620,Gravitar
2,613,621,Gravitar
2,614,622,Gravitar
2,615,623,Gravitar
2,616,624,Gravitar
2,617,625,Gravitar
2,618,626,Gravitar
2,619,627,Gravitar
2,620,628,Gravitar
2,621,629,Gravitar
2,622,630,Gravitar
2,623,631,Gravitar
2,624,632,Gravitar
2,625,633,Gravitar
2,626,634,Gravitar
2,627,635,Gravitar
2,628,636,Gravitar
2,629,637,Gravitar
2,630,638,Gravitar
2,631,639,Gravitar
2,632,640,Gravitar
2,633,641,Gravitar
2,634,642,Gravitar
2,635,643,Gravitar
2,636,644,Gravitar
2,637,645,Gravitar
2,638,646,Gravitar
2,639,647,Gravitar
2,640,648,Gravitar
2,641,649,Gravitar
2,642,650,Gravitar
2,643,651,Gravitar
2,644,652,Gravitar
2,645,653,Gravitar
2,646,654,Gravitar
2,647,655,Gravitar
2,648,656,Gravitar
2,649,657,Gravitar
2,650,658,Gravitar
2,651,659,Gravitar
2,652,660,Gravitar
2,653,661,Gravitar
2,654,662,Gravitar
2,655,663,Gravitar
2,656,664,Gravitar
2,657,665,Gravitar
2,658,666,Gravitar
2,659,667,Gravitar
2,660,668,Gravitar
2,661,669,Gravitar
2,662,670,Gravitar
2,663,671,Gravitar
2,664,672,Gravitar
2,665,673,Gravitar
2,666,674,Gravitar
2,667,675,Gravitar
2,668,676,Gravitar
2,669,677,Gravitar
2,670,678,Gravitar
2,671,679,Gravitar
2,672,680,Gravitar
2,673,681,Gravitar
2,674,682,Gravitar
2,675,683,Gravitar
2,676,684,Gravitar
2,677,685,Gravitar
2,678,686,Gravitar
2,679,687,Gravitar
2,680,688,Gravitar
2,681,689,Gravitar
2,682,690,Gravitar
2,683,691,Gravitar
2,684,692,Gravitar
2,685,693,Gravitar
2,686,694,Gravitar
2,687,695,Gravitar
2,688,696,Gravitar
2,689,697,Gravitar
2,690,698,Gravitar
2,691,699,Gravitar
2,692,700,Gravitar
3,0,8,Gravitar
3,1,9,Gravitar
3,2,10,Gravitar
3,3,11,Gravitar
3,4,12,Gravitar
3,5,13,Gravitar
3,6,14,Gravitar
3,7,15,Gravitar
3,8,16,Gravitar
3,9,17,Gravitar
3,10,18,Gravitar
3,11,19,Gravitar
3,12,20,Gravitar
3,13,21,Gravitar
3,14,22,Gravitar
3,15,23,Gravitar
3,16,24,Gravitar
3,17,25,Gravitar
3,18,26,Gravitar
3,19,27,Gravitar
3,20,28,Gravitar
3,21,29,Gravitar
3,22,30,Gravitar
3,23,31,Gravitar
3,24,32,Gravitar
3,25,33,Gravitar
3,26,34,Gravitar
3,27,35,Gravitar
3,28,36,Gravitar
3,29,37,Gravitar
3,30,38,Gravitar
3,31,39,Gravitar
3,32,40,Gravitar
3,33,41,Gravitar
3,34,42,Gravitar
3,35,43,Gravitar
3,36,44,Gravitar
3,37,45,Gravitar
3,38,46,Gravitar
3,39,47,Gravitar
3,40,48,Gravitar
3,41,49,Gravitar
3,42,50,Gravitar
3,43,51,Gravitar
3,44,52,Gravitar
3,45,53,Gravitar
3,46,54,Gravitar
3,47,55,Gravitar
3,48,56,Gravitar
3,49,57,Gravitar
3,50,58,Gravitar
3,51,59,Gravitar
3,52,60,Gravitar
3,53,61,Gravitar
3,54,62,Gravitar
3,55,63,Gravitar
3,56,64,Gravitar
3,57,65,Gravitar
3,58,66,Gravitar
3,59,67,Gravitar
3,60,68,Gravitar
3,61,69,Gravitar
3,62,70,Gravitar
3,63,71,Gravitar
3,64,72,Gravitar
3,65,73,Gravitar
3,66,74,Gravitar
3,67,75,Gravitar
3,68,76,Gravitar
3,69,77,Gravitar
3,70,78,Gravitar
3,71,79,Gravitar
3,72,80,Gravitar
3,73,81,Gravitar
3,74,82,Gravitar
3,75,83,Gravitar
3,76,84,Gravitar
3,77,85,Gravitar
3,78,86,Gravitar
3,79,87,Gravitar
3,80,88,Gravitar
3,81,89,Gravitar
3,82,90,Gravitar
3,83,91,Gravitar
3,84,92,Gravitar
3,85,93,Gravitar
3,86,94,Gravitar
3,87,95,Gravitar
3,88,96,Gravitar
3,89,97,Gravitar
3,90,98,Gravitar
3,91,99,Gravitar
3,92,100,Gravitar
3,93,101,Gravitar
3,94,102,Gravitar
3,95,103,Gravitar
3,96,104,Gravitar
3,97,105,Gravitar
3,98,106,Gravitar
3,99,107,Gravitar
3,100,108,Gravitar
3,101,109,Gravitar
3,102,110,Gravitar
3,103,111,Gravitar
3,104,112,Gravitar
3,105,113,Gravitar
3,106,114,Gravitar
3,107,115,Gravitar
3,108,116,Gravitar
3,109,117,Gravitar
3,110,118,Gravitar
3,111,119,Gravitar
3,112,120,Gravitar
3,113,121,Gravitar
3,114,122,Gravitar
3,115,123,Gravitar
3,116,124,Gravitar
3,117,125,Gravitar
3,118,126,Gravitar
3,119,127,Gravitar
3,120,128,Gravitar
3,121,129,Gravitar
3,122,130,Gravitar
3,123,131,Gravitar
3,124,132,Gravitar
3,125,133,Gravitar
3,126,134,Gravitar
3,127,135,Gravitar
3,128,136,Gravitar
3,129,137,Gravitar
3,130,138,Gravitar
3,131,139,Gravitar
3,132,140,Gravitar
3,133,141,Gravitar
3,134,142,Gravitar
3,135,143,Gravitar
3,136,144,Gravitar
3,137,145,Gravitar
3,138,146,Gravitar
3,139,147,Gravitar
3,140,148,Gravitar
3,141,149,Gravitar
3,142,150,Gravitar
3,143,151,Gravitar
3,144,152,Gravitar
3,145,153,Gravitar
3,146,154,Gravitar
3,147,155,Gravitar
3,148,156,Gravitar
3,149,157,Gravitar
3,150,158,Gravitar
3,151,159,Gravitar
3,152,160,Gravitar
3,153,161,Gravitar
3,154,162,Gravitar
3,155,163,Gravitar
3,156,164,Gravitar
3,157,165,Gravitar
3,158,166,Gravitar
3,159,167,Gravitar
3,160,168,Gravitar
3,161,169,Gravitar
3,162,170,Gravitar
3,163,171,Gravitar
3,164,172,Gravitar
3,165,173,Gravitar
3,166,174,Gravitar
3,167,175,Gravitar
3,168,176,Gravitar
3,169,177,Gravitar
3,170,178,Gravitar
3,171,179,Gravitar
3,172,180,Gravitar
3,173,181,Gravitar
3,174,182,Gravitar
3,175,183,Gravitar
3,176,184,Gravitar
3,177,185,Gravitar
3,178,186,Gravitar
3,179,187,Gravitar
3,180,188,Gravitar
3,181,189,Gravitar
3,182,190,Gravitar
3,183,191,Gravitar
3,184,192,Gravitar
3,185,193,Gravitar
3,186,194,Gravitar
3,187,195,Gravitar
3,188,196,Gravitar
3,189,197,Gravitar
3,190,198,Gravitar
3,191,199,Gravitar
3,192,200,Gravitar
3,193,201,Gravitar
3,194,202,Gravitar
3,195,203,Gravitar
3,196,204,Gravitar
3,197,205,Gravitar
3,198,206,Gravitar
3,199,207,Gravitar
3,200,208,Gravitar
3,201,209,Gravitar
3,202,210,Gravitar
3,203,211,Gravitar
3,204,212,Gravitar
3,205,213,Gravitar
3,206,214,Gravitar
3,207,215,Gravitar
3,208,216,Gravitar
3,209,217,Gravitar
3,210,218,Gravitar
3,211,219,Gravitar
3,212,220,Gravitar
3,213,221,Gravitar
3,214,222,Gravitar
3,215,223,Gravitar
3,216,224,Gravitar
3,217,225,Gravitar
3,218,226,Gravitar
3,219,227,Gravitar
3,220,228,Gravitar
3,221,229,Gravitar
3,222,230,Gravitar
3,223,231,Gravitar
3,224,232,Gravitar
3,225,233,Gravitar
3,226,234,Gravitar
3,227,235,Gravitar
3,228,236,Gravitar
3,229,237,Gravitar
3,230,238,Gravitar
3,231,239,Gravitar
3,232,240,Gravitar
3,233,241,Gravitar
3,234,242,Gravitar
3,235,243,Gravitar
3,236,244,Gravitar
3,237,245,Gravitar
3,238,246,Gravitar
3,239,247,Gravitar
3,240,248,Gravitar
3,241,249,Gravitar
3,242,250,Gravitar
3,243,251,Gravitar
3,244,252,Gravitar
3,245,253,Gravitar
3,246,254,Gravitar
3,247,255,Gravitar
3,248,256,Gravitar
3,249,257,Gravitar
3,250,258,Gravitar
3,251,259,Gravitar
3,252,260,Gravitar
3,253,261,Gravitar
3,254,262,Gravitar
3,255,263,Gravitar
3,256,264,Gravitar
3,257,265,Gravitar
3,258,266,Gravitar
3,259,267,Gravitar
3,260,268,Gravitar
3,261,269,Gravitar
3,262,270,Gravitar
3,263,271,Gravitar
3,264,272,Gravitar
3,265,273,Gravitar
3,266,274,Gravitar
3,267,275,Gravitar
3,268,276,Gravitar
3,269,277,Gravitar
3,270,278,Gravitar
3,271,279,Gravitar
3,272,280,Gravitar
3,273,281,Gravitar
3,274,282,Gravitar
3,275,283,Gravitar
3,276,284,Gravitar
3,277,285,Gravitar
3,278,286,Gravitar
3,279,287,Gravitar
3,280,288,Gravitar
3,281,289,Gravitar
3,282,290,Gravitar
3,283,291,Gravitar
3,284,292,Gravitar
3,285,293,Gravitar
3,286,294,Gravitar
3,287,295,Gravitar
3,288,296,Gravitar
3,289,297,Gravitar
3,290,298,Gravitar
3,291,299,Gravitar
3,292,300,Gravitar
3,293,301,Gravitar
3,294,302,Gravitar
3,295,303,Gravitar
3,296,304,Gravitar
3,297,305,Gravitar
3,298,306,Gravitar
3,299,307,Gravitar
3,300,308,Gravitar
3,301,309,Gravitar
3,302,310,Gravitar
3,303,311,Gravitar
3,304,312,Gravitar
3,305,313,Gravitar
3,306,314,Gravitar
3,307,315,Gravitar
3,308,316,Gravitar
3,309,317,Gravitar
3,310,318,Gravitar
3,311,319,Gravitar
3,312,320,Gravitar
3,313,321,Gravitar
3,314,322,Gravitar
3,315,323,Gravitar
3,316,324,Gravitar
3,317,325,Gravitar
3,318,326,Gravitar
3,319,327,Gravitar
3,320,328,Gravitar
3,321,329,Gravitar
3,322,330,Gravitar
3,323,331,Gravitar
3,324,332,Gravitar
3,325,333,Gravitar
3,326,334,Gravitar
3,327,335,Gravitar
3,328,336,Gravitar
3,329,337,Gravitar
3,330,338,Gravitar
3,331,339,Gravitar
3,332,340,Gravitar
3,333,341,Gravitar
3,334,342,Gravitar
3,335,343,Gravitar
3,336,344,Gravitar
3,337,345,Gravitar
3,338,346,Gravitar
3,339,347,Gravitar
3,340,348,Gravitar
3,341,349,Gravitar
3,342,350,Gravitar
3,343,351,Gravitar
3,344,352,Gravitar
3,345,353,Gravitar
3,346,354,Gravitar
3,347,355,Gravitar
3,348,356,Gravitar
3,349,357,Gravitar
3,350,358,Gravitar
3,351,359,Gravitar
3,352,360,Gravitar
3,353,361,Gravitar
3,354,362,Gravitar
3,355,363,Gravitar
3,356,364,Gravitar
3,357,365,Gravitar
3,358,366,Gravitar
3,359,367,Gravitar
3,360,368,Gravitar
3,361,369,Gravitar
3,362,370,Gravitar
3,363,371,Gravitar
3,364,372,Gravitar
3,365,373,Gravitar
3,366,374,Gravitar
3,367,375,Gravitar
3,368,376,Gravitar
3,369,377,Gravitar
3,370,378,Gravitar
3,371,379,Gravitar
3,372,380,Gravitar
3,373,381,Gravitar
3,374,382,Gravitar
3,375,383,Gravitar
3,376,384,Gravitar
3,377,385,Gravitar
3,378,386,Gravitar
3,379,387,Gravitar
3,380,388,Gravitar
3,381,389,Gravitar
3,382,390,Gravitar
3,383,391,Gravitar
3,384,392,Gravitar
3,385,393,Gravitar
3,386,394,Gravitar
3,387,395,Gravitar
3,388,396,Gravitar
3,389,397,Gravitar
3,390,398,Gravitar
3,391,399,Gravitar
3,392,400,Gravitar
3,393,401,Gravitar
3,394,402,Gravitar
3,395,403,Gravitar
3,396,404,Gravitar
3,397,405,Gravitar
3,398,406,Gravitar
3,399,407,Gravitar
3,400,408,Gravitar
3,401,409,Gravitar
3,402,410,Gravitar
3,403,411,Gravitar
3,404,412,Gravitar
3,405,413,Gravitar
3,406,414,Gravitar
3,407,415,Gravitar
3,408,416,Gravitar
3,409,417,Gravitar
3,410,418,Gravitar
3,411,419,Gravitar
3,412,420,Gravitar
3,413,421,Gravitar
3,414,422,Gravitar
3,415,423,Gravitar
3,416,424,Gravitar
3,417,425,Gravitar
3,418,426,Gravitar
3,419,427,Gravitar
3,420,428,Gravitar
3,421,429,Gravitar
3,422,430,Gravitar
3,423,431,Gravitar
3,424,432,Gravitar
3,425,433,Gravitar
3,426,434,Gravitar
3,427,435,Gravitar
3,428,436,Gravitar
3,429,437,Gravitar
3,430,438,Gravitar
3,431,439,Gravitar
3,432,440,Gravitar
3,433,441,Gravitar
3,434,442,Gravitar
3,435,443,Gravitar
3,436,444,Gravitar
3,437,445,Gravitar
3,438,446,Gravitar
3,439,447,Gravitar
3,440,448,Gravitar
3,441,449,Gravitar
3,442,450,Gravitar
3,443,451,Gravitar
3,444,452,Gravitar
3,445,453,Gravitar
3,446,454,Gravitar
3,447,455,Gravitar
3,448,456,Gravitar
3,449,457,Gravitar
3,450,458,Gravitar
3,451,459,Gravitar
3,452,460,Gravitar
3,453,461,Gravitar
3,454,462,Gravitar
3,455,463,Gravitar
3,456,464,Gravitar
3,457,465,Gravitar
3,458,466,Gravitar
3,459,467,Gravitar
3,460,468,Gravitar
3,461,469,Gravitar
3,462,470,Gravitar
3,463,471,Gravitar
3,464,472,Gravitar
3,465,473,Gravitar
3,466,474,Gravitar
3,467,475,Gravitar
3,468,476,Gravitar
3,469,477,Gravitar
3,470,478,Gravitar
3,471,479,Gravitar
3,472,480,Gravitar
3,473,481,Gravitar
3,474,482,Gravitar
3,475,483,Gravitar
3,476,484,Gravitar
3,477,485,Gravitar
3,478,486,Gravitar
3,479,487,Gravitar
3,480,488,Gravitar
3,481,489,Gravitar
3,482,490,Gravitar
3,483,491,Gravitar
3,484,492,Gravitar
3,485,493,Gravitar
3,486,494,Gravitar
3,487,495,Gravitar
3,488,496,Gravitar
3,489,497,Gravitar
3,490,498,Gravitar
3,491,499,Gravitar
3,492,500,Gravitar
3,493,501,Gravitar
3,494,502,Gravitar
3,495,503,Gravitar
3,496,504,Gravitar
3,497,505,Gravitar
3,498,506,Gravitar
3,499,507,Gravitar
3,500,508,Gravitar
3,501,509,Gravitar
3,502,510,Gravitar
3,503,511,Gravitar
3,504,512,Gravitar
3,505,513,Gravitar
3,506,514,Gravitar
3,507,515,Gravitar
3,508,516,Gravitar
3,509,517,Gravitar
3,510,518,Gravitar
3,511,519,Gravitar
3,512,520,Gravitar
3,513,521,Gravitar
3,514,522,Gravitar
3,515,523,Gravitar
3,516,524,Gravitar
3,517,525,Gravitar
4,0,8,Gravitar
4,1,9,Gravitar
4,2,10,Gravitar
4,3,11,Gravitar
4,4,12,Gravitar
4,5,13,Gravitar
4,6,14,Gravitar
4,7,15,Gravitar
4,8,16,Gravitar
4,9,17,Gravitar
4,10,18,Gravitar
4,11,19,Gravitar
4,12,20,Gravitar
4,13,21,Gravitar
4,14,22,Gravitar
4,15,23,Gravitar
4,16,24,Gravitar
4,17,25,Gravitar
4,18,26,Gravitar
4,19,27,Gravitar
4,20,28,Gravitar
4,21,29,Gravitar
4,22,30,Gravitar
4,23,31,Gravitar
4,24,32,Gravitar
4,25,33,Gravitar
4,26,34,Gravitar
4,27,35,Gravitar
4,28,36,Gravitar
4,29,37,Gravitar
4,30,38,Gravitar
4,31,39,Gravitar
4,32,40,Gravitar
4,33,41,Gravitar
4,34,42,Gravitar
4,35,43,Gravitar
4,36,44,Gravitar
4,37,45,Gravitar
4,38,46,Gravitar
4,39,47,Gravitar
4,40,48,Gravitar
4,41,49,Gravitar
4,42,50,Gravitar
4,43,51,Gravitar
4,44,52,Gravitar
4,45,53,Gravitar
4,46,54,Gravitar
4,47,55,Gravitar
4,48,56,Gravitar
4,49,57,Gravitar
4,50,58,Gravitar
4,51,59,Gravitar
4,52,60,Gravitar
4,53,61,Gravitar
4,54,62,Gravitar
4,55,63,Gravitar
4,56,64,Gravitar
4,57,65,Gravitar
4,58,66,Gravitar
4,59,67,Gravitar
4,60,68,Gravitar
4,61,69,Gravitar
4,62,70,Gravitar
4,63,71,Gravitar
4,64,72,Gravitar
4,65,73,Gravitar
4,66,74,Gravitar
4,67,75,Gravitar
4,68,76,Gravitar
4,69,77,Gravitar
4,70,78,Gravitar
4,71,79,Gravitar
4,72,80,Gravitar
4,73,81,Gravitar
4,74,82,Gravitar
4,75,83,Gravitar
4,76,84,Gravitar
4,77,85,Gravitar
4,78,86,Gravitar
4,79,87,Gravitar
4,80,88,Gravitar
4,81,89,Gravitar
4,82,90,Gravitar
4,83,91,Gravitar
4,84,92,Gravitar
4,85,93,Gravitar
4,86,94,Gravitar
4,87,95,Gravitar
4,88,96,Gravitar
4,89,97,Gravitar
4,90,98,Gravitar
4,91,99,Gravitar
4,92,100,Gravitar
4,93,101,Gravitar
4,94,102,Gravitar
4,95,103,Gravitar
4,96,104,Gravitar
4,97,105,Gravitar
4,98,106,Gravitar
4,99,107,Gravitar
4,100,108,Gravitar
4,101,109,Gravitar
4,102,110,Gravitar
4,103,111,Gravitar
4,104,112,Gravitar
4,105,113,Gravitar
4,106,114,Gravitar
4,107,115,Gravitar
4,108,116,Gravitar
4,109,117,Gravitar
4,110,118,Gravitar
4,111,119,Gravitar
4,112,120,Gravitar
4,113,121,Gravitar
4,114,122,Gravitar
4,115,123,Gravitar
4,116,124,Gravitar
4,117,125,Gravitar
4,118,126,Gravitar
4,119,127,Gravitar
4,120,128,Gravitar
4,121,129,Gravitar
4,122,130,Gravitar
4,123,131,Gravitar
4,124,132,Gravitar
4,125,133,Gravitar
4,126,134,Gravitar
4,127,135,Gravitar
4,128,136,Gravitar
4,129,137,Gravitar
4,130,138,Gravitar
4,131,139,Gravitar
4,132,140,Gravitar
4,133,141,Gravitar
4,134,142,Gravitar
4,135,143,Gravitar
4,136,144,Gravitar
4,137,145,Gravitar
4,138,146,Gravitar
4,139,147,Gravitar
4,140,148,Gravitar
4,141,149,Gravitar
4,142,150,Gravitar
4,143,151,Gravitar
4,144,152,Gravitar
4,145,153,Gravitar
4,146,154,Gravitar
4,147,155,Gravitar
4,148,156,Gravitar
4,149,157,Gravitar
4,150,158,Gravitar
4,151,159,Gravitar
4,152,160,Gravitar
4,153,161,Gravitar
4,154,162,Gravitar
4,155,163,Gravitar
4,156,164,Gravitar
4,157,165,Gravitar
4,158,166,Gravitar
4,159,167,Gravitar
4,160,168,Gravitar
4,161,169,Gravitar
4,162,170,Gravitar
4,163,171,Gravitar
4,164,172,Gravitar
4,165,173,Gravitar
4,166,174,Gravitar
4,167,175,Gravitar
4,168,176,Gravitar
4,169,177,Gravitar
4,170,178,Gravitar
4,171,179,Gravitar
4,172,180,Gravitar
4,173,181,Gravitar
4,174,182,Gravitar
4,175,183,Gravitar
4,176,184,Gravitar
4,177,185,Gravitar
4,178,186,Gravitar
4,179,187,Gravitar
4,180,188,Gravitar
4,181,189,Gravitar
4,182,190,Gravitar
4,183,191,Gravitar
4,184,192,Gravitar
4,185,193,Gravitar
4,186,194,Gravitar
4,187,195,Gravitar
4,188,196,Gravitar
4,189,197,Gravitar
4,190,198,Gravitar
4,191,199,Gravitar
4,192,200,Gravitar
4,193,201,Gravitar
4,194,202,Gravitar
4,195,203,Gravitar
4,196,204,Gravitar
4,197,205,Gravitar
4,198,206,Gravitar
4,199,207,Gravitar
4,200,208,Gravitar
4,201,209,Gravitar
4,202,210,Gravitar
4,203,211,Gravitar
4,204,212,Gravitar
4,205,213,Gravitar
4,206,214,Gravitar
4,207,215,Gravitar
4,208,216,Gravitar
4,209,217,Gravitar
4,210,218,Gravitar
4,211,219,Gravitar
4,212,220,Gravitar
4,213,221,Gravitar
4,214,222,Gravitar
4,215,223,Gravitar
4,216,224,Gravitar
4,217,225,Gravitar
4,218,226,Gravitar
4,219,227,Gravitar
4,220,228,Gravitar
4,221,229,Gravitar
4,222,230,Gravitar
4,223,231,Gravitar
4,224,232,Gravitar
4,225,233,Gravitar
4,226,234,Gravitar
4,227,235,Gravitar
4,228,236,Gravitar
4,229,237,Gravitar
4,230,238,Gravitar
4,231,239,Gravitar
4,232,240,Gravitar
4,233,241,Gravitar
4,234,242,Gravitar
4,235,243,Gravitar
4,236,244,Gravitar
4,237,245,Gravitar
4,238,246,Gravitar
4,239,247,Gravitar
4,240,248,Gravitar
4,241,249,Gravitar
4,242,250,Gravitar
4,243,251,Gravitar
4,244,252,Gravitar
4,245,253,Gravitar
4,246,254,Gravitar
4,247,255,Gravitar
4,248,256,Gravitar
4,249,257,Gravitar
4,250,258,Gravitar
4,251,259,Gravitar
4,252,260,Gravitar
4,253,261,Gravitar
4,254,262,Gravitar
4,255,263,Gravitar
4,256,264,Gravitar
4,257,265,Gravitar
4,258,266,Gravitar
4,259,267,Gravitar
4,260,268,Gravitar
4,261,269,Gravitar
4,262,270,Gravitar
4,263,271,Gravitar
4,264,272,Gravitar
4,265,273,Gravitar
4,266,274,Gravitar
4,267,275,Gravitar
4,268,276,Gravitar
4,269,277,Gravitar
4,270,278,Gravitar
4,271,279,Gravitar
4,272,280,Gravitar
4,273,281,Gravitar
4,274,282,Gravitar
4,275,283,Gravitar
4,276,284,Gravitar
4,277,285,Gravitar
4,278,286,Gravitar
4,279,287,Gravitar
4,280,288,Gravitar
4,281,289,Gravitar
4,282,290,Gravitar
4,283,291,Gravitar
4,284,292,Gravitar
4,285,293,Gravitar
4,286,294,Gravitar
4,287,295,Gravitar
4,288,296,Gravitar
4,289,297,Gravitar
4,290,298,Gravitar
4,291,299,Gravitar
4,292,300,Gravitar
4,293,301,Gravitar
4,294,302,Gravitar
4,295,303,Gravitar
4,296,304,Gravitar
4,297,305,Gravitar
4,298,306,Gravitar
4,299,307,Gravitar
4,300,308,Gravitar
4,301,309,Gravitar
4,302,310,Gravitar
4,303,311,Gravitar
4,304,312,Gravitar
4,305,313,Gravitar
4,306,314,Gravitar
4,307,315,Gravitar
4,308,316,Gravitar
4,309,317,Gravitar
4,310,318,Gravitar
4,311,319,Gravitar
4,312,320,Gravitar
4,313,321,Gravitar
4,314,322,Gravitar
4,315,323,Gravitar
4,316,324,Gravitar
4,317,325,Gravitar
4,318,326,Gravitar
4,319,327,Gravitar
4,320,328,Gravitar
4,321,329,Gravitar
4,322,330,Gravitar
4,323,331,Gravitar
4,324,332,Gravitar
4,325,333,Gravitar
4,326,334,Gravitar
4,327,335,Gravitar
4,328,336,Gravitar
4,329,337,Gravitar
4,330,338,Gravitar
4,331,339,Gravitar
4,332,340,Gravitar
4,333,341,Gravitar
4,334,342,Gravitar
4,335,343,Gravitar
4,336,344,Gravitar
4,337,345,Gravitar
4,338,346,Gravitar
4,339,347,Gravitar
4,340,348,Gravitar
4,341,349,Gravitar
4,342,350,Gravitar
4,343,351,Gravitar
4,344,352,Gravitar
4,345,353,Gravitar
4,346,354,Gravitar
4,347,355,Gravitar
4,348,356,Gravitar
4,349,357,Gravitar
4,350,358,Gravitar
4,351,359,Gravitar
4,352,360,Gravitar
4,353,361,Gravitar
4,354,362,Gravitar
4,355,363,Gravitar
4,356,364,Gravitar
4,357,365,Gravitar
4,358,366,Gravitar
4,359,367,Gravitar
4,360,368,Gravitar
4,361,369,Gravitar
4,362,370,Gravitar
4,363,371,Gravitar
4,364,372,Gravitar
4,365,373,Gravitar
4,366,374,Gravitar
4,367,375,Gravitar
4,368,376,Gravitar
4,369,377,Gravitar
4,370,378,Gravitar
4,371,379,Gravitar
4,372,380,Gravitar
4,373,381,Gravitar
4,374,382,Gravitar
4,375,383,Gravitar
4,376,384,Gravitar
4,377,385,Gravitar
4,378,386,Gravitar
4,379,387,Gravitar
4,380,388,Gravitar
4,381,389,Gravitar
4,382,390,Gravitar
4,383,391,Gravitar
4,384,392,Gravitar
4,385,393,Gravitar
4,386,394,Gravitar
4,387,395,Gravitar
4,388,396,Gravitar
4,389,397,Gravitar
4,390,398,Gravitar
4,391,399,Gravitar
4,392,400,Gravitar
4,393,401,Gravitar
4,394,402,Gravitar
4,395,403,Gravitar
4,396,404,Gravitar
4,397,405,Gravitar
4,398,406,Gravitar
4,399,407,Gravitar
4,400,408,Gravitar
4,401,409,Gravitar
4,402,410,Gravitar
4,403,411,Gravitar
4,404,412,Gravitar
4,405,413,Gravitar
4,406,414,Gravitar
4,407,415,Gravitar
4,408,416,Gravitar
4,409,417,Gravitar
4,410,418,Gravitar
4,411,419,Gravitar
4,412,420,Gravitar
4,413,421,Gravitar
4,414,422,Gravitar
4,415,423,Gravitar
4,416,424,Gravitar
4,417,425,Gravitar
4,418,426,Gravitar
4,419,427,Gravitar
4,420,428,Gravitar
4,421,429,Gravitar
4,422,430,Gravitar
4,423,431,Gravitar
4,424,432,Gravitar
4,425,433,Gravitar
4,426,434,Gravitar
4,427,435,Gravitar
4,428,436,Gravitar
4,429,437,Gravitar
4,430,438,Gravitar
4,431,439,Gravitar
4,432,440,Gravitar
4,433,441,Gravitar
4,434,442,Gravitar
4,435,443,Gravitar
4,436,444,Gravitar
4,437,445,Gravitar
4,438,446,Gravitar
4,439,447,Gravitar
4,440,448,Gravitar
4,441,449,Gravitar
4,442,450,Gravitar
4,443,451,Gravitar
4,444,452,Gravitar
4,445,453,Gravitar
4,446,454,Gravitar
4,447,455,Gravitar
4,448,456,Gravitar
4,449,457,Gravitar
4,450,458,Gravitar
4,451,459,Gravitar
4,452,460,Gravitar
4,453,461,Gravitar
4,454,462,Gravitar
4,455,463,Gravitar
4,456,464,Gravitar
4,457,465,Gravitar
4,458,466,Gravitar
4,459,467,Gravitar
4,460,468,Gravitar
4,461,469,Gravitar
4,462,470,Gravitar
4,463,471,Gravitar
4,464,472,Gravitar
4,465,473,Gravitar
4,466,474,Gravitar
4,467,475,Gravitar
4,468,476,Gravitar
4,469,477,Gravitar
4,470,478,Gravitar
4,471,479,Gravitar
4,472,480,Gravitar
4,473,481,Gravitar
4,474,482,Gravitar
4,475,483,Gravitar
4,476,484,Gravitar
4,477,485,Gravitar
4,478,486,Gravitar
4,479,487,Gravitar
4,480,488,Gravitar
4,481,489,Gravitar
4,482,490,Gravitar
4,483,491,Gravitar
4,484,492,Gravitar
4,485,493,Gravitar
4,486,494,Gravitar
4,487,495,Gravitar
4,488,496,Gravitar
4,489,497,Gravitar
4,490,498,Gravitar
4,491,499,Gravitar
4,492,500,Gravitar
4,493,501,Gravitar
4,494,502,Gravitar
4,495,503,Gravitar
4,496,504,Gravitar
4,497,505,Gravitar
4,498,506,Gravitar
4,499,507,Gravitar
4,500,508,Gravitar
4,501,509,Gravitar
4,502,510,Gravitar
4,503,511,Gravitar
4,504,512,Gravitar
4,505,513,Gravitar
4,506,514,Gravitar
4,507,515,Gravitar
4,508,516,Gravitar
4,509,517,Gravitar
4,510,518,Gravitar
4,511,519,Gravitar
4,512,520,Gravitar
4,513,521,Gravitar
4,514,522,Gravitar
4,515,523,Gravitar
4,516,524,Gravitar
4,517,525,Gravitar
4,518,526,Gravitar
4,519,527,Gravitar
4,520,528,Gravitar
4,521,529,Gravitar
4,522,530,Gravitar
4,523,531,Gravitar
4,524,532,Gravitar
4,525,533,Gravitar
4,526,534,Gravitar
4,527,535,Gravitar
4,528,536,Gravitar
4,529,537,Gravitar
4,530,538,Gravitar
4,531,539,Gravitar
4,532,540,Gravitar
4,533,541,Gravitar
4,534,542,Gravitar
4,535,543,Gravitar
4,536,544,Gravitar
4,537,545,Gravitar
4,538,546,Gravitar
4,539,547,Gravitar
4,540,548,Gravitar
4,541,549,Gravitar
4,542,550,Gravitar
4,543,551,Gravitar
4,544,552,Gravitar
4,545,553,Gravitar
4,546,554,Gravitar
4,547,555,Gravitar
4,548,556,Gravitar
4,549,557,Gravitar
4,550,558,Gravitar
4,551,559,Gravitar
4,552,560,Gravitar
4,553,561,Gravitar
4,554,562,Gravitar
4,555,563,Gravitar
4,556,564,Gravitar
4,557,565,Gravitar
4,558,566,Gravitar
4,559,567,Gravitar
4,560,568,Gravitar
4,561,569,Gravitar
4,562,570,Gravitar
4,563,571,Gravitar
4,564,572,Gravitar
4,565,573,Gravitar
4,566,574,Gravitar
4,567,575,Gravitar
4,568,576,Gravitar
4,569,577,Gravitar
4,570,578,Gravitar
4,571,579,Gravitar
4,572,580,Gravitar
4,573,581,Gravitar
4,574,582,Gravitar
4,575,583,Gravitar
4,576,584,Gravitar
4,577,585,Gravitar
4,578,586,Gravitar
4,579,587,Gravitar
4,580,588,Gravitar
4,581,589,Gravitar
4,582,590,Gravitar
4,583,591,Gravitar
4,584,592,Gravitar
4,585,593,Gravitar
4,586,594,Gravitar
4,587,595,Gravitar
4,588,596,Gravitar
4,589,597,Gravitar
4,590,598,Gravitar
4,591,599,Gravitar
4,592,600,Gravitar
4,593,601,Gravitar
4,594,602,Gravitar
4,595,603,Gravitar
4,596,604,Gravitar
4,597,605,Gravitar
4,598,606,Gravitar
4,599,607,Gravitar
4,600,608,Gravitar
4,601,609,Gravitar
4,602,610,Gravitar
4,603,611,Gravitar
4,604,612,Gravitar
4,605,613,Gravitar
4,606,614,Gravitar
4,607,615,Gravitar
4,608,616,Gravitar
4,609,617,Gravitar
4,610,618,Gravitar
4,611,619,Gravitar
4,612,620,Gravitar
4,613,621,Gravitar
4,614,622,Gravitar
4,615,623,Gravitar
4,616,624,Gravitar
4,617,625,Gravitar
4,618,626,Gravitar
4,619,627,Gravitar
4,620,628,Gravitar
4,621,629,Gravitar
4,622,630,Gravitar
4,623,631,Gravitar
4,624,632,Gravitar
4,625,633,Gravitar
4,626,634,Gravitar
4,627,635,Gravitar
4,628,636,Gravitar
4,629,637,Gravitar
4,630,638,Gravitar
4,631,639,Gravitar
4,632,640,Gravitar
4,633,641,Gravitar
4,634,642,Gravitar
4,635,643,Gravitar
4,636,644,Gravitar
4,637,645,Gravitar
4,638,646,Gravitar
4,639,647,Gravitar
4,640,648,Gravitar
4,641,649,Gravitar
4,642,650,Gravitar
4,643,651,Gravitar
4,644,652,Gravitar
4,645,653,Gravitar
4,646,654,Gravitar
4,647,655,Gravitar
4,648,656,Gravitar
4,649,657,Gravitar
4,650,658,Gravitar
4,651,659,Gravitar
4,652,660,Gravitar
4,653,661,Gravitar
4,654,662,Gravitar
4,655,663,Gravitar
4,656,664,Gravitar
4,657,665,Gravitar
4,658,666,Gravitar
4,659,667,Gravitar
4,660,668,Gravitar
4,661,669,Gravitar
4,662,670,Gravitar
4,663,671,Gravitar
4,664,672,Gravitar
4,665,673,Gravitar
4,666,674,Gravitar
4,667,675,Gravitar
4,668,676,Gravitar
4,669,677,Gravitar
4,670,678,Gravitar
4,671,679,Gravitar
4,672,680,Gravitar
4,673,681,Gravitar
4,674,682,Gravitar
4,675,683,Gravitar
4,676,684,Gravitar
4,677,685,Gravitar
4,678,686,Gravitar
4,679,687,Gravitar
4,680,688,Gravitar
4,681,689,Gravitar
4,682,690,Gravitar
4,683,691,Gravitar
4,684,692,Gravitar
4,685,693,Gravitar
4,686,694,Gravitar
4,687,695,Gravitar
4,688,696,Gravitar
4,689,697,Gravitar
4,690,698,Gravitar
4,691,699,Gravitar
4,692,700,Gravitar
4,693,701,Gravitar
4,694,702,Gravitar
4,695,703,Gravitar
4,696,704,Gravitar
4,697,705,Gravitar
4,698,706,Gravitar
4,699,707,Gravitar
4,700,708,Gravitar
4,701,709,Gravitar
4,702,710,Gravitar
4,703,711,Gravitar
4,704,712,Gravitar
4,705,713,Gravitar
4,706,714,Gravitar
4,707,715,Gravitar
4,708,716,Gravitar
4,709,717,Gravitar
4,710,718,Gravitar
4,711,719,Gravitar
4,712,720,Gravitar
4,713,721,Gravitar
4,714,722,Gravitar
4,715,723,Gravitar
4,716,724,Gravitar
4,717,725,Gravitar
4,718,726,Gravitar
4,719,727,Gravitar
4,720,728,Gravitar
4,721,729,Gravitar
4,722,730,Gravitar
4,723,731,Gravitar
4,724,732,Gravitar
4,725,733,Gravitar
4,726,734,Gravitar
4,727,735,Gravitar
4,728,736,Gravitar
4,729,737,Gravitar
4,730,738,Gravitar
4,731,739,Gravitar
4,732,740,Gravitar
4,733,741,Gravitar
4,734,742,Gravitar
4,735,743,Gravitar
4,736,744,Gravitar
4,737,745,Gravitar
4,738,746,Gravitar
4,739,747,Gravitar
4,740,748,Gravitar
4,741,749,Gravitar
4,742,750,Gravitar
4,743,751,Gravitar
4,744,752,Gravitar
4,745,753,Gravitar
4,746,754,Gravitar
4,747,755,Gravitar
4,748,756,Gravitar
4,749,757,Gravitar
4,750,758,Gravitar
4,751,759,Gravitar
4,752,760,Gravitar
4,753,761,Gravitar
4,754,762,Gravitar
4,755,763,Gravitar
4,756,764,Gravitar
4,757,765,Gravitar
4,758,766,Gravitar
4,759,767,Gravitar
4,760,768,Gravitar
4,761,769,Gravitar
4,762,770,Gravitar
4,763,771,Gravitar
4,764,772,Gravitar
4,765,773,Gravitar
4,766,774,Gravitar
4,767,775,Gravitar
4,768,776,Gravitar
4,769,777,Gravitar
4,770,778,Gravitar
4,771,779,Gravitar
4,772,780,Gravitar
4,773,781,Gravitar
4,774,782,Gravitar
4,775,783,Gravitar
4,776,784,Gravitar
4,777,785,Gravitar
4,778,786,Gravitar
4,779,787,Gravitar
4,780,788,Gravitar
4,781,789,Gravitar
4,782,790,Gravitar
4,783,791,Gravitar
4,784,792,Gravitar
4,785,793,Gravitar
4,786,794,Gravitar
4,787,795,Gravitar
4,788,796,Gravitar
4,789,797,Gravitar
4,790,798,Gravitar
4,791,799,Gravitar
4,792,800,Gravitar
4,793,801,Gravitar
4,794,802,Gravitar
4,795,803,Gravitar
4,796,804,Gravitar
4,797,805,Gravitar
4,798,806,Gravitar
4,799,807,Gravitar
4,800,808,Gravitar
4,801,809,Gravitar
4,802,810,Gravitar
4,803,811,Gravitar
4,804,812,Gravitar
4,805,813,Gravitar
4,806,814,Gravitar
4,807,815,Gravitar
4,808,816,Gravitar
4,809,817,Gravitar
4,810,818,Gravitar
4,811,819,Gravitar
4,812,820,Gravitar
4,813,821,Gravitar
4,814,822,Gravitar
4,815,823,Gravitar
4,816,824,Gravitar
4,817,825,Gravitar
4,818,826,Gravitar
4,819,827,Gravitar
4,820,828,Gravitar
4,821,829,Gravitar
4,822,830,Gravitar
4,823,831,Gravitar
4,824,832,Gravitar
4,825,833,Gravitar
4,826,834,Gravitar
4,827,835,Gravitar
4,828,836,Gravitar
4,829,837,Gravitar
4,830,838,Gravitar
4,831,839,Gravitar
4,832,840,Gravitar
4,833,841,Gravitar
4,834,842,Gravitar
4,835,843,Gravitar
4,836,844,Gravitar
4,837,845,Gravitar
4,838,846,Gravitar
4,839,847,Gravitar
4,840,848,Gravitar
4,841,849,Gravitar
4,842,850,Gravitar
4,843,851,Gravitar
4,844,852,Gravitar
4,845,853,Gravitar
4,846,854,Gravitar
4,847,855,Gravitar
4,848,856,Gravitar
4,849,857,Gravitar
4,850,858,Gravitar
4,851,859,Gravitar
4,852,860,Gravitar
4,853,861,Gravitar
4,854,862,Gravitar
4,855,863,Gravitar
4,856,864,Gravitar
4,857,865,Gravitar
4,858,866,Gravitar
4,859,867,Gravitar
4,860,868,Gravitar
4,861,869,Gravitar
4,862,870,Gravitar
4,863,871,Gravitar
4,864,872,Gravitar
4,865,873,Gravitar
4,866,874,Gravitar
4,867,875,Gravitar
4,868,876,Gravitar
4,869,877,Gravitar
4,870,878,Gravitar
4,871,879,Gravitar
4,872,880,Gravitar
4,873,881,Gravitar
4,874,882,Gravitar
4,875,883,Gravitar
4,876,884,Gravitar
4,877,885,Gravitar
4,878,886,Gravitar
4,879,887,Gravitar
4,880,888,Gravitar
4,881,889,Gravitar
4,882,890,Gravitar
4,883,891,Gravitar
4,884,892,Gravitar
4,885,893,Gravitar
4,886,894,Gravitar
4,887,895,Gravitar
4,888,896,Gravitar
4,889,897,Gravitar
4,890,898,Gravitar
4,891,899,Gravitar
4,892,900,Gravitar
4,893,901,Gravitar
4,894,902,Gravitar
4,895,903,Gravitar
4,896,904,Gravitar
4,897,905,Gravitar
5,0,8,Gravitar
5,1,9,Gravitar
5,2,10,Gravitar
5,3,11,Gravitar
5,4,12,Gravitar
5,5,13,Gravitar
5,6,14,Gravitar
5,7,15,Gravitar
5,8,16,Gravitar
5,9,17,Gravitar
5,10,18,Gravitar
5,11,19,Gravitar
5,12,20,Gravitar
5,13,21,Gravitar
5,14,22,Gravitar
5,15,23,Gravitar
5,16,24,Gravitar
5,17,25,Gravitar
5,18,26,Gravitar
5,19,27,Gravitar
5,20,28,Gravitar
5,21,29,Gravitar
5,22,30,Gravitar
5,23,31,Gravitar
5,24,32,Gravitar
5,25,33,Gravitar
5,26,34,Gravitar
5,27,35,Gravitar
5,28,36,Gravitar
5,29,37,Gravitar
5,30,38,Gravitar
5,31,39,Gravitar
5,32,40,Gravitar
5,33,41,Gravitar
5,34,42,Gravitar
5,35,43,Gravitar
5,36,44,Gravitar
5,37,45,Gravitar
5,38,46,Gravitar
5,39,47,Gravitar
5,40,48,Gravitar
5,41,49,Gravitar
5,42,50,Gravitar
5,43,51,Gravitar
5,44,52,Gravitar
5,45,53,Gravitar
5,46,54,Gravitar
5,47,55,Gravitar
5,48,56,Gravitar
5,49,57,Gravitar
5,50,58,Gravitar
5,51,59,Gravitar
5,52,60,Gravitar
5,53,61,Gravitar
5,54,62,Gravitar
5,55,63,Gravitar
5,56,64,Gravitar
5,57,65,Gravitar
5,58,66,Gravitar
5,59,67,Gravitar
5,60,68,Gravitar
5,61,69,Gravitar
5,62,70,Gravitar
5,63,71,Gravitar
5,64,72,Gravitar
5,65,73,Gravitar
5,66,74,Gravitar
5,67,75,Gravitar
5,68,76,Gravitar
5,69,77,Gravitar
5,70,78,Gravitar
5,71,79,Gravitar
5,72,80,Gravitar
5,73,81,Gravitar
5,74,82,Gravitar
5,75,83,Gravitar
5,76,84,Gravitar
5,77,85,Gravitar
5,78,86,Gravitar
5,79,87,Gravitar
5,80,88,Gravitar
5,81,89,Gravitar
5,82,90,Gravitar
5,83,91,Gravitar
5,84,92,Gravitar
5,85,93,Gravitar
5,86,94,Gravitar
5,87,95,Gravitar
5,88,96,Gravitar
5,89,97,Gravitar
5,90,98,Gravitar
5,91,99,Gravitar
5,92,100,Gravitar
5,93,101,Gravitar
5,94,102,Gravitar
5,95,103,Gravitar
5,96,104,Gravitar
5,97,105,Gravitar
5,98,106,Gravitar
5,99,107,Gravitar
5,100,108,Gravitar
5,101,109,Gravitar
5,102,110,Gravitar
5,103,111,Gravitar
5,104,112,Gravitar
5,105,113,Gravitar
5,106,114,Gravitar
5,107,115,Gravitar
5,108,116,Gravitar
5,109,117,Gravitar
5,110,118,Gravitar
5,111,119,Gravitar
5,112,120,Gravitar
5,113,121,Gravitar
5,114,122,Gravitar
5,115,123,Gravitar
5,116,124,Gravitar
5,117,125,Gravitar
5,118,126,Gravitar
5,119,127,Gravitar
5,120,128,Gravitar
5,121,129,Gravitar
5,122,130,Gravitar
5,123,131,Gravitar
5,124,132,Gravitar
5,125,133,Gravitar
5,126,134,Gravitar
5,127,135,Gravitar
5,128,136,Gravitar
5,129,137,Gravitar
5,130,138,Gravitar
5,131,139,Gravitar
5,132,140,Gravitar
5,133,141,Gravitar
5,134,142,Gravitar
5,135,143,Gravitar
5,136,144,Gravitar
5,137,145,Gravitar
5,138,146,Gravitar
5,139,147,Gravitar
5,140,148,Gravitar
5,141,149,Gravitar
5,142,150,Gravitar
5,143,151,Gravitar
5,144,152,Gravitar
5,145,153,Gravitar
5,146,154,Gravitar
5,147,155,Gravitar
5,148,156,Gravitar
5,149,157,Gravitar
5,150,158,Gravitar
5,151,159,Gravitar
5,152,160,Gravitar
5,153,161,Gravitar
5,154,162,Gravitar
5,155,163,Gravitar
5,156,164,Gravitar
5,157,165,Gravitar
5,158,166,Gravitar
5,159,167,Gravitar
5,160,168,Gravitar
5,161,169,Gravitar
5,162,170,Gravitar
5,163,171,Gravitar
5,164,172,Gravitar
5,165,173,Gravitar
5,166,174,Gravitar
5,167,175,Gravitar
5,168,176,Gravitar
5,169,177,Gravitar
5,170,178,Gravitar
5,171,179,Gravitar
5,172,180,Gravitar
5,173,181,Gravitar
5,174,182,Gravitar
5,175,183,Gravitar
5,176,184,Gravitar
5,177,185,Gravitar
5,178,186,Gravitar
5,179,187,Gravitar
5,180,188,Gravitar
5,181,189,Gravitar
5,182,190,Gravitar
5,183,191,Gravitar
5,184,192,Gravitar
5,185,193,Gravitar
5,186,194,Gravitar
5,187,195,Gravitar
5,188,196,Gravitar
5,189,197,Gravitar
5,190,198,Gravitar
5,191,199,Gravitar
5,192,200,Gravitar
5,193,201,Gravitar
5,194,202,Gravitar
5,195,203,Gravitar
5,196,204,Gravitar
5,197,205,Gravitar
5,198,206,Gravitar
5,199,207,Gravitar
5,200,208,Gravitar
5,201,209,Gravitar
5,202,210,Gravitar
5,203,211,Gravitar
5,204,212,Gravitar
5,205,213,Gravitar
5,206,214,Gravitar
5,207,215,Gravitar
5,208,216,Gravitar
5,209,217,Gravitar
5,210,218,Gravitar
5,211,219,Gravitar
5,212,220,Gravitar
5,213,221,Gravitar
5,214,222,Gravitar
5,215,223,Gravitar
5,216,224,Gravitar
5,217,225,Gravitar
5,218,226,Gravitar
5,219,227,Gravitar
5,220,228,Gravitar
5,221,229,Gravitar
5,222,230,Gravitar
5,223,231,Gravitar
5,224,232,Gravitar
5,225,233,Gravitar
5,226,234,Gravitar
5,227,235,Gravitar
5,228,236,Gravitar
5,229,237,Gravitar
5,230,238,Gravitar
5,231,239,Gravitar
5,232,240,Gravitar
5,233,241,Gravitar
5,234,242,Gravitar
5,235,243,Gravitar
5,236,244,Gravitar
5,237,245,Gravitar
5,238,246,Gravitar
5,239,247,Gravitar
5,240,248,Gravitar
5,241,249,Gravitar
5,242,250,Gravitar
5,243,251,Gravitar
5,244,252,Gravitar
5,245,253,Gravitar
5,246,254,Gravitar
5,247,255,Gravitar
5,248,256,Gravitar
5,249,257,Gravitar
5,250,258,Gravitar
5,251,259,Gravitar
5,252,260,Gravitar
5,253,261,Gravitar
5,254,262,Gravitar
5,255,263,Gravitar
5,256,264,Gravitar
5,257,265,Gravitar
5,258,266,Gravitar
5,259,267,Gravitar
5,260,268,Gravitar
5,261,269,Gravitar
5,262,270,Gravitar
5,263,271,Gravitar
5,264,272,Gravitar
5,265,273,Gravitar
5,266,274,Gravitar
5,267,275,Gravitar
5,268,276,Gravitar
5,269,277,Gravitar
5,270,278,Gravitar
5,271,279,Gravitar
5,272,280,Gravitar
5,273,281,Gravitar
5,274,282,Gravitar
5,275,283,Gravitar
5,276,284,Gravitar
5,277,285,Gravitar
5,278,286,Gravitar
5,279,287,Gravitar
5,280,288,Gravitar
5,281,289,Gravitar
5,282,290,Gravitar
5,283,291,Gravitar
5,284,292,Gravitar
5,285,293,Gravitar
5,286,294,Gravitar
5,287,295,Gravitar
5,288,296,Gravitar
5,289,297,Gravitar
5,290,298,Gravitar
5,291,299,Gravitar
5,292,300,Gravitar
5,293,301,Gravitar
5,294,302,Gravitar
5,295,303,Gravitar
5,296,304,Gravitar
5,297,305,Gravitar
5,298,306,Gravitar
5,299,307,Gravitar
5,300,308,Gravitar
5,301,309,Gravitar
5,302,310,Gravitar
5,303,311,Gravitar
5,304,312,Gravitar
5,305,313,Gravitar
5,306,314,Gravitar
5,307,315,Gravitar
5,308,316,Gravitar
5,309,317,Gravitar
5,310,318,Gravitar
5,311,319,Gravitar
5,312,320,Gravitar
5,313,321,Gravitar
5,314,322,Gravitar
5,315,323,Gravitar
5,316,324,Gravitar
5,317,325,Gravitar
5,318,326,Gravitar
5,319,327,Gravitar
5,320,328,Gravitar
5,321,329,Gravitar
5,322,330,Gravitar
5,323,331,Gravitar
5,324,332,Gravitar
5,325,333,Gravitar
5,326,334,Gravitar
5,327,335,Gravitar
5,328,336,Gravitar
5,329,337,Gravitar
5,330,338,Gravitar
5,331,339,Gravitar
5,332,340,Gravitar
5,333,341,Gravitar
5,334,342,Gravitar
5,335,343,Gravitar
5,336,344,Gravitar
5,337,345,Gravitar
5,338,346,Gravitar
5,339,347,Gravitar
5,340,348,Gravitar
5,341,349,Gravitar
5,342,350,Gravitar
5,343,351,Gravitar
5,344,352,Gravitar
5,345,353,Gravitar
5,346,354,Gravitar
5,347,355,Gravitar
5,348,356,Gravitar
5,349,357,Gravitar
5,350,358,Gravitar
5,351,359,Gravitar
5,352,360,Gravitar
5,353,361,Gravitar
5,354,362,Gravitar
5,355,363,Gravitar
5,356,364,Gravitar
5,357,365,Gravitar
5,358,366,Gravitar
5,359,367,Gravitar
5,360,368,Gravitar
5,361,369,Gravitar
5,362,370,Gravitar
5,363,371,Gravitar
5,364,372,Gravitar
5,365,373,Gravitar
5,366,374,Gravitar
5,367,375,Gravitar
5,368,376,Gravitar
5,369,377,Gravitar
5,370,378,Gravitar
5,371,379,Gravitar
5,372,380,Gravitar
5,373,381,Gravitar
5,374,382,Gravitar
5,375,383,Gravitar
5,376,384,Gravitar
5,377,385,Gravitar
5,378,386,Gravitar
5,379,387,Gravitar
5,380,388,Gravitar
5,381,389,Gravitar
5,382,390,Gravitar
5,383,391,Gravitar
5,384,392,Gravitar
5,385,393,Gravitar
5,386,394,Gravitar
5,387,395,Gravitar
5,388,396,Gravitar
5,389,397,Gravitar
5,390,398,Gravitar
5,391,399,Gravitar
5,392,400,Gravitar
5,393,401,Gravitar
5,394,402,Gravitar
5,395,403,Gravitar
5,396,404,Gravitar
5,397,405,Gravitar
5,398,406,Gravitar
5,399,407,Gravitar
5,400,408,Gravitar
5,401,409,Gravitar
5,402,410,Gravitar
5,403,411,Gravitar
5,404,412,Gravitar
5,405,413,Gravitar
5,406,414,Gravitar
5,407,415,Gravitar
5,408,416,Gravitar
5,409,417,Gravitar
5,410,418,Gravitar
5,411,419,Gravitar
5,412,420,Gravitar
5,413,421,Gravitar
5,414,422,Gravitar
5,415,423,Gravitar
5,416,424,Gravitar
5,417,425,Gravitar
5,418,426,Gravitar
5,419,427,Gravitar
5,420,428,Gravitar
5,421,429,Gravitar
5,422,430,Gravitar
5,423,431,Gravitar
5,424,432,Gravitar
5,425,433,Gravitar
5,426,434,Gravitar
5,427,435,Gravitar
5,428,436,Gravitar
5,429,437,Gravitar
5,430,438,Gravitar
5,431,439,Gravitar
5,432,440,Gravitar
5,433,441,Gravitar
5,434,442,Gravitar
5,435,443,Gravitar
5,436,444,Gravitar
5,437,445,Gravitar
5,438,446,Gravitar
5,439,447,Gravitar
5,440,448,Gravitar
5,441,449,Gravitar
5,442,450,Gravitar
5,443,451,Gravitar
5,444,452,Gravitar
5,445,453,Gravitar
5,446,454,Gravitar
5,447,455,Gravitar
5,448,456,Gravitar
5,449,457,Gravitar
5,450,458,Gravitar
5,451,459,Gravitar
5,452,460,Gravitar
5,453,461,Gravitar
5,454,462,Gravitar
5,455,463,Gravitar
5,456,464,Gravitar
5,457,465,Gravitar
5,458,466,Gravitar
5,459,467,Gravitar
5,460,468,Gravitar
5,461,469,Gravitar
5,462,470,Gravitar
5,463,471,Gravitar
5,464,472,Gravitar
5,465,473,Gravitar
5,466,474,Gravitar
5,467,475,Gravitar
5,468,476,Gravitar
5,469,477,Gravitar
5,470,478,Gravitar
5,471,479,Gravitar
5,472,480,Gravitar
5,473,481,Gravitar
5,474,482,Gravitar
5,475,483,Gravitar
5,476,484,Gravitar
5,477,485,Gravitar
5,478,486,Gravitar
5,479,487,Gravitar
5,480,488,Gravitar
5,481,489,Gravitar
5,482,490,Gravitar
5,483,491,Gravitar
5,484,492,Gravitar
5,485,493,Gravitar
5,486,494,Gravitar
5,487,495,Gravitar
5,488,496,Gravitar
5,489,497,Gravitar
5,490,498,Gravitar
5,491,499,Gravitar
5,492,500,Gravitar
5,493,501,Gravitar
5,494,502,Gravitar
5,495,503,Gravitar
5,496,504,Gravitar
5,497,505,Gravitar
5,498,506,Gravitar
5,499,507,Gravitar
5,500,508,Gravitar
5,501,509,Gravitar
5,502,510,Gravitar
5,503,511,Gravitar
5,504,512,Gravitar
5,505,513,Gravitar
5,506,514,Gravitar
5,507,515,Gravitar
5,508,516,Gravitar
5,509,517,Gravitar
5,510,518,Gravitar
5,511,519,Gravitar
5,512,520,Gravitar
5,513,521,Gravitar
5,514,522,Gravitar
5,515,523,Gravitar
5,516,524,Gravitar
5,517,525,Gravitar
5,518,526,Gravitar
5,519,527,Gravitar
5,520,528,Gravitar
5,521,529,Gravitar
5,522,530,Gravitar
5,523,531,Gravitar
5,524,532,Gravitar
5,525,533,Gravitar
5,526,534,Gravitar
5,527,535,Gravitar
5,528,536,Gravitar
5,529,537,Gravitar
5,530,538,Gravitar
5,531,539,Gravitar
5,532,540,Gravitar
5,533,541,Gravitar
5,534,542,Gravitar
5,535,543,Gravitar
5,536,544,Gravitar
5,537,545,Gravitar
5,538,546,Gravitar
5,539,547,Gravitar
5,540,548,Gravitar
5,541,549,Gravitar
5,542,550,Gravitar
5,543,551,Gravitar
5,544,552,Gravitar
5,545,553,Gravitar
5,546,554,Gravitar
5,547,555,Gravitar
5,548,556,Gravitar
5,549,557,Gravitar
5,550,558,Gravitar
5,551,559,Gravitar
5,552,560,Gravitar
5,553,561,Gravitar
5,554,562,Gravitar
5,555,563,Gravitar
5,556,564,Gravitar
5,557,565,Gravitar
5,558,566,Gravitar
5,559,567,Gravitar
5,560,568,Gravitar
5,561,569,Gravitar
5,562,570,Gravitar
5,563,571,Gravitar
5,564,572,Gravitar
5,565,573,Gravitar
5,566,574,Gravitar
5,567,575,Gravitar
5,568,576,Gravitar
5,569,577,Gravitar
5,570,578,Gravitar
5,571,579,Gravitar
5,572,580,Gravitar
5,573,581,Gravitar
5,574,582,Gravitar
5,575,583,Gravitar
5,576,584,Gravitar
5,577,585,Gravitar
5,578,586,Gravitar
5,579,587,Gravitar
5,580,588,Gravitar
5,581,589,Gravitar
5,582,590,Gravitar
5,583,591,Gravitar
5,584,592,Gravitar
5,585,593,Gravitar
5,586,594,Gravitar
5,587,595,Gravitar
5,588,596,Gravitar
5,589,597,Gravitar
5,590,598,Gravitar
5,591,599,Gravitar
5,592,600,Gravitar
5,593,601,Gravitar
5,594,602,Gravitar
5,595,603,Gravitar
5,596,604,Gravitar
5,597,605,Gravitar
5,598,606,Gravitar
5,599,607,Gravitar
5,600,608,Gravitar
5,601,609,Gravitar
5,602,610,Gravitar
5,603,611,Gravitar
5,604,612,Gravitar
5,605,613,Gravitar
5,606,614,Gravitar
5,607,615,Gravitar
5,608,616,Gravitar
5,609,617,Gravitar
5,610,618,Gravitar
5,611,619,Gravitar
5,612,620,Gravitar
5,613,621,Gravitar
5,614,622,Gravitar
5,615,623,Gravitar
5,616,624,Gravitar
5,617,625,Gravitar
5,618,626,Gravitar
5,619,627,Gravitar
5,620,628,Gravitar
5,621,629,Gravitar
5,622,630,Gravitar
5,623,631,Gravitar
5,624,632,Gravitar
5,625,633,Gravitar
5,626,634,Gravitar
5,627,635,Gravitar
5,628,636,Gravitar
5,629,637,Gravitar
5,630,638,Gravitar
5,631,639,Gravitar
5,632,640,Gravitar
5,633,641,Gravitar
5,634,642,Gravitar
5,635,643,Gravitar
5,636,644,Gravitar
5,637,645,Gravitar
5,638,646,Gravitar
5,639,647,Gravitar
5,640,648,Gravitar
5,641,649,Gravitar
5,642,650,Gravitar
5,643,651,Gravitar
5,644,652,Gravitar
5,645,653,Gravitar
5,646,654,Gravitar
5,647,655,Gravitar
5,648,656,Gravitar
5,649,657,Gravitar
5,650,658,Gravitar
5,651,659,Gravitar
5,652,660,Gravitar
5,653,661,Gravitar
5,654,662,Gravitar
5,655,663,Gravitar
5,656,664,Gravitar
5,657,665,Gravitar
5,658,666,Gravitar
5,659,667,Gravitar
5,660,668,Gravitar
5,661,669,Gravitar
5,662,670,Gravitar
5,663,671,Gravitar
5,664,672,Gravitar
5,665,673,Gravitar
5,666,674,Gravitar
5,667,675,Gravitar
5,668,676,Gravitar
5,669,677,Gravitar
5,670,678,Gravitar
5,671,679,Gravitar
5,672,680,Gravitar
5,673,681,Gravitar
5,674,682,Gravitar
5,675,683,Gravitar
5,676,684,Gravitar
5,677,685,Gravitar
5,678,686,Gravitar
5,679,687,Gravitar
5,680,688,Gravitar
5,681,689,Gravitar
5,682,690,Gravitar
5,683,691,Gravitar
5,684,692,Gravitar
5,685,693,Gravitar
5,686,694,Gravitar
5,687,695,Gravitar
5,688,696,Gravitar
5,689,697,Gravitar
5,690,698,Gravitar
5,691,699,Gravitar
5,692,700,Gravitar
5,693,701,Gravitar
5,694,702,Gravitar
5,695,703,Gravitar
5,696,704,Gravitar
5,697,705,Gravitar
5,698,706,Gravitar
5,699,707,Gravitar
5,700,708,Gravitar
5,701,709,Gravitar
5,702,710,Gravitar
5,703,711,Gravitar
5,704,712,Gravitar
5,705,713,Gravitar
5,706,714,Gravitar
5,707,715,Gravitar
6,0,8,Gravitar
6,1,9,Gravitar
6,2,10,Gravitar
6,3,11,Gravitar
6,4,12,Gravitar
6,5,13,Gravitar
6,6,14,Gravitar
6,7,15,Gravitar
6,8,16,Gravitar
6,9,17,Gravitar
6,10,18,Gravitar
6,11,19,Gravitar
6,12,20,Gravitar
6,13,21,Gravitar
6,14,22,Gravitar
6,15,23,Gravitar
6,16,24,Gravitar
6,17,25,Gravitar
6,18,26,Gravitar
6,19,27,Gravitar
6,20,28,Gravitar
6,21,29,Gravitar
6,22,30,Gravitar
6,23,31,Gravitar
6,24,32,Gravitar
6,25,33,Gravitar
6,26,34,Gravitar
6,27,35,Gravitar
6,28,36,Gravitar
6,29,37,Gravitar
6,30,38,Gravitar
6,31,39,Gravitar
6,32,40,Gravitar
6,33,41,Gravitar
6,34,42,Gravitar
6,35,43,Gravitar
6,36,44,Gravitar
6,37,45,Gravitar
6,38,46,Gravitar
6,39,47,Gravitar
6,40,48,Gravitar
6,41,49,Gravitar
6,42,50,Gravitar
6,43,51,Gravitar
6,44,52,Gravitar
6,45,53,Gravitar
6,46,54,Gravitar
6,47,55,Gravitar
6,48,56,Gravitar
6,49,57,Gravitar
6,50,58,Gravitar
6,51,59,Gravitar
6,52,60,Gravitar
6,53,61,Gravitar
6,54,62,Gravitar
6,55,63,Gravitar
6,56,64,Gravitar
6,57,65,Gravitar
6,58,66,Gravitar
6,59,67,Gravitar
6,60,68,Gravitar
6,61,69,Gravitar
6,62,70,Gravitar
6,63,71,Gravitar
6,64,72,Gravitar
6,65,73,Gravitar
6,66,74,Gravitar
6,67,75,Gravitar
6,68,76,Gravitar
6,69,77,Gravitar
6,70,78,Gravitar
6,71,79,Gravitar
6,72,80,Gravitar
6,73,81,Gravitar
6,74,82,Gravitar
6,75,83,Gravitar
6,76,84,Gravitar
6,77,85,Gravitar
6,78,86,Gravitar
6,79,87,Gravitar
6,80,88,Gravitar
6,81,89,Gravitar
6,82,90,Gravitar
6,83,91,Gravitar
6,84,92,Gravitar
6,85,93,Gravitar
6,86,94,Gravitar
6,87,95,Gravitar
6,88,96,Gravitar
6,89,97,Gravitar
6,90,98,Gravitar
6,91,99,Gravitar
6,92,100,Gravitar
6,93,101,Gravitar
6,94,102,Gravitar
6,95,103,Gravitar
6,96,104,Gravitar
6,97,105,Gravitar
6,98,106,Gravitar
6,99,107,Gravitar
6,100,108,Gravitar
6,101,109,Gravitar
6,102,110,Gravitar
6,103,111,Gravitar
6,104,112,Gravitar
6,105,113,Gravitar
6,106,114,Gravitar
6,107,115,Gravitar
6,108,116,Gravitar
6,109,117,Gravitar
6,110,118,Gravitar
6,111,119,Gravitar
6,112,120,Gravitar
6,113,121,Gravitar
6,114,122,Gravitar
6,115,123,Gravitar
6,116,124,Gravitar
6,117,125,Gravitar
6,118,126,Gravitar
6,119,127,Gravitar
6,120,128,Gravitar
6,121,129,Gravitar
6,122,130,Gravitar
6,123,131,Gravitar
6,124,132,Gravitar
6,125,133,Gravitar
6,126,134,Gravitar
6,127,135,Gravitar
6,128,136,Gravitar
6,129,137,Gravitar
6,130,138,Gravitar
6,131,139,Gravitar
6,132,140,Gravitar
6,133,141,Gravitar
6,134,142,Gravitar
6,135,143,Gravitar
6,136,144,Gravitar
6,137,145,Gravitar
6,138,146,Gravitar
6,139,147,Gravitar
6,140,148,Gravitar
6,141,149,Gravitar
6,142,150,Gravitar
6,143,151,Gravitar
6,144,152,Gravitar
6,145,153,Gravitar
6,146,154,Gravitar
6,147,155,Gravitar
6,148,156,Gravitar
6,149,157,Gravitar
6,150,158,Gravitar
6,151,159,Gravitar
6,152,160,Gravitar
6,153,161,Gravitar
6,154,162,Gravitar
6,155,163,Gravitar
6,156,164,Gravitar
6,157,165,Gravitar
6,158,166,Gravitar
6,159,167,Gravitar
6,160,168,Gravitar
6,161,169,Gravitar
6,162,170,Gravitar
6,163,171,Gravitar
6,164,172,Gravitar
6,165,173,Gravitar
6,166,174,Gravitar
6,167,175,Gravitar
6,168,176,Gravitar
6,169,177,Gravitar
6,170,178,Gravitar
6,171,179,Gravitar
6,172,180,Gravitar
6,173,181,Gravitar
6,174,182,Gravitar
6,175,183,Gravitar
6,176,184,Gravitar
6,177,185,Gravitar
6,178,186,Gravitar
6,179,187,Gravitar
6,180,188,Gravitar
6,181,189,Gravitar
6,182,190,Gravitar
6,183,191,Gravitar
6,184,192,Gravitar
6,185,193,Gravitar
6,186,194,Gravitar
6,187,195,Gravitar
6,188,196,Gravitar
6,189,197,Gravitar
6,190,198,Gravitar
6,191,199,Gravitar
6,192,200,Gravitar
6,193,201,Gravitar
6,194,202,Gravitar
6,195,203,Gravitar
6,196,204,Gravitar
6,197,205,Gravitar
6,198,206,Gravitar
6,199,207,Gravitar
6,200,208,Gravitar
6,201,209,Gravitar
6,202,210,Gravitar
6,203,211,Gravitar
6,204,212,Gravitar
6,205,213,Gravitar
6,206,214,Gravitar
6,207,215,Gravitar
6,208,216,Gravitar
6,209,217,Gravitar
6,210,218,Gravitar
6,211,219,Gravitar
6,212,220,Gravitar
6,213,221,Gravitar
6,214,222,Gravitar
6,215,223,Gravitar
6,216,224,Gravitar
6,217,225,Gravitar
6,218,226,Gravitar
6,219,227,Gravitar
6,220,228,Gravitar
6,221,229,Gravitar
6,222,230,Gravitar
6,223,231,Gravitar
6,224,232,Gravitar
6,225,233,Gravitar
6,226,234,Gravitar
6,227,235,Gravitar
6,228,236,Gravitar
6,229,237,Gravitar
6,230,238,Gravitar
6,231,239,Gravitar
6,232,240,Gravitar
6,233,241,Gravitar
6,234,242,Gravitar
6,235,243,Gravitar
6,236,244,Gravitar
6,237,245,Gravitar
6,238,246,Gravitar
6,239,247,Gravitar
6,240,248,Gravitar
6,241,249,Gravitar
6,242,250,Gravitar
6,243,251,Gravitar
6,244,252,Gravitar
6,245,253,Gravitar
6,246,254,Gravitar
6,247,255,Gravitar
6,248,256,Gravitar
6,249,257,Gravitar
6,250,258,Gravitar
6,251,259,Gravitar
6,252,260,Gravitar
6,253,261,Gravitar
6,254,262,Gravitar
6,255,263,Gravitar
6,256,264,Gravitar
6,257,265,Gravitar
6,258,266,Gravitar
6,259,267,Gravitar
6,260,268,Gravitar
6,261,269,Gravitar
6,262,270,Gravitar
6,263,271,Gravitar
6,264,272,Gravitar
6,265,273,Gravitar
6,266,274,Gravitar
6,267,275,Gravitar
6,268,276,Gravitar
6,269,277,Gravitar
6,270,278,Gravitar
6,271,279,Gravitar
6,272,280,Gravitar
6,273,281,Gravitar
6,274,282,Gravitar
6,275,283,Gravitar
6,276,284,Gravitar
6,277,285,Gravitar
6,278,286,Gravitar
6,279,287,Gravitar
6,280,288,Gravitar
6,281,289,Gravitar
6,282,290,Gravitar
6,283,291,Gravitar
6,284,292,Gravitar
6,285,293,Gravitar
6,286,294,Gravitar
6,287,295,Gravitar
6,288,296,Gravitar
6,289,297,Gravitar
6,290,298,Gravitar
6,291,299,Gravitar
6,292,300,Gravitar
6,293,301,Gravitar
6,294,302,Gravitar
6,295,303,Gravitar
6,296,304,Gravitar
6,297,305,Gravitar
6,298,306,Gravitar
6,299,307,Gravitar
6,300,308,Gravitar
6,301,309,Gravitar
6,302,310,Gravitar
6,303,311,Gravitar
6,304,312,Gravitar
6,305,313,Gravitar
6,306,314,Gravitar
6,307,315,Gravitar
6,308,316,Gravitar
6,309,317,Gravitar
6,310,318,Gravitar
6,311,319,Gravitar
6,312,320,Gravitar
6,313,321,Gravitar
6,314,322,Gravitar
6,315,323,Gravitar
6,316,324,Gravitar
6,317,325,Gravitar
6,318,326,Gravitar
6,319,327,Gravitar
6,320,328,Gravitar
6,321,329,Gravitar
6,322,330,Gravitar
6,323,331,Gravitar
6,324,332,Gravitar
6,325,333,Gravitar
6,326,334,Gravitar
6,327,335,Gravitar
6,328,336,Gravitar
6,329,337,Gravitar
6,330,338,Gravitar
6,331,339,Gravitar
6,332,340,Gravitar
6,333,341,Gravitar
6,334,342,Gravitar
6,335,343,Gravitar
6,336,344,Gravitar
6,337,345,Gravitar
6,338,346,Gravitar
6,339,347,Gravitar
6,340,348,Gravitar
6,341,349,Gravitar
6,342,350,Gravitar
6,343,351,Gravitar
6,344,352,Gravitar
6,345,353,Gravitar
6,346,354,Gravitar
6,347,355,Gravitar
6,348,356,Gravitar
6,349,357,Gravitar
6,350,358,Gravitar
6,351,359,Gravitar
6,352,360,Gravitar
6,353,361,Gravitar
6,354,362,Gravitar
6,355,363,Gravitar
6,356,364,Gravitar
6,357,365,Gravitar
6,358,366,Gravitar
6,359,367,Gravitar
6,360,368,Gravitar
6,361,369,Gravitar
6,362,370,Gravitar
6,363,371,Gravitar
6,364,372,Gravitar
6,365,373,Gravitar
6,366,374,Gravitar
6,367,375,Gravitar
6,368,376,Gravitar
6,369,377,Gravitar
6,370,378,Gravitar
6,371,379,Gravitar
6,372,380,Gravitar
6,373,381,Gravitar
6,374,382,Gravitar
6,375,383,Gravitar
6,376,384,Gravitar
6,377,385,Gravitar
6,378,386,Gravitar
6,379,387,Gravitar
6,380,388,Gravitar
6,381,389,Gravitar
6,382,390,Gravitar
6,383,391,Gravitar
6,384,392,Gravitar
6,385,393,Gravitar
6,386,394,Gravitar
6,387,395,Gravitar
6,388,396,Gravitar
6,389,397,Gravitar
6,390,398,Gravitar
6,391,399,Gravitar
6,392,400,Gravitar
6,393,401,Gravitar
6,394,402,Gravitar
6,395,403,Gravitar
6,396,404,Gravitar
6,397,405,Gravitar
6,398,406,Gravitar
6,399,407,Gravitar
6,400,408,Gravitar
6,401,409,Gravitar
6,402,410,Gravitar
6,403,411,Gravitar
6,404,412,Gravitar
6,405,413,Gravitar
6,406,414,Gravitar
6,407,415,Gravitar
6,408,416,Gravitar
6,409,417,Gravitar
6,410,418,Gravitar
6,411,419,Gravitar
6,412,420,Gravitar
6,413,421,Gravitar
6,414,422,Gravitar
6,415,423,Gravitar
6,416,424,Gravitar
6,417,425,Gravitar
6,418,426,Gravitar
6,419,427,Gravitar
6,420,428,Gravitar
6,421,429,Gravitar
6,422,430,Gravitar
6,423,431,Gravitar
6,424,432,Gravitar
6,425,433,Gravitar
6,426,434,Gravitar
6,427,435,Gravitar
6,428,436,Gravitar
6,429,437,Gravitar
6,430,438,Gravitar
6,431,439,Gravitar
6,432,440,Gravitar
6,433,441,Gravitar
6,434,442,Gravitar
6,435,443,Gravitar
6,436,444,Gravitar
6,437,445,Gravitar
6,438,446,Gravitar
6,439,447,Gravitar
6,440,448,Gravitar
6,441,449,Gravitar
6,442,450,Gravitar
6,443,451,Gravitar
6,444,452,Gravitar
6,445,453,Gravitar
6,446,454,Gravitar
6,447,455,Gravitar
6,448,456,Gravitar
6,449,457,Gravitar
6,450,458,Gravitar
6,451,459,Gravitar
6,452,460,Gravitar
6,453,461,Gravitar
6,454,462,Gravitar
6,455,463,Gravitar
6,456,464,Gravitar
6,457,465,Gravitar
6,458,466,Gravitar
6,459,467,Gravitar
6,460,468,Gravitar
6,461,469,Gravitar
6,462,470,Gravitar
6,463,471,Gravitar
6,464,472,Gravitar
6,465,473,Gravitar
6,466,474,Gravitar
6,467,475,Gravitar
6,468,476,Gravitar
6,469,477,Gravitar
6,470,478,Gravitar
6,471,479,Gravitar
6,472,480,Gravitar
6,473,481,Gravitar
6,474,482,Gravitar
6,475,483,Gravitar
6,476,484,Gravitar
6,477,485,Gravitar
6,478,486,Gravitar
6,479,487,Gravitar
6,480,488,Gravitar
6,481,489,Gravitar
6,482,490,Gravitar
6,483,491,Gravitar
6,484,492,Gravitar
6,485,493,Gravitar
6,486,494,Gravitar
6,487,495,Gravitar
6,488,496,Gravitar
6,489,497,Gravitar
6,490,498,Gravitar
6,491,499,Gravitar
6,492,500,Gravitar
6,493,501,Gravitar
6,494,502,Gravitar
6,495,503,Gravitar
6,496,504,Gravitar
6,497,505,Gravitar
6,498,506,Gravitar
6,499,507,Gravitar
6,500,508,Gravitar
6,501,509,Gravitar
6,502,510,Gravitar
6,503,511,Gravitar
6,504,512,Gravitar
6,505,513,Gravitar
6,506,514,Gravitar
6,507,515,Gravitar
6,508,516,Gravitar
6,509,517,Gravitar
6,510,518,Gravitar
6,511,519,Gravitar
6,512,520,Gravitar
6,513,521,Gravitar
6,514,522,Gravitar
6,515,523,Gravitar
6,516,524,Gravitar
6,517,525,Gravitar
6,518,526,Gravitar
6,519,527,Gravitar
6,520,528,Gravitar
6,521,529,Gravitar
6,522,530,Gravitar
6,523,531,Gravitar
6,524,532,Gravitar
6,525,533,Gravitar
6,526,534,Gravitar
6,527,535,Gravitar
6,528,536,Gravitar
6,529,537,Gravitar
6,530,538,Gravitar
6,531,539,Gravitar
6,532,540,Gravitar
6,533,541,Gravitar
6,534,542,Gravitar
6,535,543,Gravitar
6,536,544,Gravitar
6,537,545,Gravitar
6,538,546,Gravitar
6,539,547,Gravitar
6,540,548,Gravitar
6,541,549,Gravitar
6,542,550,Gravitar
6,543,551,Gravitar
6,544,552,Gravitar
6,545,553,Gravitar
6,546,554,Gravitar
6,547,555,Gravitar
6,548,556,Gravitar
6,549,557,Gravitar
6,550,558,Gravitar
6,551,559,Gravitar
6,552,560,Gravitar
6,553,561,Gravitar
6,554,562,Gravitar
6,555,563,Gravitar
6,556,564,Gravitar
6,557,565,Gravitar
6,558,566,Gravitar
6,559,567,Gravitar
6,560,568,Gravitar
6,561,569,Gravitar
6,562,570,Gravitar
6,563,571,Gravitar
6,564,572,Gravitar
6,565,573,Gravitar
6,566,574,Gravitar
6,567,575,Gravitar
6,568,576,Gravitar
6,569,577,Gravitar
6,570,578,Gravitar
6,571,579,Gravitar
6,572,580,Gravitar
6,573,581,Gravitar
6,574,582,Gravitar
6,575,583,Gravitar
6,576,584,Gravitar
6,577,585,Gravitar
6,578,586,Gravitar
6,579,587,Gravitar
6,580,588,Gravitar
6,581,589,Gravitar
6,582,590,Gravitar
6,583,591,Gravitar
6,584,592,Gravitar
6,585,593,Gravitar
6,586,594,Gravitar
6,587,595,Gravitar
6,588,596,Gravitar
6,589,597,Gravitar
6,590,598,Gravitar
6,591,599,Gravitar
6,592,600,Gravitar
6,593,601,Gravitar
6,594,602,Gravitar
6,595,603,Gravitar
6,596,604,Gravitar
6,597,605,Gravitar
6,598,606,Gravitar
6,599,607,Gravitar
6,600,608,Gravitar
6,601,609,Gravitar
6,602,610,Gravitar
6,603,611,Gravitar
6,604,612,Gravitar
6,605,613,Gravitar
6,606,614,Gravitar
6,607,615,Gravitar
6,608,616,Gravitar
6,609,617,Gravitar
6,610,618,Gravitar
6,611,619,Gravitar
6,612,620,Gravitar
6,613,621,Gravitar
6,614,622,Gravitar
6,615,623,Gravitar
6,616,624,Gravitar
6,617,625,Gravitar
6,618,626,Gravitar
6,619,627,Gravitar
6,620,628,Gravitar
6,621,629,Gravitar
6,622,630,Gravitar
6,623,631,Gravitar
6,624,632,Gravitar
6,625,633,Gravitar
6,626,634,Gravitar
6,627,635,Gravitar
6,628,636,Gravitar
6,629,637,Gravitar
6,630,638,Gravitar
6,631,639,Gravitar
6,632,640,Gravitar
6,633,641,Gravitar
6,634,642,Gravitar
6,635,643,Gravitar
6,636,644,Gravitar
6,637,645,Gravitar
6,638,646,Gravitar
6,639,647,Gravitar
6,640,648,Gravitar
6,641,649,Gravitar
6,642,650,Gravitar
6,643,651,Gravitar
6,644,652,Gravitar
6,645,653,Gravitar
6,646,654,Gravitar
6,647,655,Gravitar
6,648,656,Gravitar
6,649,657,Gravitar
6,650,658,Gravitar
6,651,659,Gravitar
6,652,660,Gravitar
6,653,661,Gravitar
6,654,662,Gravitar
6,655,663,Gravitar
6,656,664,Gravitar
6,657,665,Gravitar
6,658,666,Gravitar
6,659,667,Gravitar
6,660,668,Gravitar
6,661,669,Gravitar
6,662,670,Gravitar
6,663,671,Gravitar
6,664,672,Gravitar
6,665,673,Gravitar
6,666,674,Gravitar
6,667,675,Gravitar
6,668,676,Gravitar
6,669,677,Gravitar
6,670,678,Gravitar
6,671,679,Gravitar
6,672,680,Gravitar
6,673,681,Gravitar
6,674,682,Gravitar
6,675,683,Gravitar
6,676,684,Gravitar
6,677,685,Gravitar
6,678,686,Gravitar
6,679,687,Gravitar
6,680,688,Gravitar
6,681,689,Gravitar
6,682,690,Gravitar
6,683,691,Gravitar
6,684,692,Gravitar
6,685,693,Gravitar
6,686,694,Gravitar
6,687,695,Gravitar
6,688,696,Gravitar
6,689,697,Gravitar
6,690,698,Gravitar
7,0,8,Gravitar
7,1,9,Gravitar
7,2,10,Gravitar
7,3,11,Gravitar
7,4,12,Gravitar
7,5,13,Gravitar
7,6,14,Gravitar
7,7,15,Gravitar
7,8,16,Gravitar
7,9,17,Gravitar
7,10,18,Gravitar
7,11,19,Gravitar
7,12,20,Gravitar
7,13,21,Gravitar
7,14,22,Gravitar
7,15,23,Gravitar
7,16,24,Gravitar
7,17,25,Gravitar
7,18,26,Gravitar
7,19,27,Gravitar
7,20,28,Gravitar
7,21,29,Gravitar
7,22,30,Gravitar
7,23,31,Gravitar
7,24,32,Gravitar
7,25,33,Gravitar
7,26,34,Gravitar
7,27,35,Gravitar
7,28,36,Gravitar
7,29,37,Gravitar
7,30,38,Gravitar
7,31,39,Gravitar
7,32,40,Gravitar
7,33,41,Gravitar
7,34,42,Gravitar
7,35,43,Gravitar
7,36,44,Gravitar
7,37,45,Gravitar
7,38,46,Gravitar
7,39,47,Gravitar
7,40,48,Gravitar
7,41,49,Gravitar
7,42,50,Gravitar
7,43,51,Gravitar
7,44,52,Gravitar
7,45,53,Gravitar
7,46,54,Gravitar
7,47,55,Gravitar
7,48,56,Gravitar
7,49,57,Gravitar
7,50,58,Gravitar
7,51,59,Gravitar
7,52,60,Gravitar
7,53,61,Gravitar
7,54,62,Gravitar
7,55,63,Gravitar
7,56,64,Gravitar
7,57,65,Gravitar
7,58,66,Gravitar
7,59,67,Gravitar
7,60,68,Gravitar
7,61,69,Gravitar
7,62,70,Gravitar
7,63,71,Gravitar
7,64,72,Gravitar
7,65,73,Gravitar
7,66,74,Gravitar
7,67,75,Gravitar
7,68,76,Gravitar
7,69,77,Gravitar
7,70,78,Gravitar
7,71,79,Gravitar
7,72,80,Gravitar
7,73,81,Gravitar
7,74,82,Gravitar
7,75,83,Gravitar
7,76,84,Gravitar
7,77,85,Gravitar
7,78,86,Gravitar
7,79,87,Gravitar
7,80,88,Gravitar
7,81,89,Gravitar
7,82,90,Gravitar
7,83,91,Gravitar
7,84,92,Gravitar
7,85,93,Gravitar
7,86,94,Gravitar
7,87,95,Gravitar
7,88,96,Gravitar
7,89,97,Gravitar
7,90,98,Gravitar
7,91,99,Gravitar
7,92,100,Gravitar
7,93,101,Gravitar
7,94,102,Gravitar
7,95,103,Gravitar
7,96,104,Gravitar
7,97,105,Gravitar
7,98,106,Gravitar
7,99,107,Gravitar
7,100,108,Gravitar
7,101,109,Gravitar
7,102,110,Gravitar
7,103,111,Gravitar
7,104,112,Gravitar
7,105,113,Gravitar
7,106,114,Gravitar
7,107,115,Gravitar
7,108,116,Gravitar
7,109,117,Gravitar
7,110,118,Gravitar
7,111,119,Gravitar
7,112,120,Gravitar
7,113,121,Gravitar
7,114,122,Gravitar
7,115,123,Gravitar
7,116,124,Gravitar
7,117,125,Gravitar
7,118,126,Gravitar
7,119,127,Gravitar
7,120,128,Gravitar
7,121,129,Gravitar
7,122,130,Gravitar
7,123,131,Gravitar
7,124,132,Gravitar
7,125,133,Gravitar
7,126,134,Gravitar
7,127,135,Gravitar
7,128,136,Gravitar
7,129,137,Gravitar
7,130,138,Gravitar
7,131,139,Gravitar
7,132,140,Gravitar
7,133,141,Gravitar
7,134,142,Gravitar
7,135,143,Gravitar
7,136,144,Gravitar
7,137,145,Gravitar
7,138,146,Gravitar
7,139,147,Gravitar
7,140,148,Gravitar
7,141,149,Gravitar
7,142,150,Gravitar
7,143,151,Gravitar
7,144,152,Gravitar
7,145,153,Gravitar
7,146,154,Gravitar
7,147,155,Gravitar
7,148,156,Gravitar
7,149,157,Gravitar
7,150,158,Gravitar
7,151,159,Gravitar
7,152,160,Gravitar
7,153,161,Gravitar
7,154,162,Gravitar
7,155,163,Gravitar
7,156,164,Gravitar
7,157,165,Gravitar
7,158,166,Gravitar
7,159,167,Gravitar
7,160,168,Gravitar
7,161,169,Gravitar
7,162,170,Gravitar
7,163,171,Gravitar
7,164,172,Gravitar
7,165,173,Gravitar
7,166,174,Gravitar
7,167,175,Gravitar
7,168,176,Gravitar
7,169,177,Gravitar
7,170,178,Gravitar
7,171,179,Gravitar
7,172,180,Gravitar
7,173,181,Gravitar
7,174,182,Gravitar
7,175,183,Gravitar
7,176,184,Gravitar
7,177,185,Gravitar
7,178,186,Gravitar
7,179,187,Gravitar
7,180,188,Gravitar
7,181,189,Gravitar
7,182,190,Gravitar
7,183,191,Gravitar
7,184,192,Gravitar
7,185,193,Gravitar
7,186,194,Gravitar
7,187,195,Gravitar
7,188,196,Gravitar
7,189,197,Gravitar
7,190,198,Gravitar
7,191,199,Gravitar
7,192,200,Gravitar
7,193,201,Gravitar
7,194,202,Gravitar
7,195,203,Gravitar
7,196,204,Gravitar
7,197,205,Gravitar
7,198,206,Gravitar
7,199,207,Gravitar
7,200,208,Gravitar
7,201,209,Gravitar
7,202,210,Gravitar
7,203,211,Gravitar
7,204,212,Gravitar
7,205,213,Gravitar
7,206,214,Gravitar
7,207,215,Gravitar
7,208,216,Gravitar
7,209,217,Gravitar
7,210,218,Gravitar
7,211,219,Gravitar
7,212,220,Gravitar
7,213,221,Gravitar
7,214,222,Gravitar
7,215,223,Gravitar
7,216,224,Gravitar
7,217,225,Gravitar
7,218,226,Gravitar
7,219,227,Gravitar
7,220,228,Gravitar
7,221,229,Gravitar
7,222,230,Gravitar
7,223,231,Gravitar
7,224,232,Gravitar
7,225,233,Gravitar
7,226,234,Gravitar
7,227,235,Gravitar
7,228,236,Gravitar
7,229,237,Gravitar
7,230,238,Gravitar
7,231,239,Gravitar
7,232,240,Gravitar
7,233,241,Gravitar
7,234,242,Gravitar
7,235,243,Gravitar
7,236,244,Gravitar
7,237,245,Gravitar
7,238,246,Gravitar
7,239,247,Gravitar
7,240,248,Gravitar
7,241,249,Gravitar
7,242,250,Gravitar
7,243,251,Gravitar
7,244,252,Gravitar
7,245,253,Gravitar
7,246,254,Gravitar
7,247,255,Gravitar
7,248,256,Gravitar
7,249,257,Gravitar
7,250,258,Gravitar
7,251,259,Gravitar
7,252,260,Gravitar
7,253,261,Gravitar
7,254,262,Gravitar
7,255,263,Gravitar
7,256,264,Gravitar
7,257,265,Gravitar
7,258,266,Gravitar
7,259,267,Gravitar
7,260,268,Gravitar
7,261,269,Gravitar
7,262,270,Gravitar
7,263,271,Gravitar
7,264,272,Gravitar
7,265,273,Gravitar
7,266,274,Gravitar
7,267,275,Gravitar
7,268,276,Gravitar
7,269,277,Gravitar
7,270,278,Gravitar
7,271,279,Gravitar
7,272,280,Gravitar
7,273,281,Gravitar
7,274,282,Gravitar
7,275,283,Gravitar
7,276,284,Gravitar
7,277,285,Gravitar
7,278,286,Gravitar
7,279,287,Gravitar
7,280,288,Gravitar
7,281,289,Gravitar
7,282,290,Gravitar
7,283,291,Gravitar
7,284,292,Gravitar
7,285,293,Gravitar
7,286,294,Gravitar
7,287,295,Gravitar
7,288,296,Gravitar
7,289,297,Gravitar
7,290,298,Gravitar
7,291,299,Gravitar
7,292,300,Gravitar
7,293,301,Gravitar
7,294,302,Gravitar
7,295,303,Gravitar
7,296,304,Gravitar
7,297,305,Gravitar
7,298,306,Gravitar
7,299,307,Gravitar
7,300,308,Gravitar
7,301,309,Gravitar
7,302,310,Gravitar
7,303,311,Gravitar
7,304,312,Gravitar
7,305,313,Gravitar
7,306,314,Gravitar
7,307,315,Gravitar
7,308,316,Gravitar
7,309,317,Gravitar
7,310,318,Gravitar
7,311,319,Gravitar
7,312,320,Gravitar
7,313,321,Gravitar
7,314,322,Gravitar
7,315,323,Gravitar
7,316,324,Gravitar
7,317,325,Gravitar
7,318,326,Gravitar
7,319,327,Gravitar
7,320,328,Gravitar
7,321,329,Gravitar
7,322,330,Gravitar
7,323,331,Gravitar
7,324,332,Gravitar
7,325,333,Gravitar
7,326,334,Gravitar
7,327,335,Gravitar
7,328,336,Gravitar
7,329,337,Gravitar
7,330,338,Gravitar
7,331,339,Gravitar
7,332,340,Gravitar
7,333,341,Gravitar
7,334,342,Gravitar
7,335,343,Gravitar
7,336,344,Gravitar
7,337,345,Gravitar
7,338,346,Gravitar
7,339,347,Gravitar
7,340,348,Gravitar
7,341,349,Gravitar
7,342,350,Gravitar
7,343,351,Gravitar
7,344,352,Gravitar
7,345,353,Gravitar
7,346,354,Gravitar
7,347,355,Gravitar
7,348,356,Gravitar
7,349,357,Gravitar
7,350,358,Gravitar
7,351,359,Gravitar
7,352,360,Gravitar
7,353,361,Gravitar
7,354,362,Gravitar
7,355,363,Gravitar
7,356,364,Gravitar
7,357,365,Gravitar
7,358,366,Gravitar
7,359,367,Gravitar
7,360,368,Gravitar
7,361,369,Gravitar
7,362,370,Gravitar
7,363,371,Gravitar
7,364,372,Gravitar
7,365,373,Gravitar
7,366,374,Gravitar
7,367,375,Gravitar
7,368,376,Gravitar
7,369,377,Gravitar
7,370,378,Gravitar
7,371,379,Gravitar
7,372,380,Gravitar
7,373,381,Gravitar
7,374,382,Gravitar
7,375,383,Gravitar
7,376,384,Gravitar
7,377,385,Gravitar
7,378,386,Gravitar
7,379,387,Gravitar
7,380,388,Gravitar
7,381,389,Gravitar
7,382,390,Gravitar
7,383,391,Gravitar
7,384,392,Gravitar
7,385,393,Gravitar
7,386,394,Gravitar
7,387,395,Gravitar
7,388,396,Gravitar
7,389,397,Gravitar
7,390,398,Gravitar
7,391,399,Gravitar
7,392,400,Gravitar
7,393,401,Gravitar
7,394,402,Gravitar
7,395,403,Gravitar
7,396,404,Gravitar
7,397,405,Gravitar
7,398,406,Gravitar
7,399,407,Gravitar
7,400,408,Gravitar
7,401,409,Gravitar
7,402,410,Gravitar
7,403,411,Gravitar
7,404,412,Gravitar
7,405,413,Gravitar
7,406,414,Gravitar
7,407,415,Gravitar
7,408,416,Gravitar
7,409,417,Gravitar
7,410,418,Gravitar
7,411,419,Gravitar
7,412,420,Gravitar
7,413,421,Gravitar
7,414,422,Gravitar
7,415,423,Gravitar
7,416,424,Gravitar
7,417,425,Gravitar
7,418,426,Gravitar
7,419,427,Gravitar
7,420,428,Gravitar
7,421,429,Gravitar
7,422,430,Gravitar
7,423,431,Gravitar
7,424,432,Gravitar
7,425,433,Gravitar
7,426,434,Gravitar
7,427,435,Gravitar
7,428,436,Gravitar
7,429,437,Gravitar
7,430,438,Gravitar
7,431,439,Gravitar
7,432,440,Gravitar
7,433,441,Gravitar
7,434,442,Gravitar
7,435,443,Gravitar
7,436,444,Gravitar
7,437,445,Gravitar
7,438,446,Gravitar
7,439,447,Gravitar
7,440,448,Gravitar
7,441,449,Gravitar
7,442,450,Gravitar
7,443,451,Gravitar
7,444,452,Gravitar
7,445,453,Gravitar
7,446,454,Gravitar
7,447,455,Gravitar
7,448,456,Gravitar
7,449,457,Gravitar
7,450,458,Gravitar
7,451,459,Gravitar
7,452,460,Gravitar
7,453,461,Gravitar
7,454,462,Gravitar
7,455,463,Gravitar
7,456,464,Gravitar
7,457,465,Gravitar
7,458,466,Gravitar
7,459,467,Gravitar
7,460,468,Gravitar
7,461,469,Gravitar
7,462,470,Gravitar
7,463,471,Gravitar
7,464,472,Gravitar
7,465,473,Gravitar
7,466,474,Gravitar
7,467,475,Gravitar
7,468,476,Gravitar
7,469,477,Gravitar
7,470,478,Gravitar
7,471,479,Gravitar
7,472,480,Gravitar
7,473,481,Gravitar
7,474,482,Gravitar
7,475,483,Gravitar
7,476,484,Gravitar
7,477,485,Gravitar
7,478,486,Gravitar
7,479,487,Gravitar
7,480,488,Gravitar
7,481,489,Gravitar
7,482,490,Gravitar
7,483,491,Gravitar
7,484,492,Gravitar
7,485,493,Gravitar
7,486,494,Gravitar
7,487,495,Gravitar
7,488,496,Gravitar
7,489,497,Gravitar
7,490,498,Gravitar
7,491,499,Gravitar
7,492,500,Gravitar
7,493,501,Gravitar
7,494,502,Gravitar
7,495,503,Gravitar
7,496,504,Gravitar
7,497,505,Gravitar
7,498,506,Gravitar
7,499,507,Gravitar
7,500,508,Gravitar
7,501,509,Gravitar
7,502,510,Gravitar
7,503,511,Gravitar
7,504,512,Gravitar
7,505,513,Gravitar
7,506,514,Gravitar
7,507,515,Gravitar
7,508,516,Gravitar
7,509,517,Gravitar
7,510,518,Gravitar
7,511,519,Gravitar
7,512,520,Gravitar
7,513,521,Gravitar
7,514,522,Gravitar
7,515,523,Gravitar
7,516,524,Gravitar
7,517,525,Gravitar
7,518,526,Gravitar
7,519,527,Gravitar
7,520,528,Gravitar
7,521,529,Gravitar
7,522,530,Gravitar
7,523,531,Gravitar
7,524,532,Gravitar
7,525,533,Gravitar
7,526,534,Gravitar
7,527,535,Gravitar
7,528,536,Gravitar
7,529,537,Gravitar
7,530,538,Gravitar
7,531,539,Gravitar
7,532,540,Gravitar
7,533,541,Gravitar
7,534,542,Gravitar
7,535,543,Gravitar
7,536,544,Gravitar
7,537,545,Gravitar
7,538,546,Gravitar
7,539,547,Gravitar
7,540,548,Gravitar
7,541,549,Gravitar
7,542,550,Gravitar
7,543,551,Gravitar
7,544,552,Gravitar
7,545,553,Gravitar
7,546,554,Gravitar
7,547,555,Gravitar
7,548,556,Gravitar
7,549,557,Gravitar
7,550,558,Gravitar
7,551,559,Gravitar
7,552,560,Gravitar
7,553,561,Gravitar
7,554,562,Gravitar
7,555,563,Gravitar
7,556,564,Gravitar
7,557,565,Gravitar
7,558,566,Gravitar
7,559,567,Gravitar
7,560,568,Gravitar
7,561,569,Gravitar
7,562,570,Gravitar
7,563,571,Gravitar
7,564,572,Gravitar
7,565,573,Gravitar
7,566,574,Gravitar
7,567,575,Gravitar
7,568,576,Gravitar
7,569,577,Gravitar
7,570,578,Gravitar
7,571,579,Gravitar
7,572,580,Gravitar
7,573,581,Gravitar
7,574,582,Gravitar
7,575,583,Gravitar
7,576,584,Gravitar
7,577,585,Gravitar
7,578,586,Gravitar
