Episode index,Start index,End index,Environment
0,597,605,MsPacman
0,593,601,MsPacman
0,589,597,MsPacman
0,585,593,MsPacman
0,581,589,MsPacman
0,577,585,MsPacman
0,573,581,MsPacman
0,569,577,MsPacman
0,565,573,MsPacman
0,561,569,MsPacman
0,557,565,MsPacman
0,553,561,MsPacman
0,549,557,MsPacman
0,545,553,MsPacman
0,541,549,MsPacman
0,537,545,MsPacman
0,533,541,MsPacman
0,529,537,MsPacman
0,525,533,MsPacman
0,521,529,MsPacman
0,517,525,MsPacman
0,513,521,MsPacman
0,509,517,MsPacman
0,505,513,MsPacman
0,501,509,MsPacman
0,497,505,MsPacman
0,493,501,MsPacman
0,489,497,MsPacman
0,485,493,MsPacman
0,481,489,MsPacman
0,477,485,MsPacman
0,473,481,MsPacman
0,469,477,MsPacman
0,465,473,MsPacman
0,461,469,MsPacman
0,457,465,MsPacman
0,453,461,MsPacman
0,449,457,MsPacman
0,445,453,MsPacman
0,441,449,MsPacman
0,437,445,MsPacman
0,433,441,MsPacman
0,429,437,MsPacman
0,425,433,MsPacman
0,421,429,MsPacman
0,417,425,MsPacman
0,413,421,MsPacman
0,409,417,MsPacman
0,405,413,MsPacman
0,401,409,MsPacman
0,397,405,MsPacman
0,393,401,MsPacman
0,389,397,MsPacman
0,385,393,MsPacman
0,381,389,MsPacman
0,377,385,MsPacman
0,373,381,MsPacman
0,369,377,MsPacman
0,365,373,MsPacman
0,361,369,MsPacman
0,357,365,MsPacman
0,353,361,MsPacman
0,349,357,MsPacman
0,345,353,MsPacman
0,341,349,MsPacman
0,337,345,MsPacman
0,333,341,MsPacman
0,329,337,MsPacman
0,325,333,MsPacman
0,321,329,MsPacman
0,317,325,MsPacman
0,313,321,MsPacman
0,309,317,MsPacman
0,305,313,MsPacman
0,301,309,MsPacman
0,297,305,MsPacman
0,293,301,MsPacman
0,289,297,MsPacman
0,285,293,MsPacman
0,281,289,MsPacman
0,277,285,MsPacman
0,273,281,MsPacman
0,269,277,MsPacman
0,265,273,MsPacman
0,261,269,MsPacman
0,257,265,MsPacman
0,253,261,MsPacman
0,249,257,MsPacman
0,245,253,MsPacman
0,241,249,MsPacman
0,237,245,MsPacman
0,233,241,MsPacman
0,229,237,MsPacman
0,225,233,MsPacman
0,221,229,MsPacman
0,217,225,MsPacman
0,213,221,MsPacman
0,209,217,MsPacman
0,205,213,MsPacman
0,201,209,MsPacman
0,197,205,MsPacman
0,193,201,MsPacman
0,189,197,MsPacman
0,185,193,MsPacman
0,181,189,MsPacman
0,177,185,MsPacman
0,173,181,MsPacman
0,169,177,MsPacman
0,165,173,MsPacman
0,161,169,MsPacman
0,157,165,MsPacman
0,153,161,MsPacman
0,149,157,MsPacman
0,145,153,MsPacman
0,141,149,MsPacman
0,137,145,MsPacman
0,133,141,MsPacman
0,129,137,MsPacman
0,125,133,MsPacman
0,121,129,MsPacman
0,117,125,MsPacman
0,113,121,MsPacman
0,109,117,MsPacman
0,105,113,MsPacman
0,101,109,MsPacman
0,97,105,MsPacman
0,93,101,MsPacman
0,89,97,MsPacman
0,85,93,MsPacman
0,81,89,MsPacman
0,77,85,MsPacman
0,73,81,MsPacman
0,69,77,MsPacman
0,65,73,MsPacman
0,61,69,MsPacman
0,57,65,MsPacman
0,53,61,MsPacman
0,49,57,MsPacman
0,45,53,MsPacman
0,41,49,MsPacman
0,37,45,MsPacman
0,33,41,MsPacman
0,29,37,MsPacman
0,25,33,MsPacman
0,21,29,MsPacman
0,17,25,MsPacman
0,13,21,MsPacman
0,9,17,MsPacman
0,5,13,MsPacman
0,1,9,MsPacman
0,-3,5,MsPacman
0,-7,1,MsPacman
1,1271,1279,MsPacman
1,1267,1275,MsPacman
1,1263,1271,MsPacman
1,1259,1267,MsPacman
1,1255,1263,MsPacman
1,1251,1259,MsPacman
1,1247,1255,MsPacman
1,1243,1251,MsPacman
1,1239,1247,MsPacman
1,1235,1243,MsPacman
1,1231,1239,MsPacman
1,1227,1235,MsPacman
1,1223,1231,MsPacman
1,1219,1227,MsPacman
1,1215,1223,MsPacman
1,1211,1219,MsPacman
1,1207,1215,MsPacman
1,1203,1211,MsPacman
1,1199,1207,MsPacman
1,1195,1203,MsPacman
1,1191,1199,MsPacman
1,1187,1195,MsPacman
1,1183,1191,MsPacman
1,1179,1187,MsPacman
1,1175,1183,MsPacman
1,1171,1179,MsPacman
1,1167,1175,MsPacman
1,1163,1171,MsPacman
1,1159,1167,MsPacman
1,1155,1163,MsPacman
1,1151,1159,MsPacman
1,1147,1155,MsPacman
1,1143,1151,MsPacman
1,1139,1147,MsPacman
1,1135,1143,MsPacman
1,1131,1139,MsPacman
1,1127,1135,MsPacman
1,1123,1131,MsPacman
1,1119,1127,MsPacman
1,1115,1123,MsPacman
1,1111,1119,MsPacman
1,1107,1115,MsPacman
1,1103,1111,MsPacman
1,1099,1107,MsPacman
1,1095,1103,MsPacman
1,1091,1099,MsPacman
1,1087,1095,MsPacman
1,1083,1091,MsPacman
1,1079,1087,MsPacman
1,1075,1083,MsPacman
1,1071,1079,MsPacman
1,1067,1075,MsPacman
1,1063,1071,MsPacman
1,1059,1067,MsPacman
1,1055,1063,MsPacman
1,1051,1059,MsPacman
1,1047,1055,MsPacman
1,1043,1051,MsPacman
1,1039,1047,MsPacman
1,1035,1043,MsPacman
1,1031,1039,MsPacman
1,1027,1035,MsPacman
1,1023,1031,MsPacman
1,1019,1027,MsPacman
1,1015,1023,MsPacman
1,1011,1019,MsPacman
1,1007,1015,MsPacman
1,1003,1011,MsPacman
1,999,1007,MsPacman
1,995,1003,MsPacman
1,991,999,MsPacman
1,987,995,MsPacman
1,983,991,MsPacman
1,979,987,MsPacman
1,975,983,MsPacman
1,971,979,MsPacman
1,967,975,MsPacman
1,963,971,MsPacman
1,959,967,MsPacman
1,955,963,MsPacman
1,951,959,MsPacman
1,947,955,MsPacman
1,943,951,MsPacman
1,939,947,MsPacman
1,935,943,MsPacman
1,931,939,MsPacman
1,927,935,MsPacman
1,923,931,MsPacman
1,919,927,MsPacman
1,915,923,MsPacman
1,911,919,MsPacman
1,907,915,MsPacman
1,903,911,MsPacman
1,899,907,MsPacman
1,895,903,MsPacman
1,891,899,MsPacman
1,887,895,MsPacman
1,883,891,MsPacman
1,879,887,MsPacman
1,875,883,MsPacman
1,871,879,MsPacman
1,867,875,MsPacman
1,863,871,MsPacman
1,859,867,MsPacman
1,855,863,MsPacman
1,851,859,MsPacman
1,847,855,MsPacman
1,843,851,MsPacman
1,839,847,MsPacman
1,835,843,MsPacman
1,831,839,MsPacman
1,827,835,MsPacman
1,823,831,MsPacman
1,819,827,MsPacman
1,815,823,MsPacman
1,811,819,MsPacman
1,807,815,MsPacman
1,803,811,MsPacman
1,799,807,MsPacman
1,795,803,MsPacman
1,791,799,MsPacman
1,787,795,MsPacman
1,783,791,MsPacman
1,779,787,MsPacman
1,775,783,MsPacman
1,771,779,MsPacman
1,767,775,MsPacman
1,763,771,MsPacman
1,759,767,MsPacman
1,755,763,MsPacman
1,751,759,MsPacman
1,747,755,MsPacman
1,743,751,MsPacman
1,739,747,MsPacman
1,735,743,MsPacman
1,731,739,MsPacman
1,727,735,MsPacman
1,723,731,MsPacman
1,719,727,MsPacman
1,715,723,MsPacman
1,711,719,MsPacman
1,707,715,MsPacman
1,703,711,MsPacman
1,699,707,MsPacman
1,695,703,MsPacman
1,691,699,MsPacman
1,687,695,MsPacman
1,683,691,MsPacman
1,679,687,MsPacman
1,675,683,MsPacman
1,671,679,MsPacman
1,667,675,MsPacman
1,663,671,MsPacman
1,659,667,MsPacman
1,655,663,MsPacman
1,651,659,MsPacman
1,647,655,MsPacman
1,643,651,MsPacman
1,639,647,MsPacman
1,635,643,MsPacman
1,631,639,MsPacman
1,627,635,MsPacman
1,623,631,MsPacman
1,619,627,MsPacman
1,615,623,MsPacman
1,611,619,MsPacman
1,607,615,MsPacman
1,603,611,MsPacman
1,599,607,MsPacman
1,595,603,MsPacman
1,591,599,MsPacman
1,587,595,MsPacman
1,583,591,MsPacman
1,579,587,MsPacman
1,575,583,MsPacman
1,571,579,MsPacman
1,567,575,MsPacman
1,563,571,MsPacman
1,559,567,MsPacman
1,555,563,MsPacman
1,551,559,MsPacman
1,547,555,MsPacman
1,543,551,MsPacman
1,539,547,MsPacman
1,535,543,MsPacman
1,531,539,MsPacman
1,527,535,MsPacman
1,523,531,MsPacman
1,519,527,MsPacman
1,515,523,MsPacman
1,511,519,MsPacman
1,507,515,MsPacman
1,503,511,MsPacman
1,499,507,MsPacman
1,495,503,MsPacman
1,491,499,MsPacman
1,487,495,MsPacman
1,483,491,MsPacman
1,479,487,MsPacman
1,475,483,MsPacman
1,471,479,MsPacman
1,467,475,MsPacman
1,463,471,MsPacman
1,459,467,MsPacman
1,455,463,MsPacman
1,451,459,MsPacman
1,447,455,MsPacman
1,443,451,MsPacman
1,439,447,MsPacman
1,435,443,MsPacman
1,431,439,MsPacman
1,427,435,MsPacman
1,423,431,MsPacman
1,419,427,MsPacman
1,415,423,MsPacman
1,411,419,MsPacman
1,407,415,MsPacman
1,403,411,MsPacman
1,399,407,MsPacman
1,395,403,MsPacman
1,391,399,MsPacman
1,387,395,MsPacman
1,383,391,MsPacman
1,379,387,MsPacman
1,375,383,MsPacman
1,371,379,MsPacman
1,367,375,MsPacman
1,363,371,MsPacman
1,359,367,MsPacman
1,355,363,MsPacman
1,351,359,MsPacman
1,347,355,MsPacman
1,343,351,MsPacman
1,339,347,MsPacman
1,335,343,MsPacman
1,331,339,MsPacman
1,327,335,MsPacman
1,323,331,MsPacman
1,319,327,MsPacman
1,315,323,MsPacman
1,311,319,MsPacman
1,307,315,MsPacman
1,303,311,MsPacman
1,299,307,MsPacman
1,295,303,MsPacman
1,291,299,MsPacman
1,287,295,MsPacman
1,283,291,MsPacman
1,279,287,MsPacman
1,275,283,MsPacman
1,271,279,MsPacman
1,267,275,MsPacman
1,263,271,MsPacman
1,259,267,MsPacman
1,255,263,MsPacman
1,251,259,MsPacman
1,247,255,MsPacman
1,243,251,MsPacman
1,239,247,MsPacman
1,235,243,MsPacman
1,231,239,MsPacman
1,227,235,MsPacman
1,223,231,MsPacman
1,219,227,MsPacman
1,215,223,MsPacman
1,211,219,MsPacman
1,207,215,MsPacman
1,203,211,MsPacman
1,199,207,MsPacman
1,195,203,MsPacman
1,191,199,MsPacman
1,187,195,MsPacman
1,183,191,MsPacman
1,179,187,MsPacman
1,175,183,MsPacman
1,171,179,MsPacman
1,167,175,MsPacman
1,163,171,MsPacman
1,159,167,MsPacman
1,155,163,MsPacman
1,151,159,MsPacman
1,147,155,MsPacman
1,143,151,MsPacman
1,139,147,MsPacman
1,135,143,MsPacman
1,131,139,MsPacman
1,127,135,MsPacman
1,123,131,MsPacman
1,119,127,MsPacman
1,115,123,MsPacman
1,111,119,MsPacman
1,107,115,MsPacman
1,103,111,MsPacman
1,99,107,MsPacman
1,95,103,MsPacman
1,91,99,MsPacman
1,87,95,MsPacman
1,83,91,MsPacman
1,79,87,MsPacman
1,75,83,MsPacman
1,71,79,MsPacman
1,67,75,MsPacman
1,63,71,MsPacman
1,59,67,MsPacman
1,55,63,MsPacman
1,51,59,MsPacman
1,47,55,MsPacman
1,43,51,MsPacman
1,39,47,MsPacman
1,35,43,MsPacman
1,31,39,MsPacman
1,27,35,MsPacman
1,23,31,MsPacman
1,19,27,MsPacman
1,15,23,MsPacman
1,11,19,MsPacman
1,7,15,MsPacman
1,3,11,MsPacman
1,-1,7,MsPacman
1,-5,3,MsPacman
2,1053,1061,MsPacman
2,1049,1057,MsPacman
2,1045,1053,MsPacman
2,1041,1049,MsPacman
2,1037,1045,MsPacman
2,1033,1041,MsPacman
2,1029,1037,MsPacman
2,1025,1033,MsPacman
2,1021,1029,MsPacman
2,1017,1025,MsPacman
2,1013,1021,MsPacman
2,1009,1017,MsPacman
2,1005,1013,MsPacman
2,1001,1009,MsPacman
2,997,1005,MsPacman
2,993,1001,MsPacman
2,989,997,MsPacman
2,985,993,MsPacman
2,981,989,MsPacman
2,977,985,MsPacman
2,973,981,MsPacman
2,969,977,MsPacman
2,965,973,MsPacman
2,961,969,MsPacman
2,957,965,MsPacman
2,953,961,MsPacman
2,949,957,MsPacman
2,945,953,MsPacman
2,941,949,MsPacman
2,937,945,MsPacman
2,933,941,MsPacman
2,929,937,MsPacman
2,925,933,MsPacman
2,921,929,MsPacman
2,917,925,MsPacman
2,913,921,MsPacman
2,909,917,MsPacman
2,905,913,MsPacman
2,901,909,MsPacman
2,897,905,MsPacman
2,893,901,MsPacman
2,889,897,MsPacman
2,885,893,MsPacman
2,881,889,MsPacman
2,877,885,MsPacman
2,873,881,MsPacman
2,869,877,MsPacman
2,865,873,MsPacman
2,861,869,MsPacman
2,857,865,MsPacman
2,853,861,MsPacman
2,849,857,MsPacman
2,845,853,MsPacman
2,841,849,MsPacman
2,837,845,MsPacman
2,833,841,MsPacman
2,829,837,MsPacman
2,825,833,MsPacman
2,821,829,MsPacman
2,817,825,MsPacman
2,813,821,MsPacman
2,809,817,MsPacman
2,805,813,MsPacman
2,801,809,MsPacman
2,797,805,MsPacman
2,793,801,MsPacman
2,789,797,MsPacman
2,785,793,MsPacman
2,781,789,MsPacman
2,777,785,MsPacman
2,773,781,MsPacman
2,769,777,MsPacman
2,765,773,MsPacman
2,761,769,MsPacman
2,757,765,MsPacman
2,753,761,MsPacman
2,749,757,MsPacman
2,745,753,MsPacman
2,741,749,MsPacman
2,737,745,MsPacman
2,733,741,MsPacman
2,729,737,MsPacman
2,725,733,MsPacman
2,721,729,MsPacman
2,717,725,MsPacman
2,713,721,MsPacman
2,709,717,MsPacman
2,705,713,MsPacman
2,701,709,MsPacman
2,697,705,MsPacman
2,693,701,MsPacman
2,689,697,MsPacman
2,685,693,MsPacman
2,681,689,MsPacman
2,677,685,MsPacman
2,673,681,MsPacman
2,669,677,MsPacman
2,665,673,MsPacman
2,661,669,MsPacman
2,657,665,MsPacman
2,653,661,MsPacman
2,649,657,MsPacman
2,645,653,MsPacman
2,641,649,MsPacman
2,637,645,MsPacman
2,633,641,MsPacman
2,629,637,MsPacman
2,625,633,MsPacman
2,621,629,MsPacman
2,617,625,MsPacman
2,613,621,MsPacman
2,609,617,MsPacman
2,605,613,MsPacman
2,601,609,MsPacman
2,597,605,MsPacman
2,593,601,MsPacman
2,589,597,MsPacman
2,585,593,MsPacman
2,581,589,MsPacman
2,577,585,MsPacman
2,573,581,MsPacman
2,569,577,MsPacman
2,565,573,MsPacman
2,561,569,MsPacman
2,557,565,MsPacman
2,553,561,MsPacman
2,549,557,MsPacman
2,545,553,MsPacman
2,541,549,MsPacman
2,537,545,MsPacman
2,533,541,MsPacman
2,529,537,MsPacman
2,525,533,MsPacman
2,521,529,MsPacman
2,517,525,MsPacman
2,513,521,MsPacman
2,509,517,MsPacman
2,505,513,MsPacman
2,501,509,MsPacman
2,497,505,MsPacman
2,493,501,MsPacman
2,489,497,MsPacman
2,485,493,MsPacman
2,481,489,MsPacman
2,477,485,MsPacman
2,473,481,MsPacman
2,469,477,MsPacman
2,465,473,MsPacman
2,461,469,MsPacman
2,457,465,MsPacman
2,453,461,MsPacman
2,449,457,MsPacman
2,445,453,MsPacman
2,441,449,MsPacman
2,437,445,MsPacman
2,433,441,MsPacman
2,429,437,MsPacman
2,425,433,MsPacman
2,421,429,MsPacman
2,417,425,MsPacman
2,413,421,MsPacman
2,409,417,MsPacman
2,405,413,MsPacman
2,401,409,MsPacman
2,397,405,MsPacman
2,393,401,MsPacman
2,389,397,MsPacman
2,385,393,MsPacman
2,381,389,MsPacman
2,377,385,MsPacman
2,373,381,MsPacman
2,369,377,MsPacman
2,365,373,MsPacman
2,361,369,MsPacman
2,357,365,MsPacman
2,353,361,MsPacman
2,349,357,MsPacman
2,345,353,MsPacman
2,341,349,MsPacman
2,337,345,MsPacman
2,333,341,MsPacman
2,329,337,MsPacman
2,325,333,MsPacman
2,321,329,MsPacman
2,317,325,MsPacman
2,313,321,MsPacman
2,309,317,MsPacman
2,305,313,MsPacman
2,301,309,MsPacman
2,297,305,MsPacman
2,293,301,MsPacman
2,289,297,MsPacman
2,285,293,MsPacman
2,281,289,MsPacman
2,277,285,MsPacman
2,273,281,MsPacman
2,269,277,MsPacman
2,265,273,MsPacman
2,261,269,MsPacman
2,257,265,MsPacman
2,253,261,MsPacman
2,249,257,MsPacman
2,245,253,MsPacman
2,241,249,MsPacman
2,237,245,MsPacman
2,233,241,MsPacman
2,229,237,MsPacman
2,225,233,MsPacman
2,221,229,MsPacman
2,217,225,MsPacman
2,213,221,MsPacman
2,209,217,MsPacman
2,205,213,MsPacman
2,201,209,MsPacman
2,197,205,MsPacman
2,193,201,MsPacman
2,189,197,MsPacman
2,185,193,MsPacman
2,181,189,MsPacman
2,177,185,MsPacman
2,173,181,MsPacman
2,169,177,MsPacman
2,165,173,MsPacman
2,161,169,MsPacman
2,157,165,MsPacman
2,153,161,MsPacman
2,149,157,MsPacman
2,145,153,MsPacman
2,141,149,MsPacman
2,137,145,MsPacman
2,133,141,MsPacman
2,129,137,MsPacman
2,125,133,MsPacman
2,121,129,MsPacman
2,117,125,MsPacman
2,113,121,MsPacman
2,109,117,MsPacman
2,105,113,MsPacman
2,101,109,MsPacman
2,97,105,MsPacman
2,93,101,MsPacman
2,89,97,MsPacman
2,85,93,MsPacman
2,81,89,MsPacman
2,77,85,MsPacman
2,73,81,MsPacman
2,69,77,MsPacman
2,65,73,MsPacman
2,61,69,MsPacman
2,57,65,MsPacman
2,53,61,MsPacman
2,49,57,MsPacman
2,45,53,MsPacman
2,41,49,MsPacman
2,37,45,MsPacman
2,33,41,MsPacman
2,29,37,MsPacman
2,25,33,MsPacman
2,21,29,MsPacman
2,17,25,MsPacman
2,13,21,MsPacman
2,9,17,MsPacman
2,5,13,MsPacman
2,1,9,MsPacman
2,-3,5,MsPacman
2,-7,1,MsPacman
3,951,959,MsPacman
3,947,955,MsPacman
3,943,951,MsPacman
3,939,947,MsPacman
3,935,943,MsPacman
3,931,939,MsPacman
3,927,935,MsPacman
3,923,931,MsPacman
3,919,927,MsPacman
3,915,923,MsPacman
3,911,919,MsPacman
3,907,915,MsPacman
3,903,911,MsPacman
3,899,907,MsPacman
3,895,903,MsPacman
3,891,899,MsPacman
3,887,895,MsPacman
3,883,891,MsPacman
3,879,887,MsPacman
3,875,883,MsPacman
3,871,879,MsPacman
3,867,875,MsPacman
3,863,871,MsPacman
3,859,867,MsPacman
3,855,863,MsPacman
3,851,859,MsPacman
3,847,855,MsPacman
3,843,851,MsPacman
3,839,847,MsPacman
3,835,843,MsPacman
3,831,839,MsPacman
3,827,835,MsPacman
3,823,831,MsPacman
3,819,827,MsPacman
3,815,823,MsPacman
3,811,819,MsPacman
3,807,815,MsPacman
3,803,811,MsPacman
3,799,807,MsPacman
3,795,803,MsPacman
3,791,799,MsPacman
3,787,795,MsPacman
3,783,791,MsPacman
3,779,787,MsPacman
3,775,783,MsPacman
3,771,779,MsPacman
3,767,775,MsPacman
3,763,771,MsPacman
3,759,767,MsPacman
3,755,763,MsPacman
3,751,759,MsPacman
3,747,755,MsPacman
3,743,751,MsPacman
3,739,747,MsPacman
3,735,743,MsPacman
3,731,739,MsPacman
3,727,735,MsPacman
3,723,731,MsPacman
3,719,727,MsPacman
3,715,723,MsPacman
3,711,719,MsPacman
3,707,715,MsPacman
3,703,711,MsPacman
3,699,707,MsPacman
3,695,703,MsPacman
3,691,699,MsPacman
3,687,695,MsPacman
3,683,691,MsPacman
3,679,687,MsPacman
3,675,683,MsPacman
3,671,679,MsPacman
3,667,675,MsPacman
3,663,671,MsPacman
3,659,667,MsPacman
3,655,663,MsPacman
3,651,659,MsPacman
3,647,655,MsPacman
3,643,651,MsPacman
3,639,647,MsPacman
3,635,643,MsPacman
3,631,639,MsPacman
3,627,635,MsPacman
3,623,631,MsPacman
3,619,627,MsPacman
3,615,623,MsPacman
3,611,619,MsPacman
3,607,615,MsPacman
3,603,611,MsPacman
3,599,607,MsPacman
3,595,603,MsPacman
3,591,599,MsPacman
3,587,595,MsPacman
3,583,591,MsPacman
3,579,587,MsPacman
3,575,583,MsPacman
3,571,579,MsPacman
3,567,575,MsPacman
3,563,571,MsPacman
3,559,567,MsPacman
3,555,563,MsPacman
3,551,559,MsPacman
3,547,555,MsPacman
3,543,551,MsPacman
3,539,547,MsPacman
3,535,543,MsPacman
3,531,539,MsPacman
3,527,535,MsPacman
3,523,531,MsPacman
3,519,527,MsPacman
3,515,523,MsPacman
3,511,519,MsPacman
3,507,515,MsPacman
3,503,511,MsPacman
3,499,507,MsPacman
3,495,503,MsPacman
3,491,499,MsPacman
3,487,495,MsPacman
3,483,491,MsPacman
3,479,487,MsPacman
3,475,483,MsPacman
3,471,479,MsPacman
3,467,475,MsPacman
3,463,471,MsPacman
3,459,467,MsPacman
3,455,463,MsPacman
3,451,459,MsPacman
3,447,455,MsPacman
3,443,451,MsPacman
3,439,447,MsPacman
3,435,443,MsPacman
3,431,439,MsPacman
3,427,435,MsPacman
3,423,431,MsPacman
3,419,427,MsPacman
3,415,423,MsPacman
3,411,419,MsPacman
3,407,415,MsPacman
3,403,411,MsPacman
3,399,407,MsPacman
3,395,403,MsPacman
3,391,399,MsPacman
3,387,395,MsPacman
3,383,391,MsPacman
3,379,387,MsPacman
3,375,383,MsPacman
3,371,379,MsPacman
3,367,375,MsPacman
3,363,371,MsPacman
3,359,367,MsPacman
3,355,363,MsPacman
3,351,359,MsPacman
3,347,355,MsPacman
3,343,351,MsPacman
3,339,347,MsPacman
3,335,343,MsPacman
3,331,339,MsPacman
3,327,335,MsPacman
3,323,331,MsPacman
3,319,327,MsPacman
3,315,323,MsPacman
3,311,319,MsPacman
3,307,315,MsPacman
3,303,311,MsPacman
3,299,307,MsPacman
3,295,303,MsPacman
3,291,299,MsPacman
3,287,295,MsPacman
3,283,291,MsPacman
3,279,287,MsPacman
3,275,283,MsPacman
3,271,279,MsPacman
3,267,275,MsPacman
3,263,271,MsPacman
3,259,267,MsPacman
3,255,263,MsPacman
3,251,259,MsPacman
3,247,255,MsPacman
3,243,251,MsPacman
3,239,247,MsPacman
3,235,243,MsPacman
3,231,239,MsPacman
3,227,235,MsPacman
3,223,231,MsPacman
3,219,227,MsPacman
3,215,223,MsPacman
3,211,219,MsPacman
3,207,215,MsPacman
3,203,211,MsPacman
3,199,207,MsPacman
3,195,203,MsPacman
3,191,199,MsPacman
3,187,195,MsPacman
3,183,191,MsPacman
3,179,187,MsPacman
3,175,183,MsPacman
3,171,179,MsPacman
3,167,175,MsPacman
3,163,171,MsPacman
3,159,167,MsPacman
3,155,163,MsPacman
3,151,159,MsPacman
3,147,155,MsPacman
3,143,151,MsPacman
3,139,147,MsPacman
3,135,143,MsPacman
3,131,139,MsPacman
3,127,135,MsPacman
3,123,131,MsPacman
3,119,127,MsPacman
3,115,123,MsPacman
3,111,119,MsPacman
3,107,115,MsPacman
3,103,111,MsPacman
3,99,107,MsPacman
3,95,103,MsPacman
3,91,99,MsPacman
3,87,95,MsPacman
3,83,91,MsPacman
3,79,87,MsPacman
3,75,83,MsPacman
3,71,79,MsPacman
3,67,75,MsPacman
3,63,71,MsPacman
3,59,67,MsPacman
3,55,63,MsPacman
3,51,59,MsPacman
3,47,55,MsPacman
3,43,51,MsPacman
3,39,47,MsPacman
3,35,43,MsPacman
3,31,39,MsPacman
3,27,35,MsPacman
3,23,31,MsPacman
3,19,27,MsPacman
3,15,23,MsPacman
3,11,19,MsPacman
3,7,15,MsPacman
3,3,11,MsPacman
3,-1,7,MsPacman
3,-5,3,MsPacman
4,1129,1137,MsPacman
4,1125,1133,MsPacman
4,1121,1129,MsPacman
4,1117,1125,MsPacman
4,1113,1121,MsPacman
4,1109,1117,MsPacman
4,1105,1113,MsPacman
4,1101,1109,MsPacman
4,1097,1105,MsPacman
4,1093,1101,MsPacman
4,1089,1097,MsPacman
4,1085,1093,MsPacman
4,1081,1089,MsPacman
4,1077,1085,MsPacman
4,1073,1081,MsPacman
4,1069,1077,MsPacman
4,1065,1073,MsPacman
4,1061,1069,MsPacman
4,1057,1065,MsPacman
4,1053,1061,MsPacman
4,1049,1057,MsPacman
4,1045,1053,MsPacman
4,1041,1049,MsPacman
4,1037,1045,MsPacman
4,1033,1041,MsPacman
4,1029,1037,MsPacman
4,1025,1033,MsPacman
4,1021,1029,MsPacman
4,1017,1025,MsPacman
4,1013,1021,MsPacman
4,1009,1017,MsPacman
4,1005,1013,MsPacman
4,1001,1009,MsPacman
4,997,1005,MsPacman
4,993,1001,MsPacman
4,989,997,MsPacman
4,985,993,MsPacman
4,981,989,MsPacman
4,977,985,MsPacman
4,973,981,MsPacman
4,969,977,MsPacman
4,965,973,MsPacman
4,961,969,MsPacman
4,957,965,MsPacman
4,953,961,MsPacman
4,949,957,MsPacman
4,945,953,MsPacman
4,941,949,MsPacman
4,937,945,MsPacman
4,933,941,MsPacman
4,929,937,MsPacman
4,925,933,MsPacman
4,921,929,MsPacman
4,917,925,MsPacman
4,913,921,MsPacman
4,909,917,MsPacman
4,905,913,MsPacman
4,901,909,MsPacman
4,897,905,MsPacman
4,893,901,MsPacman
4,889,897,MsPacman
4,885,893,MsPacman
4,881,889,MsPacman
4,877,885,MsPacman
4,873,881,MsPacman
4,869,877,MsPacman
4,865,873,MsPacman
4,861,869,MsPacman
4,857,865,MsPacman
4,853,861,MsPacman
4,849,857,MsPacman
4,845,853,MsPacman
4,841,849,MsPacman
4,837,845,MsPacman
4,833,841,MsPacman
4,829,837,MsPacman
4,825,833,MsPacman
4,821,829,MsPacman
4,817,825,MsPacman
4,813,821,MsPacman
4,809,817,MsPacman
4,805,813,MsPacman
4,801,809,MsPacman
4,797,805,MsPacman
4,793,801,MsPacman
4,789,797,MsPacman
4,785,793,MsPacman
4,781,789,MsPacman
4,777,785,MsPacman
4,773,781,MsPacman
4,769,777,MsPacman
4,765,773,MsPacman
4,761,769,MsPacman
4,757,765,MsPacman
4,753,761,MsPacman
4,749,757,MsPacman
4,745,753,MsPacman
4,741,749,MsPacman
4,737,745,MsPacman
4,733,741,MsPacman
4,729,737,MsPacman
4,725,733,MsPacman
4,721,729,MsPacman
4,717,725,MsPacman
4,713,721,MsPacman
4,709,717,MsPacman
4,705,713,MsPacman
4,701,709,MsPacman
4,697,705,MsPacman
4,693,701,MsPacman
4,689,697,MsPacman
4,685,693,MsPacman
4,681,689,MsPacman
4,677,685,MsPacman
4,673,681,MsPacman
4,669,677,MsPacman
4,665,673,MsPacman
4,661,669,MsPacman
4,657,665,MsPacman
4,653,661,MsPacman
4,649,657,MsPacman
4,645,653,MsPacman
4,641,649,MsPacman
4,637,645,MsPacman
4,633,641,MsPacman
4,629,637,MsPacman
4,625,633,MsPacman
4,621,629,MsPacman
4,617,625,MsPacman
4,613,621,MsPacman
4,609,617,MsPacman
4,605,613,MsPacman
4,601,609,MsPacman
4,597,605,MsPacman
4,593,601,MsPacman
4,589,597,MsPacman
4,585,593,MsPacman
4,581,589,MsPacman
4,577,585,MsPacman
4,573,581,MsPacman
4,569,577,MsPacman
4,565,573,MsPacman
4,561,569,MsPacman
4,557,565,MsPacman
4,553,561,MsPacman
4,549,557,MsPacman
4,545,553,MsPacman
4,541,549,MsPacman
4,537,545,MsPacman
4,533,541,MsPacman
4,529,537,MsPacman
4,525,533,MsPacman
4,521,529,MsPacman
4,517,525,MsPacman
4,513,521,MsPacman
4,509,517,MsPacman
4,505,513,MsPacman
4,501,509,MsPacman
4,497,505,MsPacman
4,493,501,MsPacman
4,489,497,MsPacman
4,485,493,MsPacman
4,481,489,MsPacman
4,477,485,MsPacman
4,473,481,MsPacman
4,469,477,MsPacman
4,465,473,MsPacman
4,461,469,MsPacman
4,457,465,MsPacman
4,453,461,MsPacman
4,449,457,MsPacman
4,445,453,MsPacman
4,441,449,MsPacman
4,437,445,MsPacman
4,433,441,MsPacman
4,429,437,MsPacman
4,425,433,MsPacman
4,421,429,MsPacman
4,417,425,MsPacman
4,413,421,MsPacman
4,409,417,MsPacman
4,405,413,MsPacman
4,401,409,MsPacman
4,397,405,MsPacman
4,393,401,MsPacman
4,389,397,MsPacman
4,385,393,MsPacman
4,381,389,MsPacman
4,377,385,MsPacman
4,373,381,MsPacman
4,369,377,MsPacman
4,365,373,MsPacman
4,361,369,MsPacman
4,357,365,MsPacman
4,353,361,MsPacman
4,349,357,MsPacman
4,345,353,MsPacman
4,341,349,MsPacman
4,337,345,MsPacman
4,333,341,MsPacman
4,329,337,MsPacman
4,325,333,MsPacman
4,321,329,MsPacman
4,317,325,MsPacman
4,313,321,MsPacman
4,309,317,MsPacman
4,305,313,MsPacman
4,301,309,MsPacman
4,297,305,MsPacman
4,293,301,MsPacman
4,289,297,MsPacman
4,285,293,MsPacman
4,281,289,MsPacman
4,277,285,MsPacman
4,273,281,MsPacman
4,269,277,MsPacman
4,265,273,MsPacman
4,261,269,MsPacman
4,257,265,MsPacman
4,253,261,MsPacman
4,249,257,MsPacman
4,245,253,MsPacman
4,241,249,MsPacman
4,237,245,MsPacman
4,233,241,MsPacman
4,229,237,MsPacman
4,225,233,MsPacman
4,221,229,MsPacman
4,217,225,MsPacman
4,213,221,MsPacman
4,209,217,MsPacman
4,205,213,MsPacman
4,201,209,MsPacman
4,197,205,MsPacman
4,193,201,MsPacman
4,189,197,MsPacman
4,185,193,MsPacman
4,181,189,MsPacman
4,177,185,MsPacman
4,173,181,MsPacman
4,169,177,MsPacman
4,165,173,MsPacman
4,161,169,MsPacman
4,157,165,MsPacman
4,153,161,MsPacman
4,149,157,MsPacman
4,145,153,MsPacman
4,141,149,MsPacman
4,137,145,MsPacman
4,133,141,MsPacman
4,129,137,MsPacman
4,125,133,MsPacman
4,121,129,MsPacman
4,117,125,MsPacman
4,113,121,MsPacman
4,109,117,MsPacman
4,105,113,MsPacman
4,101,109,MsPacman
4,97,105,MsPacman
4,93,101,MsPacman
4,89,97,MsPacman
4,85,93,MsPacman
4,81,89,MsPacman
4,77,85,MsPacman
4,73,81,MsPacman
4,69,77,MsPacman
4,65,73,MsPacman
4,61,69,MsPacman
4,57,65,MsPacman
4,53,61,MsPacman
4,49,57,MsPacman
4,45,53,MsPacman
4,41,49,MsPacman
4,37,45,MsPacman
4,33,41,MsPacman
4,29,37,MsPacman
4,25,33,MsPacman
4,21,29,MsPacman
4,17,25,MsPacman
4,13,21,MsPacman
4,9,17,MsPacman
4,5,13,MsPacman
4,1,9,MsPacman
4,-3,5,MsPacman
4,-7,1,MsPacman
