Episode index,Start index,End index,Environment
0,0,8,MsPacman
0,1,9,MsPacman
0,2,10,MsPacman
0,3,11,MsPacman
0,4,12,MsPacman
0,5,13,MsPacman
0,6,14,MsPacman
0,7,15,MsPacman
0,8,16,MsPacman
0,9,17,MsPacman
0,10,18,MsPacman
0,11,19,MsPacman
0,12,20,MsPacman
0,13,21,MsPacman
0,14,22,MsPacman
0,15,23,MsPacman
0,16,24,MsPacman
0,17,25,MsPacman
0,18,26,MsPacman
0,19,27,MsPacman
0,20,28,MsPacman
0,21,29,MsPacman
0,22,30,MsPacman
0,23,31,MsPacman
0,24,32,MsPacman
0,25,33,MsPacman
0,26,34,MsPacman
0,27,35,MsPacman
0,28,36,MsPacman
0,29,37,MsPacman
0,30,38,MsPacman
0,31,39,MsPacman
0,32,40,MsPacman
0,33,41,MsPacman
0,34,42,MsPacman
0,35,43,MsPacman
0,36,44,MsPacman
0,37,45,MsPacman
0,38,46,MsPacman
0,39,47,MsPacman
0,40,48,MsPacman
0,41,49,MsPacman
0,42,50,MsPacman
0,43,51,MsPacman
0,44,52,MsPacman
0,45,53,MsPacman
0,46,54,MsPacman
0,47,55,MsPacman
0,48,56,MsPacman
0,49,57,MsPacman
0,50,58,MsPacman
0,51,59,MsPacman
0,52,60,MsPacman
0,53,61,MsPacman
0,54,62,MsPacman
0,55,63,MsPacman
0,56,64,MsPacman
0,57,65,MsPacman
0,58,66,MsPacman
0,59,67,MsPacman
0,60,68,MsPacman
0,61,69,MsPacman
0,62,70,MsPacman
0,63,71,MsPacman
0,64,72,MsPacman
0,65,73,MsPacman
0,66,74,MsPacman
0,67,75,MsPacman
0,68,76,MsPacman
0,69,77,MsPacman
0,70,78,MsPacman
0,71,79,MsPacman
0,72,80,MsPacman
0,73,81,MsPacman
0,74,82,MsPacman
0,75,83,MsPacman
0,76,84,MsPacman
0,77,85,MsPacman
0,78,86,MsPacman
0,79,87,MsPacman
0,80,88,MsPacman
0,81,89,MsPacman
0,82,90,MsPacman
0,83,91,MsPacman
0,84,92,MsPacman
0,85,93,MsPacman
0,86,94,MsPacman
0,87,95,MsPacman
0,88,96,MsPacman
0,89,97,MsPacman
0,90,98,MsPacman
0,91,99,MsPacman
0,92,100,MsPacman
0,93,101,MsPacman
0,94,102,MsPacman
0,95,103,MsPacman
0,96,104,MsPacman
0,97,105,MsPacman
0,98,106,MsPacman
0,99,107,MsPacman
0,100,108,MsPacman
0,101,109,MsPacman
0,102,110,MsPacman
0,103,111,MsPacman
0,104,112,MsPacman
0,105,113,MsPacman
0,106,114,MsPacman
0,107,115,MsPacman
0,108,116,MsPacman
0,109,117,MsPacman
0,110,118,MsPacman
0,111,119,MsPacman
0,112,120,MsPacman
0,113,121,MsPacman
0,114,122,MsPacman
0,115,123,MsPacman
0,116,124,MsPacman
0,117,125,MsPacman
0,118,126,MsPacman
0,119,127,MsPacman
0,120,128,MsPacman
0,121,129,MsPacman
0,122,130,MsPacman
0,123,131,MsPacman
0,124,132,MsPacman
0,125,133,MsPacman
0,126,134,MsPacman
0,127,135,MsPacman
0,128,136,MsPacman
0,129,137,MsPacman
0,130,138,MsPacman
0,131,139,MsPacman
0,132,140,MsPacman
0,133,141,MsPacman
0,134,142,MsPacman
0,135,143,MsPacman
0,136,144,MsPacman
0,137,145,MsPacman
0,138,146,MsPacman
0,139,147,MsPacman
0,140,148,MsPacman
0,141,149,MsPacman
0,142,150,MsPacman
0,143,151,MsPacman
0,144,152,MsPacman
0,145,153,MsPacman
0,146,154,MsPacman
0,147,155,MsPacman
0,148,156,MsPacman
0,149,157,MsPacman
0,150,158,MsPacman
0,151,159,MsPacman
0,152,160,MsPacman
0,153,161,MsPacman
0,154,162,MsPacman
0,155,163,MsPacman
0,156,164,MsPacman
0,157,165,MsPacman
0,158,166,MsPacman
0,159,167,MsPacman
0,160,168,MsPacman
0,161,169,MsPacman
0,162,170,MsPacman
0,163,171,MsPacman
0,164,172,MsPacman
0,165,173,MsPacman
0,166,174,MsPacman
0,167,175,MsPacman
0,168,176,MsPacman
0,169,177,MsPacman
0,170,178,MsPacman
0,171,179,MsPacman
0,172,180,MsPacman
0,173,181,MsPacman
0,174,182,MsPacman
0,175,183,MsPacman
0,176,184,MsPacman
0,177,185,MsPacman
0,178,186,MsPacman
0,179,187,MsPacman
0,180,188,MsPacman
0,181,189,MsPacman
0,182,190,MsPacman
0,183,191,MsPacman
0,184,192,MsPacman
0,185,193,MsPacman
0,186,194,MsPacman
0,187,195,MsPacman
0,188,196,MsPacman
0,189,197,MsPacman
0,190,198,MsPacman
0,191,199,MsPacman
0,192,200,MsPacman
0,193,201,MsPacman
0,194,202,MsPacman
0,195,203,MsPacman
0,196,204,MsPacman
0,197,205,MsPacman
0,198,206,MsPacman
0,199,207,MsPacman
0,200,208,MsPacman
0,201,209,MsPacman
0,202,210,MsPacman
0,203,211,MsPacman
0,204,212,MsPacman
0,205,213,MsPacman
0,206,214,MsPacman
0,207,215,MsPacman
0,208,216,MsPacman
0,209,217,MsPacman
0,210,218,MsPacman
0,211,219,MsPacman
0,212,220,MsPacman
0,213,221,MsPacman
0,214,222,MsPacman
0,215,223,MsPacman
0,216,224,MsPacman
0,217,225,MsPacman
0,218,226,MsPacman
0,219,227,MsPacman
0,220,228,MsPacman
0,221,229,MsPacman
0,222,230,MsPacman
0,223,231,MsPacman
0,224,232,MsPacman
0,225,233,MsPacman
0,226,234,MsPacman
0,227,235,MsPacman
0,228,236,MsPacman
0,229,237,MsPacman
0,230,238,MsPacman
0,231,239,MsPacman
0,232,240,MsPacman
0,233,241,MsPacman
0,234,242,MsPacman
0,235,243,MsPacman
0,236,244,MsPacman
0,237,245,MsPacman
0,238,246,MsPacman
0,239,247,MsPacman
0,240,248,MsPacman
0,241,249,MsPacman
0,242,250,MsPacman
0,243,251,MsPacman
0,244,252,MsPacman
0,245,253,MsPacman
0,246,254,MsPacman
0,247,255,MsPacman
0,248,256,MsPacman
0,249,257,MsPacman
0,250,258,MsPacman
0,251,259,MsPacman
0,252,260,MsPacman
0,253,261,MsPacman
0,254,262,MsPacman
0,255,263,MsPacman
0,256,264,MsPacman
0,257,265,MsPacman
0,258,266,MsPacman
0,259,267,MsPacman
0,260,268,MsPacman
0,261,269,MsPacman
0,262,270,MsPacman
0,263,271,MsPacman
0,264,272,MsPacman
0,265,273,MsPacman
0,266,274,MsPacman
0,267,275,MsPacman
0,268,276,MsPacman
0,269,277,MsPacman
0,270,278,MsPacman
0,271,279,MsPacman
0,272,280,MsPacman
0,273,281,MsPacman
0,274,282,MsPacman
0,275,283,MsPacman
0,276,284,MsPacman
0,277,285,MsPacman
0,278,286,MsPacman
0,279,287,MsPacman
0,280,288,MsPacman
0,281,289,MsPacman
0,282,290,MsPacman
0,283,291,MsPacman
0,284,292,MsPacman
0,285,293,MsPacman
0,286,294,MsPacman
0,287,295,MsPacman
0,288,296,MsPacman
0,289,297,MsPacman
0,290,298,MsPacman
0,291,299,MsPacman
0,292,300,MsPacman
0,293,301,MsPacman
0,294,302,MsPacman
0,295,303,MsPacman
0,296,304,MsPacman
0,297,305,MsPacman
0,298,306,MsPacman
0,299,307,MsPacman
0,300,308,MsPacman
0,301,309,MsPacman
0,302,310,MsPacman
0,303,311,MsPacman
0,304,312,MsPacman
0,305,313,MsPacman
0,306,314,MsPacman
0,307,315,MsPacman
0,308,316,MsPacman
0,309,317,MsPacman
0,310,318,MsPacman
0,311,319,MsPacman
0,312,320,MsPacman
0,313,321,MsPacman
0,314,322,MsPacman
0,315,323,MsPacman
0,316,324,MsPacman
0,317,325,MsPacman
0,318,326,MsPacman
0,319,327,MsPacman
0,320,328,MsPacman
0,321,329,MsPacman
0,322,330,MsPacman
0,323,331,MsPacman
0,324,332,MsPacman
0,325,333,MsPacman
0,326,334,MsPacman
0,327,335,MsPacman
0,328,336,MsPacman
0,329,337,MsPacman
0,330,338,MsPacman
0,331,339,MsPacman
0,332,340,MsPacman
0,333,341,MsPacman
0,334,342,MsPacman
0,335,343,MsPacman
0,336,344,MsPacman
0,337,345,MsPacman
0,338,346,MsPacman
0,339,347,MsPacman
0,340,348,MsPacman
0,341,349,MsPacman
0,342,350,MsPacman
0,343,351,MsPacman
0,344,352,MsPacman
0,345,353,MsPacman
0,346,354,MsPacman
0,347,355,MsPacman
0,348,356,MsPacman
0,349,357,MsPacman
0,350,358,MsPacman
0,351,359,MsPacman
0,352,360,MsPacman
0,353,361,MsPacman
0,354,362,MsPacman
0,355,363,MsPacman
0,356,364,MsPacman
0,357,365,MsPacman
0,358,366,MsPacman
0,359,367,MsPacman
0,360,368,MsPacman
0,361,369,MsPacman
0,362,370,MsPacman
0,363,371,MsPacman
0,364,372,MsPacman
0,365,373,MsPacman
0,366,374,MsPacman
0,367,375,MsPacman
0,368,376,MsPacman
0,369,377,MsPacman
0,370,378,MsPacman
0,371,379,MsPacman
0,372,380,MsPacman
0,373,381,MsPacman
0,374,382,MsPacman
0,375,383,MsPacman
0,376,384,MsPacman
0,377,385,MsPacman
0,378,386,MsPacman
0,379,387,MsPacman
0,380,388,MsPacman
0,381,389,MsPacman
0,382,390,MsPacman
0,383,391,MsPacman
0,384,392,MsPacman
0,385,393,MsPacman
0,386,394,MsPacman
0,387,395,MsPacman
0,388,396,MsPacman
0,389,397,MsPacman
0,390,398,MsPacman
0,391,399,MsPacman
0,392,400,MsPacman
0,393,401,MsPacman
0,394,402,MsPacman
0,395,403,MsPacman
0,396,404,MsPacman
0,397,405,MsPacman
0,398,406,MsPacman
0,399,407,MsPacman
0,400,408,MsPacman
0,401,409,MsPacman
0,402,410,MsPacman
0,403,411,MsPacman
0,404,412,MsPacman
0,405,413,MsPacman
0,406,414,MsPacman
0,407,415,MsPacman
0,408,416,MsPacman
0,409,417,MsPacman
0,410,418,MsPacman
0,411,419,MsPacman
0,412,420,MsPacman
0,413,421,MsPacman
0,414,422,MsPacman
0,415,423,MsPacman
0,416,424,MsPacman
0,417,425,MsPacman
0,418,426,MsPacman
0,419,427,MsPacman
0,420,428,MsPacman
0,421,429,MsPacman
0,422,430,MsPacman
0,423,431,MsPacman
0,424,432,MsPacman
0,425,433,MsPacman
0,426,434,MsPacman
0,427,435,MsPacman
0,428,436,MsPacman
0,429,437,MsPacman
0,430,438,MsPacman
0,431,439,MsPacman
0,432,440,MsPacman
0,433,441,MsPacman
0,434,442,MsPacman
0,435,443,MsPacman
0,436,444,MsPacman
0,437,445,MsPacman
0,438,446,MsPacman
0,439,447,MsPacman
0,440,448,MsPacman
0,441,449,MsPacman
0,442,450,MsPacman
0,443,451,MsPacman
0,444,452,MsPacman
0,445,453,MsPacman
0,446,454,MsPacman
0,447,455,MsPacman
0,448,456,MsPacman
0,449,457,MsPacman
0,450,458,MsPacman
0,451,459,MsPacman
0,452,460,MsPacman
0,453,461,MsPacman
0,454,462,MsPacman
0,455,463,MsPacman
0,456,464,MsPacman
0,457,465,MsPacman
0,458,466,MsPacman
0,459,467,MsPacman
0,460,468,MsPacman
0,461,469,MsPacman
0,462,470,MsPacman
0,463,471,MsPacman
0,464,472,MsPacman
0,465,473,MsPacman
0,466,474,MsPacman
0,467,475,MsPacman
0,468,476,MsPacman
0,469,477,MsPacman
0,470,478,MsPacman
0,471,479,MsPacman
0,472,480,MsPacman
0,473,481,MsPacman
0,474,482,MsPacman
0,475,483,MsPacman
0,476,484,MsPacman
0,477,485,MsPacman
0,478,486,MsPacman
0,479,487,MsPacman
0,480,488,MsPacman
0,481,489,MsPacman
0,482,490,MsPacman
0,483,491,MsPacman
0,484,492,MsPacman
0,485,493,MsPacman
0,486,494,MsPacman
0,487,495,MsPacman
0,488,496,MsPacman
0,489,497,MsPacman
0,490,498,MsPacman
0,491,499,MsPacman
0,492,500,MsPacman
0,493,501,MsPacman
0,494,502,MsPacman
0,495,503,MsPacman
0,496,504,MsPacman
0,497,505,MsPacman
0,498,506,MsPacman
0,499,507,MsPacman
0,500,508,MsPacman
0,501,509,MsPacman
0,502,510,MsPacman
0,503,511,MsPacman
0,504,512,MsPacman
0,505,513,MsPacman
0,506,514,MsPacman
0,507,515,MsPacman
0,508,516,MsPacman
0,509,517,MsPacman
0,510,518,MsPacman
0,511,519,MsPacman
0,512,520,MsPacman
0,513,521,MsPacman
0,514,522,MsPacman
0,515,523,MsPacman
0,516,524,MsPacman
0,517,525,MsPacman
0,518,526,MsPacman
0,519,527,MsPacman
0,520,528,MsPacman
0,521,529,MsPacman
0,522,530,MsPacman
0,523,531,MsPacman
0,524,532,MsPacman
0,525,533,MsPacman
0,526,534,MsPacman
0,527,535,MsPacman
0,528,536,MsPacman
0,529,537,MsPacman
0,530,538,MsPacman
0,531,539,MsPacman
0,532,540,MsPacman
0,533,541,MsPacman
0,534,542,MsPacman
0,535,543,MsPacman
0,536,544,MsPacman
0,537,545,MsPacman
0,538,546,MsPacman
0,539,547,MsPacman
0,540,548,MsPacman
0,541,549,MsPacman
0,542,550,MsPacman
0,543,551,MsPacman
0,544,552,MsPacman
0,545,553,MsPacman
0,546,554,MsPacman
0,547,555,MsPacman
0,548,556,MsPacman
0,549,557,MsPacman
0,550,558,MsPacman
0,551,559,MsPacman
0,552,560,MsPacman
0,553,561,MsPacman
0,554,562,MsPacman
0,555,563,MsPacman
0,556,564,MsPacman
0,557,565,MsPacman
0,558,566,MsPacman
0,559,567,MsPacman
0,560,568,MsPacman
0,561,569,MsPacman
0,562,570,MsPacman
0,563,571,MsPacman
0,564,572,MsPacman
0,565,573,MsPacman
0,566,574,MsPacman
0,567,575,MsPacman
0,568,576,MsPacman
0,569,577,MsPacman
0,570,578,MsPacman
0,571,579,MsPacman
0,572,580,MsPacman
0,573,581,MsPacman
0,574,582,MsPacman
0,575,583,MsPacman
0,576,584,MsPacman
0,577,585,MsPacman
0,578,586,MsPacman
0,579,587,MsPacman
0,580,588,MsPacman
0,581,589,MsPacman
0,582,590,MsPacman
0,583,591,MsPacman
0,584,592,MsPacman
0,585,593,MsPacman
0,586,594,MsPacman
0,587,595,MsPacman
0,588,596,MsPacman
0,589,597,MsPacman
0,590,598,MsPacman
0,591,599,MsPacman
0,592,600,MsPacman
0,593,601,MsPacman
0,594,602,MsPacman
0,595,603,MsPacman
0,596,604,MsPacman
0,597,605,MsPacman
0,598,606,MsPacman
0,599,607,MsPacman
0,600,608,MsPacman
0,601,609,MsPacman
0,602,610,MsPacman
0,603,611,MsPacman
0,604,612,MsPacman
0,605,613,MsPacman
1,0,8,MsPacman
1,1,9,MsPacman
1,2,10,MsPacman
1,3,11,MsPacman
1,4,12,MsPacman
1,5,13,MsPacman
1,6,14,MsPacman
1,7,15,MsPacman
1,8,16,MsPacman
1,9,17,MsPacman
1,10,18,MsPacman
1,11,19,MsPacman
1,12,20,MsPacman
1,13,21,MsPacman
1,14,22,MsPacman
1,15,23,MsPacman
1,16,24,MsPacman
1,17,25,MsPacman
1,18,26,MsPacman
1,19,27,MsPacman
1,20,28,MsPacman
1,21,29,MsPacman
1,22,30,MsPacman
1,23,31,MsPacman
1,24,32,MsPacman
1,25,33,MsPacman
1,26,34,MsPacman
1,27,35,MsPacman
1,28,36,MsPacman
1,29,37,MsPacman
1,30,38,MsPacman
1,31,39,MsPacman
1,32,40,MsPacman
1,33,41,MsPacman
1,34,42,MsPacman
1,35,43,MsPacman
1,36,44,MsPacman
1,37,45,MsPacman
1,38,46,MsPacman
1,39,47,MsPacman
1,40,48,MsPacman
1,41,49,MsPacman
1,42,50,MsPacman
1,43,51,MsPacman
1,44,52,MsPacman
1,45,53,MsPacman
1,46,54,MsPacman
1,47,55,MsPacman
1,48,56,MsPacman
1,49,57,MsPacman
1,50,58,MsPacman
1,51,59,MsPacman
1,52,60,MsPacman
1,53,61,MsPacman
1,54,62,MsPacman
1,55,63,MsPacman
1,56,64,MsPacman
1,57,65,MsPacman
1,58,66,MsPacman
1,59,67,MsPacman
1,60,68,MsPacman
1,61,69,MsPacman
1,62,70,MsPacman
1,63,71,MsPacman
1,64,72,MsPacman
1,65,73,MsPacman
1,66,74,MsPacman
1,67,75,MsPacman
1,68,76,MsPacman
1,69,77,MsPacman
1,70,78,MsPacman
1,71,79,MsPacman
1,72,80,MsPacman
1,73,81,MsPacman
1,74,82,MsPacman
1,75,83,MsPacman
1,76,84,MsPacman
1,77,85,MsPacman
1,78,86,MsPacman
1,79,87,MsPacman
1,80,88,MsPacman
1,81,89,MsPacman
1,82,90,MsPacman
1,83,91,MsPacman
1,84,92,MsPacman
1,85,93,MsPacman
1,86,94,MsPacman
1,87,95,MsPacman
1,88,96,MsPacman
1,89,97,MsPacman
1,90,98,MsPacman
1,91,99,MsPacman
1,92,100,MsPacman
1,93,101,MsPacman
1,94,102,MsPacman
1,95,103,MsPacman
1,96,104,MsPacman
1,97,105,MsPacman
1,98,106,MsPacman
1,99,107,MsPacman
1,100,108,MsPacman
1,101,109,MsPacman
1,102,110,MsPacman
1,103,111,MsPacman
1,104,112,MsPacman
1,105,113,MsPacman
1,106,114,MsPacman
1,107,115,MsPacman
1,108,116,MsPacman
1,109,117,MsPacman
1,110,118,MsPacman
1,111,119,MsPacman
1,112,120,MsPacman
1,113,121,MsPacman
1,114,122,MsPacman
1,115,123,MsPacman
1,116,124,MsPacman
1,117,125,MsPacman
1,118,126,MsPacman
1,119,127,MsPacman
1,120,128,MsPacman
1,121,129,MsPacman
1,122,130,MsPacman
1,123,131,MsPacman
1,124,132,MsPacman
1,125,133,MsPacman
1,126,134,MsPacman
1,127,135,MsPacman
1,128,136,MsPacman
1,129,137,MsPacman
1,130,138,MsPacman
1,131,139,MsPacman
1,132,140,MsPacman
1,133,141,MsPacman
1,134,142,MsPacman
1,135,143,MsPacman
1,136,144,MsPacman
1,137,145,MsPacman
1,138,146,MsPacman
1,139,147,MsPacman
1,140,148,MsPacman
1,141,149,MsPacman
1,142,150,MsPacman
1,143,151,MsPacman
1,144,152,MsPacman
1,145,153,MsPacman
1,146,154,MsPacman
1,147,155,MsPacman
1,148,156,MsPacman
1,149,157,MsPacman
1,150,158,MsPacman
1,151,159,MsPacman
1,152,160,MsPacman
1,153,161,MsPacman
1,154,162,MsPacman
1,155,163,MsPacman
1,156,164,MsPacman
1,157,165,MsPacman
1,158,166,MsPacman
1,159,167,MsPacman
1,160,168,MsPacman
1,161,169,MsPacman
1,162,170,MsPacman
1,163,171,MsPacman
1,164,172,MsPacman
1,165,173,MsPacman
1,166,174,MsPacman
1,167,175,MsPacman
1,168,176,MsPacman
1,169,177,MsPacman
1,170,178,MsPacman
1,171,179,MsPacman
1,172,180,MsPacman
1,173,181,MsPacman
1,174,182,MsPacman
1,175,183,MsPacman
1,176,184,MsPacman
1,177,185,MsPacman
1,178,186,MsPacman
1,179,187,MsPacman
1,180,188,MsPacman
1,181,189,MsPacman
1,182,190,MsPacman
1,183,191,MsPacman
1,184,192,MsPacman
1,185,193,MsPacman
1,186,194,MsPacman
1,187,195,MsPacman
1,188,196,MsPacman
1,189,197,MsPacman
1,190,198,MsPacman
1,191,199,MsPacman
1,192,200,MsPacman
1,193,201,MsPacman
1,194,202,MsPacman
1,195,203,MsPacman
1,196,204,MsPacman
1,197,205,MsPacman
1,198,206,MsPacman
1,199,207,MsPacman
1,200,208,MsPacman
1,201,209,MsPacman
1,202,210,MsPacman
1,203,211,MsPacman
1,204,212,MsPacman
1,205,213,MsPacman
1,206,214,MsPacman
1,207,215,MsPacman
1,208,216,MsPacman
1,209,217,MsPacman
1,210,218,MsPacman
1,211,219,MsPacman
1,212,220,MsPacman
1,213,221,MsPacman
1,214,222,MsPacman
1,215,223,MsPacman
1,216,224,MsPacman
1,217,225,MsPacman
1,218,226,MsPacman
1,219,227,MsPacman
1,220,228,MsPacman
1,221,229,MsPacman
1,222,230,MsPacman
1,223,231,MsPacman
1,224,232,MsPacman
1,225,233,MsPacman
1,226,234,MsPacman
1,227,235,MsPacman
1,228,236,MsPacman
1,229,237,MsPacman
1,230,238,MsPacman
1,231,239,MsPacman
1,232,240,MsPacman
1,233,241,MsPacman
1,234,242,MsPacman
1,235,243,MsPacman
1,236,244,MsPacman
1,237,245,MsPacman
1,238,246,MsPacman
1,239,247,MsPacman
1,240,248,MsPacman
1,241,249,MsPacman
1,242,250,MsPacman
1,243,251,MsPacman
1,244,252,MsPacman
1,245,253,MsPacman
1,246,254,MsPacman
1,247,255,MsPacman
1,248,256,MsPacman
1,249,257,MsPacman
1,250,258,MsPacman
1,251,259,MsPacman
1,252,260,MsPacman
1,253,261,MsPacman
1,254,262,MsPacman
1,255,263,MsPacman
1,256,264,MsPacman
1,257,265,MsPacman
1,258,266,MsPacman
1,259,267,MsPacman
1,260,268,MsPacman
1,261,269,MsPacman
1,262,270,MsPacman
1,263,271,MsPacman
1,264,272,MsPacman
1,265,273,MsPacman
1,266,274,MsPacman
1,267,275,MsPacman
1,268,276,MsPacman
1,269,277,MsPacman
1,270,278,MsPacman
1,271,279,MsPacman
1,272,280,MsPacman
1,273,281,MsPacman
1,274,282,MsPacman
1,275,283,MsPacman
1,276,284,MsPacman
1,277,285,MsPacman
1,278,286,MsPacman
1,279,287,MsPacman
1,280,288,MsPacman
1,281,289,MsPacman
1,282,290,MsPacman
1,283,291,MsPacman
1,284,292,MsPacman
1,285,293,MsPacman
1,286,294,MsPacman
1,287,295,MsPacman
1,288,296,MsPacman
1,289,297,MsPacman
1,290,298,MsPacman
1,291,299,MsPacman
1,292,300,MsPacman
1,293,301,MsPacman
1,294,302,MsPacman
1,295,303,MsPacman
1,296,304,MsPacman
1,297,305,MsPacman
1,298,306,MsPacman
1,299,307,MsPacman
1,300,308,MsPacman
1,301,309,MsPacman
1,302,310,MsPacman
1,303,311,MsPacman
1,304,312,MsPacman
1,305,313,MsPacman
1,306,314,MsPacman
1,307,315,MsPacman
1,308,316,MsPacman
1,309,317,MsPacman
1,310,318,MsPacman
1,311,319,MsPacman
1,312,320,MsPacman
1,313,321,MsPacman
1,314,322,MsPacman
1,315,323,MsPacman
1,316,324,MsPacman
1,317,325,MsPacman
1,318,326,MsPacman
1,319,327,MsPacman
1,320,328,MsPacman
1,321,329,MsPacman
1,322,330,MsPacman
1,323,331,MsPacman
1,324,332,MsPacman
1,325,333,MsPacman
1,326,334,MsPacman
1,327,335,MsPacman
1,328,336,MsPacman
1,329,337,MsPacman
1,330,338,MsPacman
1,331,339,MsPacman
1,332,340,MsPacman
1,333,341,MsPacman
1,334,342,MsPacman
1,335,343,MsPacman
1,336,344,MsPacman
1,337,345,MsPacman
1,338,346,MsPacman
1,339,347,MsPacman
1,340,348,MsPacman
1,341,349,MsPacman
1,342,350,MsPacman
1,343,351,MsPacman
1,344,352,MsPacman
1,345,353,MsPacman
1,346,354,MsPacman
1,347,355,MsPacman
1,348,356,MsPacman
1,349,357,MsPacman
1,350,358,MsPacman
1,351,359,MsPacman
1,352,360,MsPacman
1,353,361,MsPacman
1,354,362,MsPacman
1,355,363,MsPacman
1,356,364,MsPacman
1,357,365,MsPacman
1,358,366,MsPacman
1,359,367,MsPacman
1,360,368,MsPacman
1,361,369,MsPacman
1,362,370,MsPacman
1,363,371,MsPacman
1,364,372,MsPacman
1,365,373,MsPacman
1,366,374,MsPacman
1,367,375,MsPacman
1,368,376,MsPacman
1,369,377,MsPacman
1,370,378,MsPacman
1,371,379,MsPacman
1,372,380,MsPacman
1,373,381,MsPacman
1,374,382,MsPacman
1,375,383,MsPacman
1,376,384,MsPacman
1,377,385,MsPacman
1,378,386,MsPacman
1,379,387,MsPacman
1,380,388,MsPacman
1,381,389,MsPacman
1,382,390,MsPacman
1,383,391,MsPacman
1,384,392,MsPacman
1,385,393,MsPacman
1,386,394,MsPacman
1,387,395,MsPacman
1,388,396,MsPacman
1,389,397,MsPacman
1,390,398,MsPacman
1,391,399,MsPacman
1,392,400,MsPacman
1,393,401,MsPacman
1,394,402,MsPacman
1,395,403,MsPacman
1,396,404,MsPacman
1,397,405,MsPacman
1,398,406,MsPacman
1,399,407,MsPacman
1,400,408,MsPacman
1,401,409,MsPacman
1,402,410,MsPacman
1,403,411,MsPacman
1,404,412,MsPacman
1,405,413,MsPacman
1,406,414,MsPacman
1,407,415,MsPacman
1,408,416,MsPacman
1,409,417,MsPacman
1,410,418,MsPacman
1,411,419,MsPacman
1,412,420,MsPacman
1,413,421,MsPacman
1,414,422,MsPacman
1,415,423,MsPacman
1,416,424,MsPacman
1,417,425,MsPacman
1,418,426,MsPacman
1,419,427,MsPacman
1,420,428,MsPacman
1,421,429,MsPacman
1,422,430,MsPacman
1,423,431,MsPacman
1,424,432,MsPacman
1,425,433,MsPacman
1,426,434,MsPacman
1,427,435,MsPacman
1,428,436,MsPacman
1,429,437,MsPacman
1,430,438,MsPacman
1,431,439,MsPacman
1,432,440,MsPacman
1,433,441,MsPacman
1,434,442,MsPacman
1,435,443,MsPacman
1,436,444,MsPacman
1,437,445,MsPacman
1,438,446,MsPacman
1,439,447,MsPacman
1,440,448,MsPacman
1,441,449,MsPacman
1,442,450,MsPacman
1,443,451,MsPacman
1,444,452,MsPacman
1,445,453,MsPacman
1,446,454,MsPacman
1,447,455,MsPacman
1,448,456,MsPacman
1,449,457,MsPacman
1,450,458,MsPacman
1,451,459,MsPacman
1,452,460,MsPacman
1,453,461,MsPacman
1,454,462,MsPacman
1,455,463,MsPacman
1,456,464,MsPacman
1,457,465,MsPacman
1,458,466,MsPacman
1,459,467,MsPacman
1,460,468,MsPacman
1,461,469,MsPacman
1,462,470,MsPacman
1,463,471,MsPacman
1,464,472,MsPacman
1,465,473,MsPacman
1,466,474,MsPacman
1,467,475,MsPacman
1,468,476,MsPacman
1,469,477,MsPacman
1,470,478,MsPacman
1,471,479,MsPacman
1,472,480,MsPacman
1,473,481,MsPacman
1,474,482,MsPacman
1,475,483,MsPacman
1,476,484,MsPacman
1,477,485,MsPacman
1,478,486,MsPacman
1,479,487,MsPacman
1,480,488,MsPacman
1,481,489,MsPacman
1,482,490,MsPacman
1,483,491,MsPacman
1,484,492,MsPacman
1,485,493,MsPacman
1,486,494,MsPacman
1,487,495,MsPacman
1,488,496,MsPacman
1,489,497,MsPacman
1,490,498,MsPacman
1,491,499,MsPacman
1,492,500,MsPacman
1,493,501,MsPacman
1,494,502,MsPacman
1,495,503,MsPacman
1,496,504,MsPacman
1,497,505,MsPacman
1,498,506,MsPacman
1,499,507,MsPacman
1,500,508,MsPacman
1,501,509,MsPacman
1,502,510,MsPacman
1,503,511,MsPacman
1,504,512,MsPacman
1,505,513,MsPacman
1,506,514,MsPacman
1,507,515,MsPacman
1,508,516,MsPacman
1,509,517,MsPacman
1,510,518,MsPacman
1,511,519,MsPacman
1,512,520,MsPacman
1,513,521,MsPacman
1,514,522,MsPacman
1,515,523,MsPacman
1,516,524,MsPacman
1,517,525,MsPacman
1,518,526,MsPacman
1,519,527,MsPacman
1,520,528,MsPacman
1,521,529,MsPacman
1,522,530,MsPacman
1,523,531,MsPacman
1,524,532,MsPacman
1,525,533,MsPacman
1,526,534,MsPacman
1,527,535,MsPacman
1,528,536,MsPacman
1,529,537,MsPacman
1,530,538,MsPacman
1,531,539,MsPacman
1,532,540,MsPacman
1,533,541,MsPacman
1,534,542,MsPacman
1,535,543,MsPacman
1,536,544,MsPacman
1,537,545,MsPacman
1,538,546,MsPacman
1,539,547,MsPacman
1,540,548,MsPacman
1,541,549,MsPacman
1,542,550,MsPacman
1,543,551,MsPacman
1,544,552,MsPacman
1,545,553,MsPacman
1,546,554,MsPacman
1,547,555,MsPacman
1,548,556,MsPacman
1,549,557,MsPacman
1,550,558,MsPacman
1,551,559,MsPacman
1,552,560,MsPacman
1,553,561,MsPacman
1,554,562,MsPacman
1,555,563,MsPacman
1,556,564,MsPacman
1,557,565,MsPacman
1,558,566,MsPacman
1,559,567,MsPacman
1,560,568,MsPacman
1,561,569,MsPacman
1,562,570,MsPacman
1,563,571,MsPacman
1,564,572,MsPacman
1,565,573,MsPacman
1,566,574,MsPacman
1,567,575,MsPacman
1,568,576,MsPacman
1,569,577,MsPacman
1,570,578,MsPacman
1,571,579,MsPacman
1,572,580,MsPacman
1,573,581,MsPacman
1,574,582,MsPacman
1,575,583,MsPacman
1,576,584,MsPacman
1,577,585,MsPacman
1,578,586,MsPacman
1,579,587,MsPacman
1,580,588,MsPacman
1,581,589,MsPacman
1,582,590,MsPacman
1,583,591,MsPacman
1,584,592,MsPacman
1,585,593,MsPacman
1,586,594,MsPacman
1,587,595,MsPacman
1,588,596,MsPacman
1,589,597,MsPacman
1,590,598,MsPacman
1,591,599,MsPacman
1,592,600,MsPacman
1,593,601,MsPacman
1,594,602,MsPacman
1,595,603,MsPacman
1,596,604,MsPacman
1,597,605,MsPacman
1,598,606,MsPacman
1,599,607,MsPacman
1,600,608,MsPacman
1,601,609,MsPacman
1,602,610,MsPacman
1,603,611,MsPacman
1,604,612,MsPacman
1,605,613,MsPacman
1,606,614,MsPacman
1,607,615,MsPacman
1,608,616,MsPacman
1,609,617,MsPacman
1,610,618,MsPacman
1,611,619,MsPacman
1,612,620,MsPacman
1,613,621,MsPacman
1,614,622,MsPacman
1,615,623,MsPacman
1,616,624,MsPacman
1,617,625,MsPacman
1,618,626,MsPacman
1,619,627,MsPacman
1,620,628,MsPacman
1,621,629,MsPacman
1,622,630,MsPacman
1,623,631,MsPacman
1,624,632,MsPacman
1,625,633,MsPacman
1,626,634,MsPacman
1,627,635,MsPacman
1,628,636,MsPacman
1,629,637,MsPacman
1,630,638,MsPacman
1,631,639,MsPacman
1,632,640,MsPacman
1,633,641,MsPacman
1,634,642,MsPacman
1,635,643,MsPacman
1,636,644,MsPacman
1,637,645,MsPacman
1,638,646,MsPacman
1,639,647,MsPacman
1,640,648,MsPacman
1,641,649,MsPacman
1,642,650,MsPacman
1,643,651,MsPacman
1,644,652,MsPacman
1,645,653,MsPacman
1,646,654,MsPacman
1,647,655,MsPacman
1,648,656,MsPacman
1,649,657,MsPacman
1,650,658,MsPacman
1,651,659,MsPacman
1,652,660,MsPacman
1,653,661,MsPacman
1,654,662,MsPacman
1,655,663,MsPacman
1,656,664,MsPacman
1,657,665,MsPacman
1,658,666,MsPacman
1,659,667,MsPacman
1,660,668,MsPacman
1,661,669,MsPacman
1,662,670,MsPacman
1,663,671,MsPacman
1,664,672,MsPacman
1,665,673,MsPacman
1,666,674,MsPacman
1,667,675,MsPacman
1,668,676,MsPacman
1,669,677,MsPacman
1,670,678,MsPacman
1,671,679,MsPacman
1,672,680,MsPacman
1,673,681,MsPacman
1,674,682,MsPacman
1,675,683,MsPacman
1,676,684,MsPacman
1,677,685,MsPacman
1,678,686,MsPacman
1,679,687,MsPacman
1,680,688,MsPacman
1,681,689,MsPacman
1,682,690,MsPacman
1,683,691,MsPacman
1,684,692,MsPacman
1,685,693,MsPacman
1,686,694,MsPacman
1,687,695,MsPacman
1,688,696,MsPacman
1,689,697,MsPacman
1,690,698,MsPacman
1,691,699,MsPacman
1,692,700,MsPacman
1,693,701,MsPacman
1,694,702,MsPacman
1,695,703,MsPacman
1,696,704,MsPacman
1,697,705,MsPacman
1,698,706,MsPacman
1,699,707,MsPacman
1,700,708,MsPacman
1,701,709,MsPacman
1,702,710,MsPacman
1,703,711,MsPacman
1,704,712,MsPacman
1,705,713,MsPacman
1,706,714,MsPacman
1,707,715,MsPacman
1,708,716,MsPacman
1,709,717,MsPacman
1,710,718,MsPacman
1,711,719,MsPacman
1,712,720,MsPacman
1,713,721,MsPacman
1,714,722,MsPacman
1,715,723,MsPacman
1,716,724,MsPacman
1,717,725,MsPacman
1,718,726,MsPacman
1,719,727,MsPacman
1,720,728,MsPacman
1,721,729,MsPacman
1,722,730,MsPacman
1,723,731,MsPacman
1,724,732,MsPacman
1,725,733,MsPacman
1,726,734,MsPacman
1,727,735,MsPacman
1,728,736,MsPacman
1,729,737,MsPacman
1,730,738,MsPacman
1,731,739,MsPacman
1,732,740,MsPacman
1,733,741,MsPacman
1,734,742,MsPacman
1,735,743,MsPacman
1,736,744,MsPacman
1,737,745,MsPacman
1,738,746,MsPacman
1,739,747,MsPacman
1,740,748,MsPacman
1,741,749,MsPacman
1,742,750,MsPacman
1,743,751,MsPacman
1,744,752,MsPacman
1,745,753,MsPacman
1,746,754,MsPacman
1,747,755,MsPacman
1,748,756,MsPacman
1,749,757,MsPacman
1,750,758,MsPacman
1,751,759,MsPacman
1,752,760,MsPacman
1,753,761,MsPacman
1,754,762,MsPacman
1,755,763,MsPacman
1,756,764,MsPacman
1,757,765,MsPacman
1,758,766,MsPacman
1,759,767,MsPacman
1,760,768,MsPacman
1,761,769,MsPacman
1,762,770,MsPacman
1,763,771,MsPacman
1,764,772,MsPacman
1,765,773,MsPacman
1,766,774,MsPacman
1,767,775,MsPacman
1,768,776,MsPacman
1,769,777,MsPacman
1,770,778,MsPacman
1,771,779,MsPacman
1,772,780,MsPacman
1,773,781,MsPacman
1,774,782,MsPacman
1,775,783,MsPacman
1,776,784,MsPacman
1,777,785,MsPacman
1,778,786,MsPacman
1,779,787,MsPacman
1,780,788,MsPacman
1,781,789,MsPacman
1,782,790,MsPacman
1,783,791,MsPacman
1,784,792,MsPacman
1,785,793,MsPacman
1,786,794,MsPacman
1,787,795,MsPacman
1,788,796,MsPacman
1,789,797,MsPacman
1,790,798,MsPacman
1,791,799,MsPacman
1,792,800,MsPacman
1,793,801,MsPacman
1,794,802,MsPacman
1,795,803,MsPacman
1,796,804,MsPacman
1,797,805,MsPacman
1,798,806,MsPacman
1,799,807,MsPacman
1,800,808,MsPacman
1,801,809,MsPacman
1,802,810,MsPacman
1,803,811,MsPacman
1,804,812,MsPacman
1,805,813,MsPacman
1,806,814,MsPacman
1,807,815,MsPacman
1,808,816,MsPacman
1,809,817,MsPacman
1,810,818,MsPacman
1,811,819,MsPacman
1,812,820,MsPacman
1,813,821,MsPacman
1,814,822,MsPacman
1,815,823,MsPacman
1,816,824,MsPacman
1,817,825,MsPacman
1,818,826,MsPacman
1,819,827,MsPacman
1,820,828,MsPacman
1,821,829,MsPacman
1,822,830,MsPacman
1,823,831,MsPacman
1,824,832,MsPacman
1,825,833,MsPacman
1,826,834,MsPacman
1,827,835,MsPacman
1,828,836,MsPacman
1,829,837,MsPacman
1,830,838,MsPacman
1,831,839,MsPacman
1,832,840,MsPacman
1,833,841,MsPacman
1,834,842,MsPacman
1,835,843,MsPacman
1,836,844,MsPacman
1,837,845,MsPacman
1,838,846,MsPacman
1,839,847,MsPacman
1,840,848,MsPacman
1,841,849,MsPacman
1,842,850,MsPacman
1,843,851,MsPacman
1,844,852,MsPacman
1,845,853,MsPacman
1,846,854,MsPacman
1,847,855,MsPacman
1,848,856,MsPacman
1,849,857,MsPacman
1,850,858,MsPacman
1,851,859,MsPacman
1,852,860,MsPacman
1,853,861,MsPacman
1,854,862,MsPacman
1,855,863,MsPacman
1,856,864,MsPacman
1,857,865,MsPacman
1,858,866,MsPacman
1,859,867,MsPacman
1,860,868,MsPacman
1,861,869,MsPacman
1,862,870,MsPacman
1,863,871,MsPacman
1,864,872,MsPacman
1,865,873,MsPacman
1,866,874,MsPacman
1,867,875,MsPacman
1,868,876,MsPacman
1,869,877,MsPacman
1,870,878,MsPacman
1,871,879,MsPacman
1,872,880,MsPacman
1,873,881,MsPacman
1,874,882,MsPacman
1,875,883,MsPacman
1,876,884,MsPacman
1,877,885,MsPacman
1,878,886,MsPacman
1,879,887,MsPacman
1,880,888,MsPacman
1,881,889,MsPacman
1,882,890,MsPacman
1,883,891,MsPacman
1,884,892,MsPacman
1,885,893,MsPacman
1,886,894,MsPacman
1,887,895,MsPacman
1,888,896,MsPacman
1,889,897,MsPacman
1,890,898,MsPacman
1,891,899,MsPacman
1,892,900,MsPacman
1,893,901,MsPacman
1,894,902,MsPacman
1,895,903,MsPacman
1,896,904,MsPacman
1,897,905,MsPacman
1,898,906,MsPacman
1,899,907,MsPacman
1,900,908,MsPacman
1,901,909,MsPacman
1,902,910,MsPacman
1,903,911,MsPacman
1,904,912,MsPacman
1,905,913,MsPacman
1,906,914,MsPacman
1,907,915,MsPacman
1,908,916,MsPacman
1,909,917,MsPacman
1,910,918,MsPacman
1,911,919,MsPacman
1,912,920,MsPacman
1,913,921,MsPacman
1,914,922,MsPacman
1,915,923,MsPacman
1,916,924,MsPacman
1,917,925,MsPacman
1,918,926,MsPacman
1,919,927,MsPacman
1,920,928,MsPacman
1,921,929,MsPacman
1,922,930,MsPacman
1,923,931,MsPacman
1,924,932,MsPacman
1,925,933,MsPacman
1,926,934,MsPacman
1,927,935,MsPacman
1,928,936,MsPacman
1,929,937,MsPacman
1,930,938,MsPacman
1,931,939,MsPacman
1,932,940,MsPacman
1,933,941,MsPacman
1,934,942,MsPacman
1,935,943,MsPacman
1,936,944,MsPacman
1,937,945,MsPacman
1,938,946,MsPacman
1,939,947,MsPacman
1,940,948,MsPacman
1,941,949,MsPacman
1,942,950,MsPacman
1,943,951,MsPacman
1,944,952,MsPacman
1,945,953,MsPacman
1,946,954,MsPacman
1,947,955,MsPacman
1,948,956,MsPacman
1,949,957,MsPacman
1,950,958,MsPacman
1,951,959,MsPacman
1,952,960,MsPacman
1,953,961,MsPacman
1,954,962,MsPacman
1,955,963,MsPacman
1,956,964,MsPacman
1,957,965,MsPacman
1,958,966,MsPacman
1,959,967,MsPacman
1,960,968,MsPacman
1,961,969,MsPacman
1,962,970,MsPacman
1,963,971,MsPacman
1,964,972,MsPacman
1,965,973,MsPacman
1,966,974,MsPacman
1,967,975,MsPacman
1,968,976,MsPacman
1,969,977,MsPacman
1,970,978,MsPacman
1,971,979,MsPacman
1,972,980,MsPacman
1,973,981,MsPacman
1,974,982,MsPacman
1,975,983,MsPacman
1,976,984,MsPacman
1,977,985,MsPacman
1,978,986,MsPacman
1,979,987,MsPacman
1,980,988,MsPacman
1,981,989,MsPacman
1,982,990,MsPacman
1,983,991,MsPacman
1,984,992,MsPacman
1,985,993,MsPacman
1,986,994,MsPacman
1,987,995,MsPacman
1,988,996,MsPacman
1,989,997,MsPacman
1,990,998,MsPacman
1,991,999,MsPacman
1,992,1000,MsPacman
1,993,1001,MsPacman
1,994,1002,MsPacman
1,995,1003,MsPacman
1,996,1004,MsPacman
1,997,1005,MsPacman
1,998,1006,MsPacman
1,999,1007,MsPacman
1,1000,1008,MsPacman
1,1001,1009,MsPacman
1,1002,1010,MsPacman
1,1003,1011,MsPacman
1,1004,1012,MsPacman
1,1005,1013,MsPacman
1,1006,1014,MsPacman
1,1007,1015,MsPacman
1,1008,1016,MsPacman
1,1009,1017,MsPacman
1,1010,1018,MsPacman
1,1011,1019,MsPacman
1,1012,1020,MsPacman
1,1013,1021,MsPacman
1,1014,1022,MsPacman
1,1015,1023,MsPacman
1,1016,1024,MsPacman
1,1017,1025,MsPacman
1,1018,1026,MsPacman
1,1019,1027,MsPacman
1,1020,1028,MsPacman
1,1021,1029,MsPacman
1,1022,1030,MsPacman
1,1023,1031,MsPacman
1,1024,1032,MsPacman
1,1025,1033,MsPacman
1,1026,1034,MsPacman
1,1027,1035,MsPacman
1,1028,1036,MsPacman
1,1029,1037,MsPacman
1,1030,1038,MsPacman
1,1031,1039,MsPacman
1,1032,1040,MsPacman
1,1033,1041,MsPacman
1,1034,1042,MsPacman
1,1035,1043,MsPacman
1,1036,1044,MsPacman
1,1037,1045,MsPacman
1,1038,1046,MsPacman
1,1039,1047,MsPacman
1,1040,1048,MsPacman
1,1041,1049,MsPacman
1,1042,1050,MsPacman
1,1043,1051,MsPacman
1,1044,1052,MsPacman
1,1045,1053,MsPacman
1,1046,1054,MsPacman
1,1047,1055,MsPacman
1,1048,1056,MsPacman
1,1049,1057,MsPacman
1,1050,1058,MsPacman
1,1051,1059,MsPacman
1,1052,1060,MsPacman
1,1053,1061,MsPacman
1,1054,1062,MsPacman
1,1055,1063,MsPacman
1,1056,1064,MsPacman
1,1057,1065,MsPacman
1,1058,1066,MsPacman
1,1059,1067,MsPacman
1,1060,1068,MsPacman
1,1061,1069,MsPacman
1,1062,1070,MsPacman
1,1063,1071,MsPacman
1,1064,1072,MsPacman
1,1065,1073,MsPacman
1,1066,1074,MsPacman
1,1067,1075,MsPacman
1,1068,1076,MsPacman
1,1069,1077,MsPacman
1,1070,1078,MsPacman
1,1071,1079,MsPacman
1,1072,1080,MsPacman
1,1073,1081,MsPacman
1,1074,1082,MsPacman
1,1075,1083,MsPacman
1,1076,1084,MsPacman
1,1077,1085,MsPacman
1,1078,1086,MsPacman
1,1079,1087,MsPacman
1,1080,1088,MsPacman
1,1081,1089,MsPacman
1,1082,1090,MsPacman
1,1083,1091,MsPacman
1,1084,1092,MsPacman
1,1085,1093,MsPacman
1,1086,1094,MsPacman
1,1087,1095,MsPacman
1,1088,1096,MsPacman
1,1089,1097,MsPacman
1,1090,1098,MsPacman
1,1091,1099,MsPacman
1,1092,1100,MsPacman
1,1093,1101,MsPacman
1,1094,1102,MsPacman
1,1095,1103,MsPacman
1,1096,1104,MsPacman
1,1097,1105,MsPacman
1,1098,1106,MsPacman
1,1099,1107,MsPacman
1,1100,1108,MsPacman
1,1101,1109,MsPacman
1,1102,1110,MsPacman
1,1103,1111,MsPacman
1,1104,1112,MsPacman
1,1105,1113,MsPacman
1,1106,1114,MsPacman
1,1107,1115,MsPacman
1,1108,1116,MsPacman
1,1109,1117,MsPacman
1,1110,1118,MsPacman
1,1111,1119,MsPacman
1,1112,1120,MsPacman
1,1113,1121,MsPacman
1,1114,1122,MsPacman
1,1115,1123,MsPacman
1,1116,1124,MsPacman
1,1117,1125,MsPacman
1,1118,1126,MsPacman
1,1119,1127,MsPacman
1,1120,1128,MsPacman
1,1121,1129,MsPacman
1,1122,1130,MsPacman
1,1123,1131,MsPacman
1,1124,1132,MsPacman
1,1125,1133,MsPacman
1,1126,1134,MsPacman
1,1127,1135,MsPacman
1,1128,1136,MsPacman
1,1129,1137,MsPacman
1,1130,1138,MsPacman
1,1131,1139,MsPacman
1,1132,1140,MsPacman
1,1133,1141,MsPacman
1,1134,1142,MsPacman
1,1135,1143,MsPacman
1,1136,1144,MsPacman
1,1137,1145,MsPacman
1,1138,1146,MsPacman
1,1139,1147,MsPacman
1,1140,1148,MsPacman
1,1141,1149,MsPacman
1,1142,1150,MsPacman
1,1143,1151,MsPacman
1,1144,1152,MsPacman
1,1145,1153,MsPacman
1,1146,1154,MsPacman
1,1147,1155,MsPacman
1,1148,1156,MsPacman
1,1149,1157,MsPacman
1,1150,1158,MsPacman
1,1151,1159,MsPacman
1,1152,1160,MsPacman
1,1153,1161,MsPacman
1,1154,1162,MsPacman
1,1155,1163,MsPacman
1,1156,1164,MsPacman
1,1157,1165,MsPacman
1,1158,1166,MsPacman
1,1159,1167,MsPacman
1,1160,1168,MsPacman
1,1161,1169,MsPacman
1,1162,1170,MsPacman
1,1163,1171,MsPacman
1,1164,1172,MsPacman
1,1165,1173,MsPacman
1,1166,1174,MsPacman
1,1167,1175,MsPacman
1,1168,1176,MsPacman
1,1169,1177,MsPacman
1,1170,1178,MsPacman
1,1171,1179,MsPacman
1,1172,1180,MsPacman
1,1173,1181,MsPacman
1,1174,1182,MsPacman
1,1175,1183,MsPacman
1,1176,1184,MsPacman
1,1177,1185,MsPacman
1,1178,1186,MsPacman
1,1179,1187,MsPacman
1,1180,1188,MsPacman
1,1181,1189,MsPacman
1,1182,1190,MsPacman
1,1183,1191,MsPacman
1,1184,1192,MsPacman
1,1185,1193,MsPacman
1,1186,1194,MsPacman
1,1187,1195,MsPacman
1,1188,1196,MsPacman
1,1189,1197,MsPacman
1,1190,1198,MsPacman
1,1191,1199,MsPacman
1,1192,1200,MsPacman
1,1193,1201,MsPacman
1,1194,1202,MsPacman
1,1195,1203,MsPacman
1,1196,1204,MsPacman
1,1197,1205,MsPacman
1,1198,1206,MsPacman
1,1199,1207,MsPacman
1,1200,1208,MsPacman
1,1201,1209,MsPacman
1,1202,1210,MsPacman
1,1203,1211,MsPacman
1,1204,1212,MsPacman
1,1205,1213,MsPacman
1,1206,1214,MsPacman
1,1207,1215,MsPacman
1,1208,1216,MsPacman
1,1209,1217,MsPacman
1,1210,1218,MsPacman
1,1211,1219,MsPacman
1,1212,1220,MsPacman
1,1213,1221,MsPacman
1,1214,1222,MsPacman
1,1215,1223,MsPacman
1,1216,1224,MsPacman
1,1217,1225,MsPacman
1,1218,1226,MsPacman
1,1219,1227,MsPacman
1,1220,1228,MsPacman
1,1221,1229,MsPacman
1,1222,1230,MsPacman
1,1223,1231,MsPacman
1,1224,1232,MsPacman
1,1225,1233,MsPacman
1,1226,1234,MsPacman
1,1227,1235,MsPacman
1,1228,1236,MsPacman
1,1229,1237,MsPacman
1,1230,1238,MsPacman
1,1231,1239,MsPacman
1,1232,1240,MsPacman
1,1233,1241,MsPacman
1,1234,1242,MsPacman
1,1235,1243,MsPacman
1,1236,1244,MsPacman
1,1237,1245,MsPacman
1,1238,1246,MsPacman
1,1239,1247,MsPacman
1,1240,1248,MsPacman
1,1241,1249,MsPacman
1,1242,1250,MsPacman
1,1243,1251,MsPacman
1,1244,1252,MsPacman
1,1245,1253,MsPacman
1,1246,1254,MsPacman
1,1247,1255,MsPacman
1,1248,1256,MsPacman
1,1249,1257,MsPacman
1,1250,1258,MsPacman
1,1251,1259,MsPacman
1,1252,1260,MsPacman
1,1253,1261,MsPacman
1,1254,1262,MsPacman
1,1255,1263,MsPacman
1,1256,1264,MsPacman
1,1257,1265,MsPacman
1,1258,1266,MsPacman
1,1259,1267,MsPacman
1,1260,1268,MsPacman
1,1261,1269,MsPacman
1,1262,1270,MsPacman
1,1263,1271,MsPacman
1,1264,1272,MsPacman
1,1265,1273,MsPacman
1,1266,1274,MsPacman
1,1267,1275,MsPacman
1,1268,1276,MsPacman
1,1269,1277,MsPacman
1,1270,1278,MsPacman
1,1271,1279,MsPacman
1,1272,1280,MsPacman
1,1273,1281,MsPacman
1,1274,1282,MsPacman
1,1275,1283,MsPacman
1,1276,1284,MsPacman
1,1277,1285,MsPacman
1,1278,1286,MsPacman
1,1279,1287,MsPacman
2,0,8,MsPacman
2,1,9,MsPacman
2,2,10,MsPacman
2,3,11,MsPacman
2,4,12,MsPacman
2,5,13,MsPacman
2,6,14,MsPacman
2,7,15,MsPacman
2,8,16,MsPacman
2,9,17,MsPacman
2,10,18,MsPacman
2,11,19,MsPacman
2,12,20,MsPacman
2,13,21,MsPacman
2,14,22,MsPacman
2,15,23,MsPacman
2,16,24,MsPacman
2,17,25,MsPacman
2,18,26,MsPacman
2,19,27,MsPacman
2,20,28,MsPacman
2,21,29,MsPacman
2,22,30,MsPacman
2,23,31,MsPacman
2,24,32,MsPacman
2,25,33,MsPacman
2,26,34,MsPacman
2,27,35,MsPacman
2,28,36,MsPacman
2,29,37,MsPacman
2,30,38,MsPacman
2,31,39,MsPacman
2,32,40,MsPacman
2,33,41,MsPacman
2,34,42,MsPacman
2,35,43,MsPacman
2,36,44,MsPacman
2,37,45,MsPacman
2,38,46,MsPacman
2,39,47,MsPacman
2,40,48,MsPacman
2,41,49,MsPacman
2,42,50,MsPacman
2,43,51,MsPacman
2,44,52,MsPacman
2,45,53,MsPacman
2,46,54,MsPacman
2,47,55,MsPacman
2,48,56,MsPacman
2,49,57,MsPacman
2,50,58,MsPacman
2,51,59,MsPacman
2,52,60,MsPacman
2,53,61,MsPacman
2,54,62,MsPacman
2,55,63,MsPacman
2,56,64,MsPacman
2,57,65,MsPacman
2,58,66,MsPacman
2,59,67,MsPacman
2,60,68,MsPacman
2,61,69,MsPacman
2,62,70,MsPacman
2,63,71,MsPacman
2,64,72,MsPacman
2,65,73,MsPacman
2,66,74,MsPacman
2,67,75,MsPacman
2,68,76,MsPacman
2,69,77,MsPacman
2,70,78,MsPacman
2,71,79,MsPacman
2,72,80,MsPacman
2,73,81,MsPacman
2,74,82,MsPacman
2,75,83,MsPacman
2,76,84,MsPacman
2,77,85,MsPacman
2,78,86,MsPacman
2,79,87,MsPacman
2,80,88,MsPacman
2,81,89,MsPacman
2,82,90,MsPacman
2,83,91,MsPacman
2,84,92,MsPacman
2,85,93,MsPacman
2,86,94,MsPacman
2,87,95,MsPacman
2,88,96,MsPacman
2,89,97,MsPacman
2,90,98,MsPacman
2,91,99,MsPacman
2,92,100,MsPacman
2,93,101,MsPacman
2,94,102,MsPacman
2,95,103,MsPacman
2,96,104,MsPacman
2,97,105,MsPacman
2,98,106,MsPacman
2,99,107,MsPacman
2,100,108,MsPacman
2,101,109,MsPacman
2,102,110,MsPacman
2,103,111,MsPacman
2,104,112,MsPacman
2,105,113,MsPacman
2,106,114,MsPacman
2,107,115,MsPacman
2,108,116,MsPacman
2,109,117,MsPacman
2,110,118,MsPacman
2,111,119,MsPacman
2,112,120,MsPacman
2,113,121,MsPacman
2,114,122,MsPacman
2,115,123,MsPacman
2,116,124,MsPacman
2,117,125,MsPacman
2,118,126,MsPacman
2,119,127,MsPacman
2,120,128,MsPacman
2,121,129,MsPacman
2,122,130,MsPacman
2,123,131,MsPacman
2,124,132,MsPacman
2,125,133,MsPacman
2,126,134,MsPacman
2,127,135,MsPacman
2,128,136,MsPacman
2,129,137,MsPacman
2,130,138,MsPacman
2,131,139,MsPacman
2,132,140,MsPacman
2,133,141,MsPacman
2,134,142,MsPacman
2,135,143,MsPacman
2,136,144,MsPacman
2,137,145,MsPacman
2,138,146,MsPacman
2,139,147,MsPacman
2,140,148,MsPacman
2,141,149,MsPacman
2,142,150,MsPacman
2,143,151,MsPacman
2,144,152,MsPacman
2,145,153,MsPacman
2,146,154,MsPacman
2,147,155,MsPacman
2,148,156,MsPacman
2,149,157,MsPacman
2,150,158,MsPacman
2,151,159,MsPacman
2,152,160,MsPacman
2,153,161,MsPacman
2,154,162,MsPacman
2,155,163,MsPacman
2,156,164,MsPacman
2,157,165,MsPacman
2,158,166,MsPacman
2,159,167,MsPacman
2,160,168,MsPacman
2,161,169,MsPacman
2,162,170,MsPacman
2,163,171,MsPacman
2,164,172,MsPacman
2,165,173,MsPacman
2,166,174,MsPacman
2,167,175,MsPacman
2,168,176,MsPacman
2,169,177,MsPacman
2,170,178,MsPacman
2,171,179,MsPacman
2,172,180,MsPacman
2,173,181,MsPacman
2,174,182,MsPacman
2,175,183,MsPacman
2,176,184,MsPacman
2,177,185,MsPacman
2,178,186,MsPacman
2,179,187,MsPacman
2,180,188,MsPacman
2,181,189,MsPacman
2,182,190,MsPacman
2,183,191,MsPacman
2,184,192,MsPacman
2,185,193,MsPacman
2,186,194,MsPacman
2,187,195,MsPacman
2,188,196,MsPacman
2,189,197,MsPacman
2,190,198,MsPacman
2,191,199,MsPacman
2,192,200,MsPacman
2,193,201,MsPacman
2,194,202,MsPacman
2,195,203,MsPacman
2,196,204,MsPacman
2,197,205,MsPacman
2,198,206,MsPacman
2,199,207,MsPacman
2,200,208,MsPacman
2,201,209,MsPacman
2,202,210,MsPacman
2,203,211,MsPacman
2,204,212,MsPacman
2,205,213,MsPacman
2,206,214,MsPacman
2,207,215,MsPacman
2,208,216,MsPacman
2,209,217,MsPacman
2,210,218,MsPacman
2,211,219,MsPacman
2,212,220,MsPacman
2,213,221,MsPacman
2,214,222,MsPacman
2,215,223,MsPacman
2,216,224,MsPacman
2,217,225,MsPacman
2,218,226,MsPacman
2,219,227,MsPacman
2,220,228,MsPacman
2,221,229,MsPacman
2,222,230,MsPacman
2,223,231,MsPacman
2,224,232,MsPacman
2,225,233,MsPacman
2,226,234,MsPacman
2,227,235,MsPacman
2,228,236,MsPacman
2,229,237,MsPacman
2,230,238,MsPacman
2,231,239,MsPacman
2,232,240,MsPacman
2,233,241,MsPacman
2,234,242,MsPacman
2,235,243,MsPacman
2,236,244,MsPacman
2,237,245,MsPacman
2,238,246,MsPacman
2,239,247,MsPacman
2,240,248,MsPacman
2,241,249,MsPacman
2,242,250,MsPacman
2,243,251,MsPacman
2,244,252,MsPacman
2,245,253,MsPacman
2,246,254,MsPacman
2,247,255,MsPacman
2,248,256,MsPacman
2,249,257,MsPacman
2,250,258,MsPacman
2,251,259,MsPacman
2,252,260,MsPacman
2,253,261,MsPacman
2,254,262,MsPacman
2,255,263,MsPacman
2,256,264,MsPacman
2,257,265,MsPacman
2,258,266,MsPacman
2,259,267,MsPacman
2,260,268,MsPacman
2,261,269,MsPacman
2,262,270,MsPacman
2,263,271,MsPacman
2,264,272,MsPacman
2,265,273,MsPacman
2,266,274,MsPacman
2,267,275,MsPacman
2,268,276,MsPacman
2,269,277,MsPacman
2,270,278,MsPacman
2,271,279,MsPacman
2,272,280,MsPacman
2,273,281,MsPacman
2,274,282,MsPacman
2,275,283,MsPacman
2,276,284,MsPacman
2,277,285,MsPacman
2,278,286,MsPacman
2,279,287,MsPacman
2,280,288,MsPacman
2,281,289,MsPacman
2,282,290,MsPacman
2,283,291,MsPacman
2,284,292,MsPacman
2,285,293,MsPacman
2,286,294,MsPacman
2,287,295,MsPacman
2,288,296,MsPacman
2,289,297,MsPacman
2,290,298,MsPacman
2,291,299,MsPacman
2,292,300,MsPacman
2,293,301,MsPacman
2,294,302,MsPacman
2,295,303,MsPacman
2,296,304,MsPacman
2,297,305,MsPacman
2,298,306,MsPacman
2,299,307,MsPacman
2,300,308,MsPacman
2,301,309,MsPacman
2,302,310,MsPacman
2,303,311,MsPacman
2,304,312,MsPacman
2,305,313,MsPacman
2,306,314,MsPacman
2,307,315,MsPacman
2,308,316,MsPacman
2,309,317,MsPacman
2,310,318,MsPacman
2,311,319,MsPacman
2,312,320,MsPacman
2,313,321,MsPacman
2,314,322,MsPacman
2,315,323,MsPacman
2,316,324,MsPacman
2,317,325,MsPacman
2,318,326,MsPacman
2,319,327,MsPacman
2,320,328,MsPacman
2,321,329,MsPacman
2,322,330,MsPacman
2,323,331,MsPacman
2,324,332,MsPacman
2,325,333,MsPacman
2,326,334,MsPacman
2,327,335,MsPacman
2,328,336,MsPacman
2,329,337,MsPacman
2,330,338,MsPacman
2,331,339,MsPacman
2,332,340,MsPacman
2,333,341,MsPacman
2,334,342,MsPacman
2,335,343,MsPacman
2,336,344,MsPacman
2,337,345,MsPacman
2,338,346,MsPacman
2,339,347,MsPacman
2,340,348,MsPacman
2,341,349,MsPacman
2,342,350,MsPacman
2,343,351,MsPacman
2,344,352,MsPacman
2,345,353,MsPacman
2,346,354,MsPacman
2,347,355,MsPacman
2,348,356,MsPacman
2,349,357,MsPacman
2,350,358,MsPacman
2,351,359,MsPacman
2,352,360,MsPacman
2,353,361,MsPacman
2,354,362,MsPacman
2,355,363,MsPacman
2,356,364,MsPacman
2,357,365,MsPacman
2,358,366,MsPacman
2,359,367,MsPacman
2,360,368,MsPacman
2,361,369,MsPacman
2,362,370,MsPacman
2,363,371,MsPacman
2,364,372,MsPacman
2,365,373,MsPacman
2,366,374,MsPacman
2,367,375,MsPacman
2,368,376,MsPacman
2,369,377,MsPacman
2,370,378,MsPacman
2,371,379,MsPacman
2,372,380,MsPacman
2,373,381,MsPacman
2,374,382,MsPacman
2,375,383,MsPacman
2,376,384,MsPacman
2,377,385,MsPacman
2,378,386,MsPacman
2,379,387,MsPacman
2,380,388,MsPacman
2,381,389,MsPacman
2,382,390,MsPacman
2,383,391,MsPacman
2,384,392,MsPacman
2,385,393,MsPacman
2,386,394,MsPacman
2,387,395,MsPacman
2,388,396,MsPacman
2,389,397,MsPacman
2,390,398,MsPacman
2,391,399,MsPacman
2,392,400,MsPacman
2,393,401,MsPacman
2,394,402,MsPacman
2,395,403,MsPacman
2,396,404,MsPacman
2,397,405,MsPacman
2,398,406,MsPacman
2,399,407,MsPacman
2,400,408,MsPacman
2,401,409,MsPacman
2,402,410,MsPacman
2,403,411,MsPacman
2,404,412,MsPacman
2,405,413,MsPacman
2,406,414,MsPacman
2,407,415,MsPacman
2,408,416,MsPacman
2,409,417,MsPacman
2,410,418,MsPacman
2,411,419,MsPacman
2,412,420,MsPacman
2,413,421,MsPacman
2,414,422,MsPacman
2,415,423,MsPacman
2,416,424,MsPacman
2,417,425,MsPacman
2,418,426,MsPacman
2,419,427,MsPacman
2,420,428,MsPacman
2,421,429,MsPacman
2,422,430,MsPacman
2,423,431,MsPacman
2,424,432,MsPacman
2,425,433,MsPacman
2,426,434,MsPacman
2,427,435,MsPacman
2,428,436,MsPacman
2,429,437,MsPacman
2,430,438,MsPacman
2,431,439,MsPacman
2,432,440,MsPacman
2,433,441,MsPacman
2,434,442,MsPacman
2,435,443,MsPacman
2,436,444,MsPacman
2,437,445,MsPacman
2,438,446,MsPacman
2,439,447,MsPacman
2,440,448,MsPacman
2,441,449,MsPacman
2,442,450,MsPacman
2,443,451,MsPacman
2,444,452,MsPacman
2,445,453,MsPacman
2,446,454,MsPacman
2,447,455,MsPacman
2,448,456,MsPacman
2,449,457,MsPacman
2,450,458,MsPacman
2,451,459,MsPacman
2,452,460,MsPacman
2,453,461,MsPacman
2,454,462,MsPacman
2,455,463,MsPacman
2,456,464,MsPacman
2,457,465,MsPacman
2,458,466,MsPacman
2,459,467,MsPacman
2,460,468,MsPacman
2,461,469,MsPacman
2,462,470,MsPacman
2,463,471,MsPacman
2,464,472,MsPacman
2,465,473,MsPacman
2,466,474,MsPacman
2,467,475,MsPacman
2,468,476,MsPacman
2,469,477,MsPacman
2,470,478,MsPacman
2,471,479,MsPacman
2,472,480,MsPacman
2,473,481,MsPacman
2,474,482,MsPacman
2,475,483,MsPacman
2,476,484,MsPacman
2,477,485,MsPacman
2,478,486,MsPacman
2,479,487,MsPacman
2,480,488,MsPacman
2,481,489,MsPacman
2,482,490,MsPacman
2,483,491,MsPacman
2,484,492,MsPacman
2,485,493,MsPacman
2,486,494,MsPacman
2,487,495,MsPacman
2,488,496,MsPacman
2,489,497,MsPacman
2,490,498,MsPacman
2,491,499,MsPacman
2,492,500,MsPacman
2,493,501,MsPacman
2,494,502,MsPacman
2,495,503,MsPacman
2,496,504,MsPacman
2,497,505,MsPacman
2,498,506,MsPacman
2,499,507,MsPacman
2,500,508,MsPacman
2,501,509,MsPacman
2,502,510,MsPacman
2,503,511,MsPacman
2,504,512,MsPacman
2,505,513,MsPacman
2,506,514,MsPacman
2,507,515,MsPacman
2,508,516,MsPacman
2,509,517,MsPacman
2,510,518,MsPacman
2,511,519,MsPacman
2,512,520,MsPacman
2,513,521,MsPacman
2,514,522,MsPacman
2,515,523,MsPacman
2,516,524,MsPacman
2,517,525,MsPacman
2,518,526,MsPacman
2,519,527,MsPacman
2,520,528,MsPacman
2,521,529,MsPacman
2,522,530,MsPacman
2,523,531,MsPacman
2,524,532,MsPacman
2,525,533,MsPacman
2,526,534,MsPacman
2,527,535,MsPacman
2,528,536,MsPacman
2,529,537,MsPacman
2,530,538,MsPacman
2,531,539,MsPacman
2,532,540,MsPacman
2,533,541,MsPacman
2,534,542,MsPacman
2,535,543,MsPacman
2,536,544,MsPacman
2,537,545,MsPacman
2,538,546,MsPacman
2,539,547,MsPacman
2,540,548,MsPacman
2,541,549,MsPacman
2,542,550,MsPacman
2,543,551,MsPacman
2,544,552,MsPacman
2,545,553,MsPacman
2,546,554,MsPacman
2,547,555,MsPacman
2,548,556,MsPacman
2,549,557,MsPacman
2,550,558,MsPacman
2,551,559,MsPacman
2,552,560,MsPacman
2,553,561,MsPacman
2,554,562,MsPacman
2,555,563,MsPacman
2,556,564,MsPacman
2,557,565,MsPacman
2,558,566,MsPacman
2,559,567,MsPacman
2,560,568,MsPacman
2,561,569,MsPacman
2,562,570,MsPacman
2,563,571,MsPacman
2,564,572,MsPacman
2,565,573,MsPacman
2,566,574,MsPacman
2,567,575,MsPacman
2,568,576,MsPacman
2,569,577,MsPacman
2,570,578,MsPacman
2,571,579,MsPacman
2,572,580,MsPacman
2,573,581,MsPacman
2,574,582,MsPacman
2,575,583,MsPacman
2,576,584,MsPacman
2,577,585,MsPacman
2,578,586,MsPacman
2,579,587,MsPacman
2,580,588,MsPacman
2,581,589,MsPacman
2,582,590,MsPacman
2,583,591,MsPacman
2,584,592,MsPacman
2,585,593,MsPacman
2,586,594,MsPacman
2,587,595,MsPacman
2,588,596,MsPacman
2,589,597,MsPacman
2,590,598,MsPacman
2,591,599,MsPacman
2,592,600,MsPacman
2,593,601,MsPacman
2,594,602,MsPacman
2,595,603,MsPacman
2,596,604,MsPacman
2,597,605,MsPacman
2,598,606,MsPacman
2,599,607,MsPacman
2,600,608,MsPacman
2,601,609,MsPacman
2,602,610,MsPacman
2,603,611,MsPacman
2,604,612,MsPacman
2,605,613,MsPacman
2,606,614,MsPacman
2,607,615,MsPacman
2,608,616,MsPacman
2,609,617,MsPacman
2,610,618,MsPacman
2,611,619,MsPacman
2,612,620,MsPacman
2,613,621,MsPacman
2,614,622,MsPacman
2,615,623,MsPacman
2,616,624,MsPacman
2,617,625,MsPacman
2,618,626,MsPacman
2,619,627,MsPacman
2,620,628,MsPacman
2,621,629,MsPacman
2,622,630,MsPacman
2,623,631,MsPacman
2,624,632,MsPacman
2,625,633,MsPacman
2,626,634,MsPacman
2,627,635,MsPacman
2,628,636,MsPacman
2,629,637,MsPacman
2,630,638,MsPacman
2,631,639,MsPacman
2,632,640,MsPacman
2,633,641,MsPacman
2,634,642,MsPacman
2,635,643,MsPacman
2,636,644,MsPacman
2,637,645,MsPacman
2,638,646,MsPacman
2,639,647,MsPacman
2,640,648,MsPacman
2,641,649,MsPacman
2,642,650,MsPacman
2,643,651,MsPacman
2,644,652,MsPacman
2,645,653,MsPacman
2,646,654,MsPacman
2,647,655,MsPacman
2,648,656,MsPacman
2,649,657,MsPacman
2,650,658,MsPacman
2,651,659,MsPacman
2,652,660,MsPacman
2,653,661,MsPacman
2,654,662,MsPacman
2,655,663,MsPacman
2,656,664,MsPacman
2,657,665,MsPacman
2,658,666,MsPacman
2,659,667,MsPacman
2,660,668,MsPacman
2,661,669,MsPacman
2,662,670,MsPacman
2,663,671,MsPacman
2,664,672,MsPacman
2,665,673,MsPacman
2,666,674,MsPacman
2,667,675,MsPacman
2,668,676,MsPacman
2,669,677,MsPacman
2,670,678,MsPacman
2,671,679,MsPacman
2,672,680,MsPacman
2,673,681,MsPacman
2,674,682,MsPacman
2,675,683,MsPacman
2,676,684,MsPacman
2,677,685,MsPacman
2,678,686,MsPacman
2,679,687,MsPacman
2,680,688,MsPacman
2,681,689,MsPacman
2,682,690,MsPacman
2,683,691,MsPacman
2,684,692,MsPacman
2,685,693,MsPacman
2,686,694,MsPacman
2,687,695,MsPacman
2,688,696,MsPacman
2,689,697,MsPacman
2,690,698,MsPacman
2,691,699,MsPacman
2,692,700,MsPacman
2,693,701,MsPacman
2,694,702,MsPacman
2,695,703,MsPacman
2,696,704,MsPacman
2,697,705,MsPacman
2,698,706,MsPacman
2,699,707,MsPacman
2,700,708,MsPacman
2,701,709,MsPacman
2,702,710,MsPacman
2,703,711,MsPacman
2,704,712,MsPacman
2,705,713,MsPacman
2,706,714,MsPacman
2,707,715,MsPacman
2,708,716,MsPacman
2,709,717,MsPacman
2,710,718,MsPacman
2,711,719,MsPacman
2,712,720,MsPacman
2,713,721,MsPacman
2,714,722,MsPacman
2,715,723,MsPacman
2,716,724,MsPacman
2,717,725,MsPacman
2,718,726,MsPacman
2,719,727,MsPacman
2,720,728,MsPacman
2,721,729,MsPacman
2,722,730,MsPacman
2,723,731,MsPacman
2,724,732,MsPacman
2,725,733,MsPacman
2,726,734,MsPacman
2,727,735,MsPacman
2,728,736,MsPacman
2,729,737,MsPacman
2,730,738,MsPacman
2,731,739,MsPacman
2,732,740,MsPacman
2,733,741,MsPacman
2,734,742,MsPacman
2,735,743,MsPacman
2,736,744,MsPacman
2,737,745,MsPacman
2,738,746,MsPacman
2,739,747,MsPacman
2,740,748,MsPacman
2,741,749,MsPacman
2,742,750,MsPacman
2,743,751,MsPacman
2,744,752,MsPacman
2,745,753,MsPacman
2,746,754,MsPacman
2,747,755,MsPacman
2,748,756,MsPacman
2,749,757,MsPacman
2,750,758,MsPacman
2,751,759,MsPacman
2,752,760,MsPacman
2,753,761,MsPacman
2,754,762,MsPacman
2,755,763,MsPacman
2,756,764,MsPacman
2,757,765,MsPacman
2,758,766,MsPacman
2,759,767,MsPacman
2,760,768,MsPacman
2,761,769,MsPacman
2,762,770,MsPacman
2,763,771,MsPacman
2,764,772,MsPacman
2,765,773,MsPacman
2,766,774,MsPacman
2,767,775,MsPacman
2,768,776,MsPacman
2,769,777,MsPacman
2,770,778,MsPacman
2,771,779,MsPacman
2,772,780,MsPacman
2,773,781,MsPacman
2,774,782,MsPacman
2,775,783,MsPacman
2,776,784,MsPacman
2,777,785,MsPacman
2,778,786,MsPacman
2,779,787,MsPacman
2,780,788,MsPacman
2,781,789,MsPacman
2,782,790,MsPacman
2,783,791,MsPacman
2,784,792,MsPacman
2,785,793,MsPacman
2,786,794,MsPacman
2,787,795,MsPacman
2,788,796,MsPacman
2,789,797,MsPacman
2,790,798,MsPacman
2,791,799,MsPacman
2,792,800,MsPacman
2,793,801,MsPacman
2,794,802,MsPacman
2,795,803,MsPacman
2,796,804,MsPacman
2,797,805,MsPacman
2,798,806,MsPacman
2,799,807,MsPacman
2,800,808,MsPacman
2,801,809,MsPacman
2,802,810,MsPacman
2,803,811,MsPacman
2,804,812,MsPacman
2,805,813,MsPacman
2,806,814,MsPacman
2,807,815,MsPacman
2,808,816,MsPacman
2,809,817,MsPacman
2,810,818,MsPacman
2,811,819,MsPacman
2,812,820,MsPacman
2,813,821,MsPacman
2,814,822,MsPacman
2,815,823,MsPacman
2,816,824,MsPacman
2,817,825,MsPacman
2,818,826,MsPacman
2,819,827,MsPacman
2,820,828,MsPacman
2,821,829,MsPacman
2,822,830,MsPacman
2,823,831,MsPacman
2,824,832,MsPacman
2,825,833,MsPacman
2,826,834,MsPacman
2,827,835,MsPacman
2,828,836,MsPacman
2,829,837,MsPacman
2,830,838,MsPacman
2,831,839,MsPacman
2,832,840,MsPacman
2,833,841,MsPacman
2,834,842,MsPacman
2,835,843,MsPacman
2,836,844,MsPacman
2,837,845,MsPacman
2,838,846,MsPacman
2,839,847,MsPacman
2,840,848,MsPacman
2,841,849,MsPacman
2,842,850,MsPacman
2,843,851,MsPacman
2,844,852,MsPacman
2,845,853,MsPacman
2,846,854,MsPacman
2,847,855,MsPacman
2,848,856,MsPacman
2,849,857,MsPacman
2,850,858,MsPacman
2,851,859,MsPacman
2,852,860,MsPacman
2,853,861,MsPacman
2,854,862,MsPacman
2,855,863,MsPacman
2,856,864,MsPacman
2,857,865,MsPacman
2,858,866,MsPacman
2,859,867,MsPacman
2,860,868,MsPacman
2,861,869,MsPacman
2,862,870,MsPacman
2,863,871,MsPacman
2,864,872,MsPacman
2,865,873,MsPacman
2,866,874,MsPacman
2,867,875,MsPacman
2,868,876,MsPacman
2,869,877,MsPacman
2,870,878,MsPacman
2,871,879,MsPacman
2,872,880,MsPacman
2,873,881,MsPacman
2,874,882,MsPacman
2,875,883,MsPacman
2,876,884,MsPacman
2,877,885,MsPacman
2,878,886,MsPacman
2,879,887,MsPacman
2,880,888,MsPacman
2,881,889,MsPacman
2,882,890,MsPacman
2,883,891,MsPacman
2,884,892,MsPacman
2,885,893,MsPacman
2,886,894,MsPacman
2,887,895,MsPacman
2,888,896,MsPacman
2,889,897,MsPacman
2,890,898,MsPacman
2,891,899,MsPacman
2,892,900,MsPacman
2,893,901,MsPacman
2,894,902,MsPacman
2,895,903,MsPacman
2,896,904,MsPacman
2,897,905,MsPacman
2,898,906,MsPacman
2,899,907,MsPacman
2,900,908,MsPacman
2,901,909,MsPacman
2,902,910,MsPacman
2,903,911,MsPacman
2,904,912,MsPacman
2,905,913,MsPacman
2,906,914,MsPacman
2,907,915,MsPacman
2,908,916,MsPacman
2,909,917,MsPacman
2,910,918,MsPacman
2,911,919,MsPacman
2,912,920,MsPacman
2,913,921,MsPacman
2,914,922,MsPacman
2,915,923,MsPacman
2,916,924,MsPacman
2,917,925,MsPacman
2,918,926,MsPacman
2,919,927,MsPacman
2,920,928,MsPacman
2,921,929,MsPacman
2,922,930,MsPacman
2,923,931,MsPacman
2,924,932,MsPacman
2,925,933,MsPacman
2,926,934,MsPacman
2,927,935,MsPacman
2,928,936,MsPacman
2,929,937,MsPacman
2,930,938,MsPacman
2,931,939,MsPacman
2,932,940,MsPacman
2,933,941,MsPacman
2,934,942,MsPacman
2,935,943,MsPacman
2,936,944,MsPacman
2,937,945,MsPacman
2,938,946,MsPacman
2,939,947,MsPacman
2,940,948,MsPacman
2,941,949,MsPacman
2,942,950,MsPacman
2,943,951,MsPacman
2,944,952,MsPacman
2,945,953,MsPacman
2,946,954,MsPacman
2,947,955,MsPacman
2,948,956,MsPacman
2,949,957,MsPacman
2,950,958,MsPacman
2,951,959,MsPacman
2,952,960,MsPacman
2,953,961,MsPacman
2,954,962,MsPacman
2,955,963,MsPacman
2,956,964,MsPacman
2,957,965,MsPacman
2,958,966,MsPacman
2,959,967,MsPacman
2,960,968,MsPacman
2,961,969,MsPacman
2,962,970,MsPacman
2,963,971,MsPacman
2,964,972,MsPacman
2,965,973,MsPacman
2,966,974,MsPacman
2,967,975,MsPacman
2,968,976,MsPacman
2,969,977,MsPacman
2,970,978,MsPacman
2,971,979,MsPacman
2,972,980,MsPacman
2,973,981,MsPacman
2,974,982,MsPacman
2,975,983,MsPacman
2,976,984,MsPacman
2,977,985,MsPacman
2,978,986,MsPacman
2,979,987,MsPacman
2,980,988,MsPacman
2,981,989,MsPacman
2,982,990,MsPacman
2,983,991,MsPacman
2,984,992,MsPacman
2,985,993,MsPacman
2,986,994,MsPacman
2,987,995,MsPacman
2,988,996,MsPacman
2,989,997,MsPacman
2,990,998,MsPacman
2,991,999,MsPacman
2,992,1000,MsPacman
2,993,1001,MsPacman
2,994,1002,MsPacman
2,995,1003,MsPacman
2,996,1004,MsPacman
2,997,1005,MsPacman
2,998,1006,MsPacman
2,999,1007,MsPacman
2,1000,1008,MsPacman
2,1001,1009,MsPacman
2,1002,1010,MsPacman
2,1003,1011,MsPacman
2,1004,1012,MsPacman
2,1005,1013,MsPacman
2,1006,1014,MsPacman
2,1007,1015,MsPacman
2,1008,1016,MsPacman
2,1009,1017,MsPacman
2,1010,1018,MsPacman
2,1011,1019,MsPacman
2,1012,1020,MsPacman
2,1013,1021,MsPacman
2,1014,1022,MsPacman
2,1015,1023,MsPacman
2,1016,1024,MsPacman
2,1017,1025,MsPacman
2,1018,1026,MsPacman
2,1019,1027,MsPacman
2,1020,1028,MsPacman
2,1021,1029,MsPacman
2,1022,1030,MsPacman
2,1023,1031,MsPacman
2,1024,1032,MsPacman
2,1025,1033,MsPacman
2,1026,1034,MsPacman
2,1027,1035,MsPacman
2,1028,1036,MsPacman
2,1029,1037,MsPacman
2,1030,1038,MsPacman
2,1031,1039,MsPacman
2,1032,1040,MsPacman
2,1033,1041,MsPacman
2,1034,1042,MsPacman
2,1035,1043,MsPacman
2,1036,1044,MsPacman
2,1037,1045,MsPacman
2,1038,1046,MsPacman
2,1039,1047,MsPacman
2,1040,1048,MsPacman
2,1041,1049,MsPacman
2,1042,1050,MsPacman
2,1043,1051,MsPacman
2,1044,1052,MsPacman
2,1045,1053,MsPacman
2,1046,1054,MsPacman
2,1047,1055,MsPacman
2,1048,1056,MsPacman
2,1049,1057,MsPacman
2,1050,1058,MsPacman
2,1051,1059,MsPacman
2,1052,1060,MsPacman
2,1053,1061,MsPacman
2,1054,1062,MsPacman
2,1055,1063,MsPacman
2,1056,1064,MsPacman
2,1057,1065,MsPacman
2,1058,1066,MsPacman
2,1059,1067,MsPacman
2,1060,1068,MsPacman
2,1061,1069,MsPacman
3,0,8,MsPacman
3,1,9,MsPacman
3,2,10,MsPacman
3,3,11,MsPacman
3,4,12,MsPacman
3,5,13,MsPacman
3,6,14,MsPacman
3,7,15,MsPacman
3,8,16,MsPacman
3,9,17,MsPacman
3,10,18,MsPacman
3,11,19,MsPacman
3,12,20,MsPacman
3,13,21,MsPacman
3,14,22,MsPacman
3,15,23,MsPacman
3,16,24,MsPacman
3,17,25,MsPacman
3,18,26,MsPacman
3,19,27,MsPacman
3,20,28,MsPacman
3,21,29,MsPacman
3,22,30,MsPacman
3,23,31,MsPacman
3,24,32,MsPacman
3,25,33,MsPacman
3,26,34,MsPacman
3,27,35,MsPacman
3,28,36,MsPacman
3,29,37,MsPacman
3,30,38,MsPacman
3,31,39,MsPacman
3,32,40,MsPacman
3,33,41,MsPacman
3,34,42,MsPacman
3,35,43,MsPacman
3,36,44,MsPacman
3,37,45,MsPacman
3,38,46,MsPacman
3,39,47,MsPacman
3,40,48,MsPacman
3,41,49,MsPacman
3,42,50,MsPacman
3,43,51,MsPacman
3,44,52,MsPacman
3,45,53,MsPacman
3,46,54,MsPacman
3,47,55,MsPacman
3,48,56,MsPacman
3,49,57,MsPacman
3,50,58,MsPacman
3,51,59,MsPacman
3,52,60,MsPacman
3,53,61,MsPacman
3,54,62,MsPacman
3,55,63,MsPacman
3,56,64,MsPacman
3,57,65,MsPacman
3,58,66,MsPacman
3,59,67,MsPacman
3,60,68,MsPacman
3,61,69,MsPacman
3,62,70,MsPacman
3,63,71,MsPacman
3,64,72,MsPacman
3,65,73,MsPacman
3,66,74,MsPacman
3,67,75,MsPacman
3,68,76,MsPacman
3,69,77,MsPacman
3,70,78,MsPacman
3,71,79,MsPacman
3,72,80,MsPacman
3,73,81,MsPacman
3,74,82,MsPacman
3,75,83,MsPacman
3,76,84,MsPacman
3,77,85,MsPacman
3,78,86,MsPacman
3,79,87,MsPacman
3,80,88,MsPacman
3,81,89,MsPacman
3,82,90,MsPacman
3,83,91,MsPacman
3,84,92,MsPacman
3,85,93,MsPacman
3,86,94,MsPacman
3,87,95,MsPacman
3,88,96,MsPacman
3,89,97,MsPacman
3,90,98,MsPacman
3,91,99,MsPacman
3,92,100,MsPacman
3,93,101,MsPacman
3,94,102,MsPacman
3,95,103,MsPacman
3,96,104,MsPacman
3,97,105,MsPacman
3,98,106,MsPacman
3,99,107,MsPacman
3,100,108,MsPacman
3,101,109,MsPacman
3,102,110,MsPacman
3,103,111,MsPacman
3,104,112,MsPacman
3,105,113,MsPacman
3,106,114,MsPacman
3,107,115,MsPacman
3,108,116,MsPacman
3,109,117,MsPacman
3,110,118,MsPacman
3,111,119,MsPacman
3,112,120,MsPacman
3,113,121,MsPacman
3,114,122,MsPacman
3,115,123,MsPacman
3,116,124,MsPacman
3,117,125,MsPacman
3,118,126,MsPacman
3,119,127,MsPacman
3,120,128,MsPacman
3,121,129,MsPacman
3,122,130,MsPacman
3,123,131,MsPacman
3,124,132,MsPacman
3,125,133,MsPacman
3,126,134,MsPacman
3,127,135,MsPacman
3,128,136,MsPacman
3,129,137,MsPacman
3,130,138,MsPacman
3,131,139,MsPacman
3,132,140,MsPacman
3,133,141,MsPacman
3,134,142,MsPacman
3,135,143,MsPacman
3,136,144,MsPacman
3,137,145,MsPacman
3,138,146,MsPacman
3,139,147,MsPacman
3,140,148,MsPacman
3,141,149,MsPacman
3,142,150,MsPacman
3,143,151,MsPacman
3,144,152,MsPacman
3,145,153,MsPacman
3,146,154,MsPacman
3,147,155,MsPacman
3,148,156,MsPacman
3,149,157,MsPacman
3,150,158,MsPacman
3,151,159,MsPacman
3,152,160,MsPacman
3,153,161,MsPacman
3,154,162,MsPacman
3,155,163,MsPacman
3,156,164,MsPacman
3,157,165,MsPacman
3,158,166,MsPacman
3,159,167,MsPacman
3,160,168,MsPacman
3,161,169,MsPacman
3,162,170,MsPacman
3,163,171,MsPacman
3,164,172,MsPacman
3,165,173,MsPacman
3,166,174,MsPacman
3,167,175,MsPacman
3,168,176,MsPacman
3,169,177,MsPacman
3,170,178,MsPacman
3,171,179,MsPacman
3,172,180,MsPacman
3,173,181,MsPacman
3,174,182,MsPacman
3,175,183,MsPacman
3,176,184,MsPacman
3,177,185,MsPacman
3,178,186,MsPacman
3,179,187,MsPacman
3,180,188,MsPacman
3,181,189,MsPacman
3,182,190,MsPacman
3,183,191,MsPacman
3,184,192,MsPacman
3,185,193,MsPacman
3,186,194,MsPacman
3,187,195,MsPacman
3,188,196,MsPacman
3,189,197,MsPacman
3,190,198,MsPacman
3,191,199,MsPacman
3,192,200,MsPacman
3,193,201,MsPacman
3,194,202,MsPacman
3,195,203,MsPacman
3,196,204,MsPacman
3,197,205,MsPacman
3,198,206,MsPacman
3,199,207,MsPacman
3,200,208,MsPacman
3,201,209,MsPacman
3,202,210,MsPacman
3,203,211,MsPacman
3,204,212,MsPacman
3,205,213,MsPacman
3,206,214,MsPacman
3,207,215,MsPacman
3,208,216,MsPacman
3,209,217,MsPacman
3,210,218,MsPacman
3,211,219,MsPacman
3,212,220,MsPacman
3,213,221,MsPacman
3,214,222,MsPacman
3,215,223,MsPacman
3,216,224,MsPacman
3,217,225,MsPacman
3,218,226,MsPacman
3,219,227,MsPacman
3,220,228,MsPacman
3,221,229,MsPacman
3,222,230,MsPacman
3,223,231,MsPacman
3,224,232,MsPacman
3,225,233,MsPacman
3,226,234,MsPacman
3,227,235,MsPacman
3,228,236,MsPacman
3,229,237,MsPacman
3,230,238,MsPacman
3,231,239,MsPacman
3,232,240,MsPacman
3,233,241,MsPacman
3,234,242,MsPacman
3,235,243,MsPacman
3,236,244,MsPacman
3,237,245,MsPacman
3,238,246,MsPacman
3,239,247,MsPacman
3,240,248,MsPacman
3,241,249,MsPacman
3,242,250,MsPacman
3,243,251,MsPacman
3,244,252,MsPacman
3,245,253,MsPacman
3,246,254,MsPacman
3,247,255,MsPacman
3,248,256,MsPacman
3,249,257,MsPacman
3,250,258,MsPacman
3,251,259,MsPacman
3,252,260,MsPacman
3,253,261,MsPacman
3,254,262,MsPacman
3,255,263,MsPacman
3,256,264,MsPacman
3,257,265,MsPacman
3,258,266,MsPacman
3,259,267,MsPacman
3,260,268,MsPacman
3,261,269,MsPacman
3,262,270,MsPacman
3,263,271,MsPacman
3,264,272,MsPacman
3,265,273,MsPacman
3,266,274,MsPacman
3,267,275,MsPacman
3,268,276,MsPacman
3,269,277,MsPacman
3,270,278,MsPacman
3,271,279,MsPacman
3,272,280,MsPacman
3,273,281,MsPacman
3,274,282,MsPacman
3,275,283,MsPacman
3,276,284,MsPacman
3,277,285,MsPacman
3,278,286,MsPacman
3,279,287,MsPacman
3,280,288,MsPacman
3,281,289,MsPacman
3,282,290,MsPacman
3,283,291,MsPacman
3,284,292,MsPacman
3,285,293,MsPacman
3,286,294,MsPacman
3,287,295,MsPacman
3,288,296,MsPacman
3,289,297,MsPacman
3,290,298,MsPacman
3,291,299,MsPacman
3,292,300,MsPacman
3,293,301,MsPacman
3,294,302,MsPacman
3,295,303,MsPacman
3,296,304,MsPacman
3,297,305,MsPacman
3,298,306,MsPacman
3,299,307,MsPacman
3,300,308,MsPacman
3,301,309,MsPacman
3,302,310,MsPacman
3,303,311,MsPacman
3,304,312,MsPacman
3,305,313,MsPacman
3,306,314,MsPacman
3,307,315,MsPacman
3,308,316,MsPacman
3,309,317,MsPacman
3,310,318,MsPacman
3,311,319,MsPacman
3,312,320,MsPacman
3,313,321,MsPacman
3,314,322,MsPacman
3,315,323,MsPacman
3,316,324,MsPacman
3,317,325,MsPacman
3,318,326,MsPacman
3,319,327,MsPacman
3,320,328,MsPacman
3,321,329,MsPacman
3,322,330,MsPacman
3,323,331,MsPacman
3,324,332,MsPacman
3,325,333,MsPacman
3,326,334,MsPacman
3,327,335,MsPacman
3,328,336,MsPacman
3,329,337,MsPacman
3,330,338,MsPacman
3,331,339,MsPacman
3,332,340,MsPacman
3,333,341,MsPacman
3,334,342,MsPacman
3,335,343,MsPacman
3,336,344,MsPacman
3,337,345,MsPacman
3,338,346,MsPacman
3,339,347,MsPacman
3,340,348,MsPacman
3,341,349,MsPacman
3,342,350,MsPacman
3,343,351,MsPacman
3,344,352,MsPacman
3,345,353,MsPacman
3,346,354,MsPacman
3,347,355,MsPacman
3,348,356,MsPacman
3,349,357,MsPacman
3,350,358,MsPacman
3,351,359,MsPacman
3,352,360,MsPacman
3,353,361,MsPacman
3,354,362,MsPacman
3,355,363,MsPacman
3,356,364,MsPacman
3,357,365,MsPacman
3,358,366,MsPacman
3,359,367,MsPacman
3,360,368,MsPacman
3,361,369,MsPacman
3,362,370,MsPacman
3,363,371,MsPacman
3,364,372,MsPacman
3,365,373,MsPacman
3,366,374,MsPacman
3,367,375,MsPacman
3,368,376,MsPacman
3,369,377,MsPacman
3,370,378,MsPacman
3,371,379,MsPacman
3,372,380,MsPacman
3,373,381,MsPacman
3,374,382,MsPacman
3,375,383,MsPacman
3,376,384,MsPacman
3,377,385,MsPacman
3,378,386,MsPacman
3,379,387,MsPacman
3,380,388,MsPacman
3,381,389,MsPacman
3,382,390,MsPacman
3,383,391,MsPacman
3,384,392,MsPacman
3,385,393,MsPacman
3,386,394,MsPacman
3,387,395,MsPacman
3,388,396,MsPacman
3,389,397,MsPacman
3,390,398,MsPacman
3,391,399,MsPacman
3,392,400,MsPacman
3,393,401,MsPacman
3,394,402,MsPacman
3,395,403,MsPacman
3,396,404,MsPacman
3,397,405,MsPacman
3,398,406,MsPacman
3,399,407,MsPacman
3,400,408,MsPacman
3,401,409,MsPacman
3,402,410,MsPacman
3,403,411,MsPacman
3,404,412,MsPacman
3,405,413,MsPacman
3,406,414,MsPacman
3,407,415,MsPacman
3,408,416,MsPacman
3,409,417,MsPacman
3,410,418,MsPacman
3,411,419,MsPacman
3,412,420,MsPacman
3,413,421,MsPacman
3,414,422,MsPacman
3,415,423,MsPacman
3,416,424,MsPacman
3,417,425,MsPacman
3,418,426,MsPacman
3,419,427,MsPacman
3,420,428,MsPacman
3,421,429,MsPacman
3,422,430,MsPacman
3,423,431,MsPacman
3,424,432,MsPacman
3,425,433,MsPacman
3,426,434,MsPacman
3,427,435,MsPacman
3,428,436,MsPacman
3,429,437,MsPacman
3,430,438,MsPacman
3,431,439,MsPacman
3,432,440,MsPacman
3,433,441,MsPacman
3,434,442,MsPacman
3,435,443,MsPacman
3,436,444,MsPacman
3,437,445,MsPacman
3,438,446,MsPacman
3,439,447,MsPacman
3,440,448,MsPacman
3,441,449,MsPacman
3,442,450,MsPacman
3,443,451,MsPacman
3,444,452,MsPacman
3,445,453,MsPacman
3,446,454,MsPacman
3,447,455,MsPacman
3,448,456,MsPacman
3,449,457,MsPacman
3,450,458,MsPacman
3,451,459,MsPacman
3,452,460,MsPacman
3,453,461,MsPacman
3,454,462,MsPacman
3,455,463,MsPacman
3,456,464,MsPacman
3,457,465,MsPacman
3,458,466,MsPacman
3,459,467,MsPacman
3,460,468,MsPacman
3,461,469,MsPacman
3,462,470,MsPacman
3,463,471,MsPacman
3,464,472,MsPacman
3,465,473,MsPacman
3,466,474,MsPacman
3,467,475,MsPacman
3,468,476,MsPacman
3,469,477,MsPacman
3,470,478,MsPacman
3,471,479,MsPacman
3,472,480,MsPacman
3,473,481,MsPacman
3,474,482,MsPacman
3,475,483,MsPacman
3,476,484,MsPacman
3,477,485,MsPacman
3,478,486,MsPacman
3,479,487,MsPacman
3,480,488,MsPacman
3,481,489,MsPacman
3,482,490,MsPacman
3,483,491,MsPacman
3,484,492,MsPacman
3,485,493,MsPacman
3,486,494,MsPacman
3,487,495,MsPacman
3,488,496,MsPacman
3,489,497,MsPacman
3,490,498,MsPacman
3,491,499,MsPacman
3,492,500,MsPacman
3,493,501,MsPacman
3,494,502,MsPacman
3,495,503,MsPacman
3,496,504,MsPacman
3,497,505,MsPacman
3,498,506,MsPacman
3,499,507,MsPacman
3,500,508,MsPacman
3,501,509,MsPacman
3,502,510,MsPacman
3,503,511,MsPacman
3,504,512,MsPacman
3,505,513,MsPacman
3,506,514,MsPacman
3,507,515,MsPacman
3,508,516,MsPacman
3,509,517,MsPacman
3,510,518,MsPacman
3,511,519,MsPacman
3,512,520,MsPacman
3,513,521,MsPacman
3,514,522,MsPacman
3,515,523,MsPacman
3,516,524,MsPacman
3,517,525,MsPacman
3,518,526,MsPacman
3,519,527,MsPacman
3,520,528,MsPacman
3,521,529,MsPacman
3,522,530,MsPacman
3,523,531,MsPacman
3,524,532,MsPacman
3,525,533,MsPacman
3,526,534,MsPacman
3,527,535,MsPacman
3,528,536,MsPacman
3,529,537,MsPacman
3,530,538,MsPacman
3,531,539,MsPacman
3,532,540,MsPacman
3,533,541,MsPacman
3,534,542,MsPacman
3,535,543,MsPacman
3,536,544,MsPacman
3,537,545,MsPacman
3,538,546,MsPacman
3,539,547,MsPacman
3,540,548,MsPacman
3,541,549,MsPacman
3,542,550,MsPacman
3,543,551,MsPacman
3,544,552,MsPacman
3,545,553,MsPacman
3,546,554,MsPacman
3,547,555,MsPacman
3,548,556,MsPacman
3,549,557,MsPacman
3,550,558,MsPacman
3,551,559,MsPacman
3,552,560,MsPacman
3,553,561,MsPacman
3,554,562,MsPacman
3,555,563,MsPacman
3,556,564,MsPacman
3,557,565,MsPacman
3,558,566,MsPacman
3,559,567,MsPacman
3,560,568,MsPacman
3,561,569,MsPacman
3,562,570,MsPacman
3,563,571,MsPacman
3,564,572,MsPacman
3,565,573,MsPacman
3,566,574,MsPacman
3,567,575,MsPacman
3,568,576,MsPacman
3,569,577,MsPacman
3,570,578,MsPacman
3,571,579,MsPacman
3,572,580,MsPacman
3,573,581,MsPacman
3,574,582,MsPacman
3,575,583,MsPacman
3,576,584,MsPacman
3,577,585,MsPacman
3,578,586,MsPacman
3,579,587,MsPacman
3,580,588,MsPacman
3,581,589,MsPacman
3,582,590,MsPacman
3,583,591,MsPacman
3,584,592,MsPacman
3,585,593,MsPacman
3,586,594,MsPacman
3,587,595,MsPacman
3,588,596,MsPacman
3,589,597,MsPacman
3,590,598,MsPacman
3,591,599,MsPacman
3,592,600,MsPacman
3,593,601,MsPacman
3,594,602,MsPacman
3,595,603,MsPacman
3,596,604,MsPacman
3,597,605,MsPacman
3,598,606,MsPacman
3,599,607,MsPacman
3,600,608,MsPacman
3,601,609,MsPacman
3,602,610,MsPacman
3,603,611,MsPacman
3,604,612,MsPacman
3,605,613,MsPacman
3,606,614,MsPacman
3,607,615,MsPacman
3,608,616,MsPacman
3,609,617,MsPacman
3,610,618,MsPacman
3,611,619,MsPacman
3,612,620,MsPacman
3,613,621,MsPacman
3,614,622,MsPacman
3,615,623,MsPacman
3,616,624,MsPacman
3,617,625,MsPacman
3,618,626,MsPacman
3,619,627,MsPacman
3,620,628,MsPacman
3,621,629,MsPacman
3,622,630,MsPacman
3,623,631,MsPacman
3,624,632,MsPacman
3,625,633,MsPacman
3,626,634,MsPacman
3,627,635,MsPacman
3,628,636,MsPacman
3,629,637,MsPacman
3,630,638,MsPacman
3,631,639,MsPacman
3,632,640,MsPacman
3,633,641,MsPacman
3,634,642,MsPacman
3,635,643,MsPacman
3,636,644,MsPacman
3,637,645,MsPacman
3,638,646,MsPacman
3,639,647,MsPacman
3,640,648,MsPacman
3,641,649,MsPacman
3,642,650,MsPacman
3,643,651,MsPacman
3,644,652,MsPacman
3,645,653,MsPacman
3,646,654,MsPacman
3,647,655,MsPacman
3,648,656,MsPacman
3,649,657,MsPacman
3,650,658,MsPacman
3,651,659,MsPacman
3,652,660,MsPacman
3,653,661,MsPacman
3,654,662,MsPacman
3,655,663,MsPacman
3,656,664,MsPacman
3,657,665,MsPacman
3,658,666,MsPacman
3,659,667,MsPacman
3,660,668,MsPacman
3,661,669,MsPacman
3,662,670,MsPacman
3,663,671,MsPacman
3,664,672,MsPacman
3,665,673,MsPacman
3,666,674,MsPacman
3,667,675,MsPacman
3,668,676,MsPacman
3,669,677,MsPacman
3,670,678,MsPacman
3,671,679,MsPacman
3,672,680,MsPacman
3,673,681,MsPacman
3,674,682,MsPacman
3,675,683,MsPacman
3,676,684,MsPacman
3,677,685,MsPacman
3,678,686,MsPacman
3,679,687,MsPacman
3,680,688,MsPacman
3,681,689,MsPacman
3,682,690,MsPacman
3,683,691,MsPacman
3,684,692,MsPacman
3,685,693,MsPacman
3,686,694,MsPacman
3,687,695,MsPacman
3,688,696,MsPacman
3,689,697,MsPacman
3,690,698,MsPacman
3,691,699,MsPacman
3,692,700,MsPacman
3,693,701,MsPacman
3,694,702,MsPacman
3,695,703,MsPacman
3,696,704,MsPacman
3,697,705,MsPacman
3,698,706,MsPacman
3,699,707,MsPacman
3,700,708,MsPacman
3,701,709,MsPacman
3,702,710,MsPacman
3,703,711,MsPacman
3,704,712,MsPacman
3,705,713,MsPacman
3,706,714,MsPacman
3,707,715,MsPacman
3,708,716,MsPacman
3,709,717,MsPacman
3,710,718,MsPacman
3,711,719,MsPacman
3,712,720,MsPacman
3,713,721,MsPacman
3,714,722,MsPacman
3,715,723,MsPacman
3,716,724,MsPacman
3,717,725,MsPacman
3,718,726,MsPacman
3,719,727,MsPacman
3,720,728,MsPacman
3,721,729,MsPacman
3,722,730,MsPacman
3,723,731,MsPacman
3,724,732,MsPacman
3,725,733,MsPacman
3,726,734,MsPacman
3,727,735,MsPacman
3,728,736,MsPacman
3,729,737,MsPacman
3,730,738,MsPacman
3,731,739,MsPacman
3,732,740,MsPacman
3,733,741,MsPacman
3,734,742,MsPacman
3,735,743,MsPacman
3,736,744,MsPacman
3,737,745,MsPacman
3,738,746,MsPacman
3,739,747,MsPacman
3,740,748,MsPacman
3,741,749,MsPacman
3,742,750,MsPacman
3,743,751,MsPacman
3,744,752,MsPacman
3,745,753,MsPacman
3,746,754,MsPacman
3,747,755,MsPacman
3,748,756,MsPacman
3,749,757,MsPacman
3,750,758,MsPacman
3,751,759,MsPacman
3,752,760,MsPacman
3,753,761,MsPacman
3,754,762,MsPacman
3,755,763,MsPacman
3,756,764,MsPacman
3,757,765,MsPacman
3,758,766,MsPacman
3,759,767,MsPacman
3,760,768,MsPacman
3,761,769,MsPacman
3,762,770,MsPacman
3,763,771,MsPacman
3,764,772,MsPacman
3,765,773,MsPacman
3,766,774,MsPacman
3,767,775,MsPacman
3,768,776,MsPacman
3,769,777,MsPacman
3,770,778,MsPacman
3,771,779,MsPacman
3,772,780,MsPacman
3,773,781,MsPacman
3,774,782,MsPacman
3,775,783,MsPacman
3,776,784,MsPacman
3,777,785,MsPacman
3,778,786,MsPacman
3,779,787,MsPacman
3,780,788,MsPacman
3,781,789,MsPacman
3,782,790,MsPacman
3,783,791,MsPacman
3,784,792,MsPacman
3,785,793,MsPacman
3,786,794,MsPacman
3,787,795,MsPacman
3,788,796,MsPacman
3,789,797,MsPacman
3,790,798,MsPacman
3,791,799,MsPacman
3,792,800,MsPacman
3,793,801,MsPacman
3,794,802,MsPacman
3,795,803,MsPacman
3,796,804,MsPacman
3,797,805,MsPacman
3,798,806,MsPacman
3,799,807,MsPacman
3,800,808,MsPacman
3,801,809,MsPacman
3,802,810,MsPacman
3,803,811,MsPacman
3,804,812,MsPacman
3,805,813,MsPacman
3,806,814,MsPacman
3,807,815,MsPacman
3,808,816,MsPacman
3,809,817,MsPacman
3,810,818,MsPacman
3,811,819,MsPacman
3,812,820,MsPacman
3,813,821,MsPacman
3,814,822,MsPacman
3,815,823,MsPacman
3,816,824,MsPacman
3,817,825,MsPacman
3,818,826,MsPacman
3,819,827,MsPacman
3,820,828,MsPacman
3,821,829,MsPacman
3,822,830,MsPacman
3,823,831,MsPacman
3,824,832,MsPacman
3,825,833,MsPacman
3,826,834,MsPacman
3,827,835,MsPacman
3,828,836,MsPacman
3,829,837,MsPacman
3,830,838,MsPacman
3,831,839,MsPacman
3,832,840,MsPacman
3,833,841,MsPacman
3,834,842,MsPacman
3,835,843,MsPacman
3,836,844,MsPacman
3,837,845,MsPacman
3,838,846,MsPacman
3,839,847,MsPacman
3,840,848,MsPacman
3,841,849,MsPacman
3,842,850,MsPacman
3,843,851,MsPacman
3,844,852,MsPacman
3,845,853,MsPacman
3,846,854,MsPacman
3,847,855,MsPacman
3,848,856,MsPacman
3,849,857,MsPacman
3,850,858,MsPacman
3,851,859,MsPacman
3,852,860,MsPacman
3,853,861,MsPacman
3,854,862,MsPacman
3,855,863,MsPacman
3,856,864,MsPacman
3,857,865,MsPacman
3,858,866,MsPacman
3,859,867,MsPacman
3,860,868,MsPacman
3,861,869,MsPacman
3,862,870,MsPacman
3,863,871,MsPacman
3,864,872,MsPacman
3,865,873,MsPacman
3,866,874,MsPacman
3,867,875,MsPacman
3,868,876,MsPacman
3,869,877,MsPacman
3,870,878,MsPacman
3,871,879,MsPacman
3,872,880,MsPacman
3,873,881,MsPacman
3,874,882,MsPacman
3,875,883,MsPacman
3,876,884,MsPacman
3,877,885,MsPacman
3,878,886,MsPacman
3,879,887,MsPacman
3,880,888,MsPacman
3,881,889,MsPacman
3,882,890,MsPacman
3,883,891,MsPacman
3,884,892,MsPacman
3,885,893,MsPacman
3,886,894,MsPacman
3,887,895,MsPacman
3,888,896,MsPacman
3,889,897,MsPacman
3,890,898,MsPacman
3,891,899,MsPacman
3,892,900,MsPacman
3,893,901,MsPacman
3,894,902,MsPacman
3,895,903,MsPacman
3,896,904,MsPacman
3,897,905,MsPacman
3,898,906,MsPacman
3,899,907,MsPacman
3,900,908,MsPacman
3,901,909,MsPacman
3,902,910,MsPacman
3,903,911,MsPacman
3,904,912,MsPacman
3,905,913,MsPacman
3,906,914,MsPacman
3,907,915,MsPacman
3,908,916,MsPacman
3,909,917,MsPacman
3,910,918,MsPacman
3,911,919,MsPacman
3,912,920,MsPacman
3,913,921,MsPacman
3,914,922,MsPacman
3,915,923,MsPacman
3,916,924,MsPacman
3,917,925,MsPacman
3,918,926,MsPacman
3,919,927,MsPacman
3,920,928,MsPacman
3,921,929,MsPacman
3,922,930,MsPacman
3,923,931,MsPacman
3,924,932,MsPacman
3,925,933,MsPacman
3,926,934,MsPacman
3,927,935,MsPacman
3,928,936,MsPacman
3,929,937,MsPacman
3,930,938,MsPacman
3,931,939,MsPacman
3,932,940,MsPacman
3,933,941,MsPacman
3,934,942,MsPacman
3,935,943,MsPacman
3,936,944,MsPacman
3,937,945,MsPacman
3,938,946,MsPacman
3,939,947,MsPacman
3,940,948,MsPacman
3,941,949,MsPacman
3,942,950,MsPacman
3,943,951,MsPacman
3,944,952,MsPacman
3,945,953,MsPacman
3,946,954,MsPacman
3,947,955,MsPacman
3,948,956,MsPacman
3,949,957,MsPacman
3,950,958,MsPacman
3,951,959,MsPacman
3,952,960,MsPacman
3,953,961,MsPacman
3,954,962,MsPacman
3,955,963,MsPacman
3,956,964,MsPacman
3,957,965,MsPacman
3,958,966,MsPacman
3,959,967,MsPacman
4,0,8,MsPacman
4,1,9,MsPacman
4,2,10,MsPacman
4,3,11,MsPacman
4,4,12,MsPacman
4,5,13,MsPacman
4,6,14,MsPacman
4,7,15,MsPacman
4,8,16,MsPacman
4,9,17,MsPacman
4,10,18,MsPacman
4,11,19,MsPacman
4,12,20,MsPacman
4,13,21,MsPacman
4,14,22,MsPacman
4,15,23,MsPacman
4,16,24,MsPacman
4,17,25,MsPacman
4,18,26,MsPacman
4,19,27,MsPacman
4,20,28,MsPacman
4,21,29,MsPacman
4,22,30,MsPacman
4,23,31,MsPacman
4,24,32,MsPacman
4,25,33,MsPacman
4,26,34,MsPacman
4,27,35,MsPacman
4,28,36,MsPacman
4,29,37,MsPacman
4,30,38,MsPacman
4,31,39,MsPacman
4,32,40,MsPacman
4,33,41,MsPacman
4,34,42,MsPacman
4,35,43,MsPacman
4,36,44,MsPacman
4,37,45,MsPacman
4,38,46,MsPacman
4,39,47,MsPacman
4,40,48,MsPacman
4,41,49,MsPacman
4,42,50,MsPacman
4,43,51,MsPacman
4,44,52,MsPacman
4,45,53,MsPacman
4,46,54,MsPacman
4,47,55,MsPacman
4,48,56,MsPacman
4,49,57,MsPacman
4,50,58,MsPacman
4,51,59,MsPacman
4,52,60,MsPacman
4,53,61,MsPacman
4,54,62,MsPacman
4,55,63,MsPacman
4,56,64,MsPacman
4,57,65,MsPacman
4,58,66,MsPacman
4,59,67,MsPacman
4,60,68,MsPacman
4,61,69,MsPacman
4,62,70,MsPacman
4,63,71,MsPacman
4,64,72,MsPacman
4,65,73,MsPacman
4,66,74,MsPacman
4,67,75,MsPacman
4,68,76,MsPacman
4,69,77,MsPacman
4,70,78,MsPacman
4,71,79,MsPacman
4,72,80,MsPacman
4,73,81,MsPacman
4,74,82,MsPacman
4,75,83,MsPacman
4,76,84,MsPacman
4,77,85,MsPacman
4,78,86,MsPacman
4,79,87,MsPacman
4,80,88,MsPacman
4,81,89,MsPacman
4,82,90,MsPacman
4,83,91,MsPacman
4,84,92,MsPacman
4,85,93,MsPacman
4,86,94,MsPacman
4,87,95,MsPacman
4,88,96,MsPacman
4,89,97,MsPacman
4,90,98,MsPacman
4,91,99,MsPacman
4,92,100,MsPacman
4,93,101,MsPacman
4,94,102,MsPacman
4,95,103,MsPacman
4,96,104,MsPacman
4,97,105,MsPacman
4,98,106,MsPacman
4,99,107,MsPacman
4,100,108,MsPacman
4,101,109,MsPacman
4,102,110,MsPacman
4,103,111,MsPacman
4,104,112,MsPacman
4,105,113,MsPacman
4,106,114,MsPacman
4,107,115,MsPacman
4,108,116,MsPacman
4,109,117,MsPacman
4,110,118,MsPacman
4,111,119,MsPacman
4,112,120,MsPacman
4,113,121,MsPacman
4,114,122,MsPacman
4,115,123,MsPacman
4,116,124,MsPacman
4,117,125,MsPacman
4,118,126,MsPacman
4,119,127,MsPacman
4,120,128,MsPacman
4,121,129,MsPacman
4,122,130,MsPacman
4,123,131,MsPacman
4,124,132,MsPacman
4,125,133,MsPacman
4,126,134,MsPacman
4,127,135,MsPacman
4,128,136,MsPacman
4,129,137,MsPacman
4,130,138,MsPacman
4,131,139,MsPacman
4,132,140,MsPacman
4,133,141,MsPacman
4,134,142,MsPacman
4,135,143,MsPacman
4,136,144,MsPacman
4,137,145,MsPacman
4,138,146,MsPacman
4,139,147,MsPacman
4,140,148,MsPacman
4,141,149,MsPacman
4,142,150,MsPacman
4,143,151,MsPacman
4,144,152,MsPacman
4,145,153,MsPacman
4,146,154,MsPacman
4,147,155,MsPacman
4,148,156,MsPacman
4,149,157,MsPacman
4,150,158,MsPacman
4,151,159,MsPacman
4,152,160,MsPacman
4,153,161,MsPacman
4,154,162,MsPacman
4,155,163,MsPacman
4,156,164,MsPacman
4,157,165,MsPacman
4,158,166,MsPacman
4,159,167,MsPacman
4,160,168,MsPacman
4,161,169,MsPacman
4,162,170,MsPacman
4,163,171,MsPacman
4,164,172,MsPacman
4,165,173,MsPacman
4,166,174,MsPacman
4,167,175,MsPacman
4,168,176,MsPacman
4,169,177,MsPacman
4,170,178,MsPacman
4,171,179,MsPacman
4,172,180,MsPacman
4,173,181,MsPacman
4,174,182,MsPacman
4,175,183,MsPacman
4,176,184,MsPacman
4,177,185,MsPacman
4,178,186,MsPacman
4,179,187,MsPacman
4,180,188,MsPacman
4,181,189,MsPacman
4,182,190,MsPacman
4,183,191,MsPacman
4,184,192,MsPacman
4,185,193,MsPacman
4,186,194,MsPacman
4,187,195,MsPacman
4,188,196,MsPacman
4,189,197,MsPacman
4,190,198,MsPacman
4,191,199,MsPacman
4,192,200,MsPacman
4,193,201,MsPacman
4,194,202,MsPacman
4,195,203,MsPacman
4,196,204,MsPacman
4,197,205,MsPacman
4,198,206,MsPacman
4,199,207,MsPacman
4,200,208,MsPacman
4,201,209,MsPacman
4,202,210,MsPacman
4,203,211,MsPacman
4,204,212,MsPacman
4,205,213,MsPacman
4,206,214,MsPacman
4,207,215,MsPacman
4,208,216,MsPacman
4,209,217,MsPacman
4,210,218,MsPacman
4,211,219,MsPacman
4,212,220,MsPacman
4,213,221,MsPacman
4,214,222,MsPacman
4,215,223,MsPacman
4,216,224,MsPacman
4,217,225,MsPacman
4,218,226,MsPacman
4,219,227,MsPacman
4,220,228,MsPacman
4,221,229,MsPacman
4,222,230,MsPacman
4,223,231,MsPacman
4,224,232,MsPacman
4,225,233,MsPacman
4,226,234,MsPacman
4,227,235,MsPacman
4,228,236,MsPacman
4,229,237,MsPacman
4,230,238,MsPacman
4,231,239,MsPacman
4,232,240,MsPacman
4,233,241,MsPacman
4,234,242,MsPacman
4,235,243,MsPacman
4,236,244,MsPacman
4,237,245,MsPacman
4,238,246,MsPacman
4,239,247,MsPacman
4,240,248,MsPacman
4,241,249,MsPacman
4,242,250,MsPacman
4,243,251,MsPacman
4,244,252,MsPacman
4,245,253,MsPacman
4,246,254,MsPacman
4,247,255,MsPacman
4,248,256,MsPacman
4,249,257,MsPacman
4,250,258,MsPacman
4,251,259,MsPacman
4,252,260,MsPacman
4,253,261,MsPacman
4,254,262,MsPacman
4,255,263,MsPacman
4,256,264,MsPacman
4,257,265,MsPacman
4,258,266,MsPacman
4,259,267,MsPacman
4,260,268,MsPacman
4,261,269,MsPacman
4,262,270,MsPacman
4,263,271,MsPacman
4,264,272,MsPacman
4,265,273,MsPacman
4,266,274,MsPacman
4,267,275,MsPacman
4,268,276,MsPacman
4,269,277,MsPacman
4,270,278,MsPacman
4,271,279,MsPacman
4,272,280,MsPacman
4,273,281,MsPacman
4,274,282,MsPacman
4,275,283,MsPacman
4,276,284,MsPacman
4,277,285,MsPacman
4,278,286,MsPacman
4,279,287,MsPacman
4,280,288,MsPacman
4,281,289,MsPacman
4,282,290,MsPacman
4,283,291,MsPacman
4,284,292,MsPacman
4,285,293,MsPacman
4,286,294,MsPacman
4,287,295,MsPacman
4,288,296,MsPacman
4,289,297,MsPacman
4,290,298,MsPacman
4,291,299,MsPacman
4,292,300,MsPacman
4,293,301,MsPacman
4,294,302,MsPacman
4,295,303,MsPacman
4,296,304,MsPacman
4,297,305,MsPacman
4,298,306,MsPacman
4,299,307,MsPacman
4,300,308,MsPacman
4,301,309,MsPacman
4,302,310,MsPacman
4,303,311,MsPacman
4,304,312,MsPacman
4,305,313,MsPacman
4,306,314,MsPacman
4,307,315,MsPacman
4,308,316,MsPacman
4,309,317,MsPacman
4,310,318,MsPacman
4,311,319,MsPacman
4,312,320,MsPacman
4,313,321,MsPacman
4,314,322,MsPacman
4,315,323,MsPacman
4,316,324,MsPacman
4,317,325,MsPacman
4,318,326,MsPacman
4,319,327,MsPacman
4,320,328,MsPacman
4,321,329,MsPacman
4,322,330,MsPacman
4,323,331,MsPacman
4,324,332,MsPacman
4,325,333,MsPacman
4,326,334,MsPacman
4,327,335,MsPacman
4,328,336,MsPacman
4,329,337,MsPacman
4,330,338,MsPacman
4,331,339,MsPacman
4,332,340,MsPacman
4,333,341,MsPacman
4,334,342,MsPacman
4,335,343,MsPacman
4,336,344,MsPacman
4,337,345,MsPacman
4,338,346,MsPacman
4,339,347,MsPacman
4,340,348,MsPacman
4,341,349,MsPacman
4,342,350,MsPacman
4,343,351,MsPacman
4,344,352,MsPacman
4,345,353,MsPacman
4,346,354,MsPacman
4,347,355,MsPacman
4,348,356,MsPacman
4,349,357,MsPacman
4,350,358,MsPacman
4,351,359,MsPacman
4,352,360,MsPacman
4,353,361,MsPacman
4,354,362,MsPacman
4,355,363,MsPacman
4,356,364,MsPacman
4,357,365,MsPacman
4,358,366,MsPacman
4,359,367,MsPacman
4,360,368,MsPacman
4,361,369,MsPacman
4,362,370,MsPacman
4,363,371,MsPacman
4,364,372,MsPacman
4,365,373,MsPacman
4,366,374,MsPacman
4,367,375,MsPacman
4,368,376,MsPacman
4,369,377,MsPacman
4,370,378,MsPacman
4,371,379,MsPacman
4,372,380,MsPacman
4,373,381,MsPacman
4,374,382,MsPacman
4,375,383,MsPacman
4,376,384,MsPacman
4,377,385,MsPacman
4,378,386,MsPacman
4,379,387,MsPacman
4,380,388,MsPacman
4,381,389,MsPacman
4,382,390,MsPacman
4,383,391,MsPacman
4,384,392,MsPacman
4,385,393,MsPacman
4,386,394,MsPacman
4,387,395,MsPacman
4,388,396,MsPacman
4,389,397,MsPacman
4,390,398,MsPacman
4,391,399,MsPacman
4,392,400,MsPacman
4,393,401,MsPacman
4,394,402,MsPacman
4,395,403,MsPacman
4,396,404,MsPacman
4,397,405,MsPacman
4,398,406,MsPacman
4,399,407,MsPacman
4,400,408,MsPacman
4,401,409,MsPacman
4,402,410,MsPacman
4,403,411,MsPacman
4,404,412,MsPacman
4,405,413,MsPacman
4,406,414,MsPacman
4,407,415,MsPacman
4,408,416,MsPacman
4,409,417,MsPacman
4,410,418,MsPacman
4,411,419,MsPacman
4,412,420,MsPacman
4,413,421,MsPacman
4,414,422,MsPacman
4,415,423,MsPacman
4,416,424,MsPacman
4,417,425,MsPacman
4,418,426,MsPacman
4,419,427,MsPacman
4,420,428,MsPacman
4,421,429,MsPacman
4,422,430,MsPacman
4,423,431,MsPacman
4,424,432,MsPacman
4,425,433,MsPacman
4,426,434,MsPacman
4,427,435,MsPacman
4,428,436,MsPacman
4,429,437,MsPacman
4,430,438,MsPacman
4,431,439,MsPacman
4,432,440,MsPacman
4,433,441,MsPacman
4,434,442,MsPacman
4,435,443,MsPacman
4,436,444,MsPacman
4,437,445,MsPacman
4,438,446,MsPacman
4,439,447,MsPacman
4,440,448,MsPacman
4,441,449,MsPacman
4,442,450,MsPacman
4,443,451,MsPacman
4,444,452,MsPacman
4,445,453,MsPacman
4,446,454,MsPacman
4,447,455,MsPacman
4,448,456,MsPacman
4,449,457,MsPacman
4,450,458,MsPacman
4,451,459,MsPacman
4,452,460,MsPacman
4,453,461,MsPacman
4,454,462,MsPacman
4,455,463,MsPacman
4,456,464,MsPacman
4,457,465,MsPacman
4,458,466,MsPacman
4,459,467,MsPacman
4,460,468,MsPacman
4,461,469,MsPacman
4,462,470,MsPacman
4,463,471,MsPacman
4,464,472,MsPacman
4,465,473,MsPacman
4,466,474,MsPacman
4,467,475,MsPacman
4,468,476,MsPacman
4,469,477,MsPacman
4,470,478,MsPacman
4,471,479,MsPacman
4,472,480,MsPacman
4,473,481,MsPacman
4,474,482,MsPacman
4,475,483,MsPacman
4,476,484,MsPacman
4,477,485,MsPacman
4,478,486,MsPacman
4,479,487,MsPacman
4,480,488,MsPacman
4,481,489,MsPacman
4,482,490,MsPacman
4,483,491,MsPacman
4,484,492,MsPacman
4,485,493,MsPacman
4,486,494,MsPacman
4,487,495,MsPacman
4,488,496,MsPacman
4,489,497,MsPacman
4,490,498,MsPacman
4,491,499,MsPacman
4,492,500,MsPacman
4,493,501,MsPacman
4,494,502,MsPacman
4,495,503,MsPacman
4,496,504,MsPacman
4,497,505,MsPacman
4,498,506,MsPacman
4,499,507,MsPacman
4,500,508,MsPacman
4,501,509,MsPacman
4,502,510,MsPacman
4,503,511,MsPacman
4,504,512,MsPacman
4,505,513,MsPacman
4,506,514,MsPacman
4,507,515,MsPacman
4,508,516,MsPacman
4,509,517,MsPacman
4,510,518,MsPacman
4,511,519,MsPacman
4,512,520,MsPacman
4,513,521,MsPacman
4,514,522,MsPacman
4,515,523,MsPacman
4,516,524,MsPacman
4,517,525,MsPacman
4,518,526,MsPacman
4,519,527,MsPacman
4,520,528,MsPacman
4,521,529,MsPacman
4,522,530,MsPacman
4,523,531,MsPacman
4,524,532,MsPacman
4,525,533,MsPacman
4,526,534,MsPacman
4,527,535,MsPacman
4,528,536,MsPacman
4,529,537,MsPacman
4,530,538,MsPacman
4,531,539,MsPacman
4,532,540,MsPacman
4,533,541,MsPacman
4,534,542,MsPacman
4,535,543,MsPacman
4,536,544,MsPacman
4,537,545,MsPacman
4,538,546,MsPacman
4,539,547,MsPacman
4,540,548,MsPacman
4,541,549,MsPacman
4,542,550,MsPacman
4,543,551,MsPacman
4,544,552,MsPacman
4,545,553,MsPacman
4,546,554,MsPacman
4,547,555,MsPacman
4,548,556,MsPacman
4,549,557,MsPacman
4,550,558,MsPacman
4,551,559,MsPacman
4,552,560,MsPacman
4,553,561,MsPacman
4,554,562,MsPacman
4,555,563,MsPacman
4,556,564,MsPacman
4,557,565,MsPacman
4,558,566,MsPacman
4,559,567,MsPacman
4,560,568,MsPacman
4,561,569,MsPacman
4,562,570,MsPacman
4,563,571,MsPacman
4,564,572,MsPacman
4,565,573,MsPacman
4,566,574,MsPacman
4,567,575,MsPacman
4,568,576,MsPacman
4,569,577,MsPacman
4,570,578,MsPacman
4,571,579,MsPacman
4,572,580,MsPacman
4,573,581,MsPacman
4,574,582,MsPacman
4,575,583,MsPacman
4,576,584,MsPacman
4,577,585,MsPacman
4,578,586,MsPacman
4,579,587,MsPacman
4,580,588,MsPacman
4,581,589,MsPacman
4,582,590,MsPacman
4,583,591,MsPacman
4,584,592,MsPacman
4,585,593,MsPacman
4,586,594,MsPacman
4,587,595,MsPacman
4,588,596,MsPacman
4,589,597,MsPacman
4,590,598,MsPacman
4,591,599,MsPacman
4,592,600,MsPacman
4,593,601,MsPacman
4,594,602,MsPacman
4,595,603,MsPacman
4,596,604,MsPacman
4,597,605,MsPacman
4,598,606,MsPacman
4,599,607,MsPacman
4,600,608,MsPacman
4,601,609,MsPacman
4,602,610,MsPacman
4,603,611,MsPacman
4,604,612,MsPacman
4,605,613,MsPacman
4,606,614,MsPacman
4,607,615,MsPacman
4,608,616,MsPacman
4,609,617,MsPacman
4,610,618,MsPacman
4,611,619,MsPacman
4,612,620,MsPacman
4,613,621,MsPacman
4,614,622,MsPacman
4,615,623,MsPacman
4,616,624,MsPacman
4,617,625,MsPacman
4,618,626,MsPacman
4,619,627,MsPacman
4,620,628,MsPacman
4,621,629,MsPacman
4,622,630,MsPacman
4,623,631,MsPacman
4,624,632,MsPacman
4,625,633,MsPacman
4,626,634,MsPacman
4,627,635,MsPacman
4,628,636,MsPacman
4,629,637,MsPacman
4,630,638,MsPacman
4,631,639,MsPacman
4,632,640,MsPacman
4,633,641,MsPacman
4,634,642,MsPacman
4,635,643,MsPacman
4,636,644,MsPacman
4,637,645,MsPacman
4,638,646,MsPacman
4,639,647,MsPacman
4,640,648,MsPacman
4,641,649,MsPacman
4,642,650,MsPacman
4,643,651,MsPacman
4,644,652,MsPacman
4,645,653,MsPacman
4,646,654,MsPacman
4,647,655,MsPacman
4,648,656,MsPacman
4,649,657,MsPacman
4,650,658,MsPacman
4,651,659,MsPacman
4,652,660,MsPacman
4,653,661,MsPacman
4,654,662,MsPacman
4,655,663,MsPacman
4,656,664,MsPacman
4,657,665,MsPacman
4,658,666,MsPacman
4,659,667,MsPacman
4,660,668,MsPacman
4,661,669,MsPacman
4,662,670,MsPacman
4,663,671,MsPacman
4,664,672,MsPacman
4,665,673,MsPacman
4,666,674,MsPacman
4,667,675,MsPacman
4,668,676,MsPacman
4,669,677,MsPacman
4,670,678,MsPacman
4,671,679,MsPacman
4,672,680,MsPacman
4,673,681,MsPacman
4,674,682,MsPacman
4,675,683,MsPacman
4,676,684,MsPacman
4,677,685,MsPacman
4,678,686,MsPacman
4,679,687,MsPacman
4,680,688,MsPacman
4,681,689,MsPacman
4,682,690,MsPacman
4,683,691,MsPacman
4,684,692,MsPacman
4,685,693,MsPacman
4,686,694,MsPacman
4,687,695,MsPacman
4,688,696,MsPacman
4,689,697,MsPacman
4,690,698,MsPacman
4,691,699,MsPacman
4,692,700,MsPacman
4,693,701,MsPacman
4,694,702,MsPacman
4,695,703,MsPacman
4,696,704,MsPacman
4,697,705,MsPacman
4,698,706,MsPacman
4,699,707,MsPacman
4,700,708,MsPacman
4,701,709,MsPacman
4,702,710,MsPacman
4,703,711,MsPacman
4,704,712,MsPacman
4,705,713,MsPacman
4,706,714,MsPacman
4,707,715,MsPacman
4,708,716,MsPacman
4,709,717,MsPacman
4,710,718,MsPacman
4,711,719,MsPacman
4,712,720,MsPacman
4,713,721,MsPacman
4,714,722,MsPacman
4,715,723,MsPacman
4,716,724,MsPacman
4,717,725,MsPacman
4,718,726,MsPacman
4,719,727,MsPacman
4,720,728,MsPacman
4,721,729,MsPacman
4,722,730,MsPacman
4,723,731,MsPacman
4,724,732,MsPacman
4,725,733,MsPacman
4,726,734,MsPacman
4,727,735,MsPacman
4,728,736,MsPacman
4,729,737,MsPacman
4,730,738,MsPacman
4,731,739,MsPacman
4,732,740,MsPacman
4,733,741,MsPacman
4,734,742,MsPacman
4,735,743,MsPacman
4,736,744,MsPacman
4,737,745,MsPacman
4,738,746,MsPacman
4,739,747,MsPacman
4,740,748,MsPacman
4,741,749,MsPacman
4,742,750,MsPacman
4,743,751,MsPacman
4,744,752,MsPacman
4,745,753,MsPacman
4,746,754,MsPacman
4,747,755,MsPacman
4,748,756,MsPacman
4,749,757,MsPacman
4,750,758,MsPacman
4,751,759,MsPacman
4,752,760,MsPacman
4,753,761,MsPacman
4,754,762,MsPacman
4,755,763,MsPacman
4,756,764,MsPacman
4,757,765,MsPacman
4,758,766,MsPacman
4,759,767,MsPacman
4,760,768,MsPacman
4,761,769,MsPacman
4,762,770,MsPacman
4,763,771,MsPacman
4,764,772,MsPacman
4,765,773,MsPacman
4,766,774,MsPacman
4,767,775,MsPacman
4,768,776,MsPacman
4,769,777,MsPacman
4,770,778,MsPacman
4,771,779,MsPacman
4,772,780,MsPacman
4,773,781,MsPacman
4,774,782,MsPacman
4,775,783,MsPacman
4,776,784,MsPacman
4,777,785,MsPacman
4,778,786,MsPacman
4,779,787,MsPacman
4,780,788,MsPacman
4,781,789,MsPacman
4,782,790,MsPacman
4,783,791,MsPacman
4,784,792,MsPacman
4,785,793,MsPacman
4,786,794,MsPacman
4,787,795,MsPacman
4,788,796,MsPacman
4,789,797,MsPacman
4,790,798,MsPacman
4,791,799,MsPacman
4,792,800,MsPacman
4,793,801,MsPacman
4,794,802,MsPacman
4,795,803,MsPacman
4,796,804,MsPacman
4,797,805,MsPacman
4,798,806,MsPacman
4,799,807,MsPacman
4,800,808,MsPacman
4,801,809,MsPacman
4,802,810,MsPacman
4,803,811,MsPacman
4,804,812,MsPacman
4,805,813,MsPacman
4,806,814,MsPacman
4,807,815,MsPacman
4,808,816,MsPacman
4,809,817,MsPacman
4,810,818,MsPacman
4,811,819,MsPacman
4,812,820,MsPacman
4,813,821,MsPacman
4,814,822,MsPacman
4,815,823,MsPacman
4,816,824,MsPacman
4,817,825,MsPacman
4,818,826,MsPacman
4,819,827,MsPacman
4,820,828,MsPacman
4,821,829,MsPacman
4,822,830,MsPacman
4,823,831,MsPacman
4,824,832,MsPacman
4,825,833,MsPacman
4,826,834,MsPacman
4,827,835,MsPacman
4,828,836,MsPacman
4,829,837,MsPacman
4,830,838,MsPacman
4,831,839,MsPacman
4,832,840,MsPacman
4,833,841,MsPacman
4,834,842,MsPacman
4,835,843,MsPacman
4,836,844,MsPacman
4,837,845,MsPacman
4,838,846,MsPacman
4,839,847,MsPacman
4,840,848,MsPacman
4,841,849,MsPacman
4,842,850,MsPacman
4,843,851,MsPacman
4,844,852,MsPacman
4,845,853,MsPacman
4,846,854,MsPacman
4,847,855,MsPacman
4,848,856,MsPacman
4,849,857,MsPacman
4,850,858,MsPacman
4,851,859,MsPacman
4,852,860,MsPacman
4,853,861,MsPacman
4,854,862,MsPacman
4,855,863,MsPacman
4,856,864,MsPacman
4,857,865,MsPacman
4,858,866,MsPacman
4,859,867,MsPacman
4,860,868,MsPacman
4,861,869,MsPacman
4,862,870,MsPacman
4,863,871,MsPacman
4,864,872,MsPacman
4,865,873,MsPacman
4,866,874,MsPacman
4,867,875,MsPacman
4,868,876,MsPacman
4,869,877,MsPacman
4,870,878,MsPacman
4,871,879,MsPacman
4,872,880,MsPacman
4,873,881,MsPacman
4,874,882,MsPacman
4,875,883,MsPacman
4,876,884,MsPacman
4,877,885,MsPacman
4,878,886,MsPacman
4,879,887,MsPacman
4,880,888,MsPacman
4,881,889,MsPacman
4,882,890,MsPacman
4,883,891,MsPacman
4,884,892,MsPacman
4,885,893,MsPacman
4,886,894,MsPacman
4,887,895,MsPacman
4,888,896,MsPacman
4,889,897,MsPacman
4,890,898,MsPacman
4,891,899,MsPacman
4,892,900,MsPacman
4,893,901,MsPacman
4,894,902,MsPacman
4,895,903,MsPacman
4,896,904,MsPacman
4,897,905,MsPacman
4,898,906,MsPacman
4,899,907,MsPacman
4,900,908,MsPacman
4,901,909,MsPacman
4,902,910,MsPacman
4,903,911,MsPacman
4,904,912,MsPacman
4,905,913,MsPacman
4,906,914,MsPacman
4,907,915,MsPacman
4,908,916,MsPacman
4,909,917,MsPacman
4,910,918,MsPacman
4,911,919,MsPacman
4,912,920,MsPacman
4,913,921,MsPacman
4,914,922,MsPacman
4,915,923,MsPacman
4,916,924,MsPacman
4,917,925,MsPacman
4,918,926,MsPacman
4,919,927,MsPacman
4,920,928,MsPacman
4,921,929,MsPacman
4,922,930,MsPacman
4,923,931,MsPacman
4,924,932,MsPacman
4,925,933,MsPacman
4,926,934,MsPacman
4,927,935,MsPacman
4,928,936,MsPacman
4,929,937,MsPacman
4,930,938,MsPacman
4,931,939,MsPacman
4,932,940,MsPacman
4,933,941,MsPacman
4,934,942,MsPacman
4,935,943,MsPacman
4,936,944,MsPacman
4,937,945,MsPacman
4,938,946,MsPacman
4,939,947,MsPacman
4,940,948,MsPacman
4,941,949,MsPacman
4,942,950,MsPacman
4,943,951,MsPacman
4,944,952,MsPacman
4,945,953,MsPacman
4,946,954,MsPacman
4,947,955,MsPacman
4,948,956,MsPacman
4,949,957,MsPacman
4,950,958,MsPacman
4,951,959,MsPacman
4,952,960,MsPacman
4,953,961,MsPacman
4,954,962,MsPacman
4,955,963,MsPacman
4,956,964,MsPacman
4,957,965,MsPacman
4,958,966,MsPacman
4,959,967,MsPacman
4,960,968,MsPacman
4,961,969,MsPacman
4,962,970,MsPacman
4,963,971,MsPacman
4,964,972,MsPacman
4,965,973,MsPacman
4,966,974,MsPacman
4,967,975,MsPacman
4,968,976,MsPacman
4,969,977,MsPacman
4,970,978,MsPacman
4,971,979,MsPacman
4,972,980,MsPacman
4,973,981,MsPacman
4,974,982,MsPacman
4,975,983,MsPacman
4,976,984,MsPacman
4,977,985,MsPacman
4,978,986,MsPacman
4,979,987,MsPacman
4,980,988,MsPacman
4,981,989,MsPacman
4,982,990,MsPacman
4,983,991,MsPacman
4,984,992,MsPacman
4,985,993,MsPacman
4,986,994,MsPacman
4,987,995,MsPacman
4,988,996,MsPacman
4,989,997,MsPacman
4,990,998,MsPacman
4,991,999,MsPacman
4,992,1000,MsPacman
4,993,1001,MsPacman
4,994,1002,MsPacman
4,995,1003,MsPacman
4,996,1004,MsPacman
4,997,1005,MsPacman
4,998,1006,MsPacman
4,999,1007,MsPacman
4,1000,1008,MsPacman
4,1001,1009,MsPacman
4,1002,1010,MsPacman
4,1003,1011,MsPacman
4,1004,1012,MsPacman
4,1005,1013,MsPacman
4,1006,1014,MsPacman
4,1007,1015,MsPacman
4,1008,1016,MsPacman
4,1009,1017,MsPacman
4,1010,1018,MsPacman
4,1011,1019,MsPacman
4,1012,1020,MsPacman
4,1013,1021,MsPacman
4,1014,1022,MsPacman
4,1015,1023,MsPacman
4,1016,1024,MsPacman
4,1017,1025,MsPacman
4,1018,1026,MsPacman
4,1019,1027,MsPacman
4,1020,1028,MsPacman
4,1021,1029,MsPacman
4,1022,1030,MsPacman
4,1023,1031,MsPacman
4,1024,1032,MsPacman
4,1025,1033,MsPacman
4,1026,1034,MsPacman
4,1027,1035,MsPacman
4,1028,1036,MsPacman
4,1029,1037,MsPacman
4,1030,1038,MsPacman
4,1031,1039,MsPacman
4,1032,1040,MsPacman
4,1033,1041,MsPacman
4,1034,1042,MsPacman
4,1035,1043,MsPacman
4,1036,1044,MsPacman
4,1037,1045,MsPacman
4,1038,1046,MsPacman
4,1039,1047,MsPacman
4,1040,1048,MsPacman
4,1041,1049,MsPacman
4,1042,1050,MsPacman
4,1043,1051,MsPacman
4,1044,1052,MsPacman
4,1045,1053,MsPacman
4,1046,1054,MsPacman
4,1047,1055,MsPacman
4,1048,1056,MsPacman
4,1049,1057,MsPacman
4,1050,1058,MsPacman
4,1051,1059,MsPacman
4,1052,1060,MsPacman
4,1053,1061,MsPacman
4,1054,1062,MsPacman
4,1055,1063,MsPacman
4,1056,1064,MsPacman
4,1057,1065,MsPacman
4,1058,1066,MsPacman
4,1059,1067,MsPacman
4,1060,1068,MsPacman
4,1061,1069,MsPacman
4,1062,1070,MsPacman
4,1063,1071,MsPacman
4,1064,1072,MsPacman
4,1065,1073,MsPacman
4,1066,1074,MsPacman
4,1067,1075,MsPacman
4,1068,1076,MsPacman
4,1069,1077,MsPacman
4,1070,1078,MsPacman
4,1071,1079,MsPacman
4,1072,1080,MsPacman
4,1073,1081,MsPacman
4,1074,1082,MsPacman
4,1075,1083,MsPacman
4,1076,1084,MsPacman
4,1077,1085,MsPacman
4,1078,1086,MsPacman
4,1079,1087,MsPacman
4,1080,1088,MsPacman
4,1081,1089,MsPacman
4,1082,1090,MsPacman
4,1083,1091,MsPacman
4,1084,1092,MsPacman
4,1085,1093,MsPacman
4,1086,1094,MsPacman
4,1087,1095,MsPacman
4,1088,1096,MsPacman
4,1089,1097,MsPacman
4,1090,1098,MsPacman
4,1091,1099,MsPacman
4,1092,1100,MsPacman
4,1093,1101,MsPacman
4,1094,1102,MsPacman
4,1095,1103,MsPacman
4,1096,1104,MsPacman
4,1097,1105,MsPacman
4,1098,1106,MsPacman
4,1099,1107,MsPacman
4,1100,1108,MsPacman
4,1101,1109,MsPacman
4,1102,1110,MsPacman
4,1103,1111,MsPacman
4,1104,1112,MsPacman
4,1105,1113,MsPacman
4,1106,1114,MsPacman
4,1107,1115,MsPacman
4,1108,1116,MsPacman
4,1109,1117,MsPacman
4,1110,1118,MsPacman
4,1111,1119,MsPacman
4,1112,1120,MsPacman
4,1113,1121,MsPacman
4,1114,1122,MsPacman
4,1115,1123,MsPacman
4,1116,1124,MsPacman
4,1117,1125,MsPacman
4,1118,1126,MsPacman
4,1119,1127,MsPacman
4,1120,1128,MsPacman
4,1121,1129,MsPacman
4,1122,1130,MsPacman
4,1123,1131,MsPacman
4,1124,1132,MsPacman
4,1125,1133,MsPacman
4,1126,1134,MsPacman
4,1127,1135,MsPacman
4,1128,1136,MsPacman
4,1129,1137,MsPacman
4,1130,1138,MsPacman
4,1131,1139,MsPacman
4,1132,1140,MsPacman
4,1133,1141,MsPacman
4,1134,1142,MsPacman
4,1135,1143,MsPacman
4,1136,1144,MsPacman
4,1137,1145,MsPacman
