Episode index,Start index,End index,Environment
0,0,8,Robotank
0,4,12,Robotank
0,8,16,Robotank
0,12,20,Robotank
0,16,24,Robotank
0,20,28,Robotank
0,24,32,Robotank
0,28,36,Robotank
0,32,40,Robotank
0,36,44,Robotank
0,40,48,Robotank
0,44,52,Robotank
0,48,56,Robotank
0,52,60,Robotank
0,56,64,Robotank
0,60,68,Robotank
0,64,72,Robotank
0,68,76,Robotank
0,72,80,Robotank
0,76,84,Robotank
0,80,88,Robotank
0,84,92,Robotank
0,88,96,Robotank
0,92,100,Robotank
0,96,104,Robotank
0,100,108,Robotank
0,104,112,Robotank
0,108,116,Robotank
0,112,120,Robotank
0,116,124,Robotank
0,120,128,Robotank
0,124,132,Robotank
0,128,136,Robotank
0,132,140,Robotank
0,136,144,Robotank
0,140,148,Robotank
0,144,152,Robotank
0,148,156,Robotank
0,152,160,Robotank
0,156,164,Robotank
0,160,168,Robotank
0,164,172,Robotank
0,168,176,Robotank
0,172,180,Robotank
0,176,184,Robotank
0,180,188,Robotank
0,184,192,Robotank
0,188,196,Robotank
0,192,200,Robotank
0,196,204,Robotank
0,200,208,Robotank
0,204,212,Robotank
0,208,216,Robotank
0,212,220,Robotank
0,216,224,Robotank
0,220,228,Robotank
0,224,232,Robotank
0,228,236,Robotank
0,232,240,Robotank
0,236,244,Robotank
0,240,248,Robotank
0,244,252,Robotank
0,248,256,Robotank
0,252,260,Robotank
0,256,264,Robotank
0,260,268,Robotank
0,264,272,Robotank
0,268,276,Robotank
0,272,280,Robotank
0,276,284,Robotank
0,280,288,Robotank
0,284,292,Robotank
0,288,296,Robotank
0,292,300,Robotank
0,296,304,Robotank
0,300,308,Robotank
0,304,312,Robotank
0,308,316,Robotank
0,312,320,Robotank
0,316,324,Robotank
0,320,328,Robotank
0,324,332,Robotank
0,328,336,Robotank
0,332,340,Robotank
0,336,344,Robotank
0,340,348,Robotank
0,344,352,Robotank
0,348,356,Robotank
0,352,360,Robotank
0,356,364,Robotank
0,360,368,Robotank
0,364,372,Robotank
0,368,376,Robotank
0,372,380,Robotank
0,376,384,Robotank
0,380,388,Robotank
0,384,392,Robotank
0,388,396,Robotank
0,392,400,Robotank
0,396,404,Robotank
0,400,408,Robotank
0,404,412,Robotank
0,408,416,Robotank
0,412,420,Robotank
0,416,424,Robotank
0,420,428,Robotank
0,424,432,Robotank
0,428,436,Robotank
0,432,440,Robotank
0,436,444,Robotank
0,440,448,Robotank
0,444,452,Robotank
0,448,456,Robotank
0,452,460,Robotank
0,456,464,Robotank
0,460,468,Robotank
0,464,472,Robotank
0,468,476,Robotank
0,472,480,Robotank
0,476,484,Robotank
0,480,488,Robotank
0,484,492,Robotank
0,488,496,Robotank
0,492,500,Robotank
0,496,504,Robotank
0,500,508,Robotank
0,504,512,Robotank
0,508,516,Robotank
0,512,520,Robotank
0,516,524,Robotank
0,520,528,Robotank
0,524,532,Robotank
0,528,536,Robotank
0,532,540,Robotank
0,536,544,Robotank
0,540,548,Robotank
0,544,552,Robotank
0,548,556,Robotank
0,552,560,Robotank
0,556,564,Robotank
0,560,568,Robotank
0,564,572,Robotank
0,568,576,Robotank
0,572,580,Robotank
0,576,584,Robotank
0,580,588,Robotank
0,584,592,Robotank
0,588,596,Robotank
0,592,600,Robotank
0,596,604,Robotank
0,600,608,Robotank
0,604,612,Robotank
0,608,616,Robotank
0,612,620,Robotank
0,616,624,Robotank
0,620,628,Robotank
0,624,632,Robotank
0,628,636,Robotank
0,632,640,Robotank
0,636,644,Robotank
0,640,648,Robotank
0,644,652,Robotank
0,648,656,Robotank
0,652,660,Robotank
0,656,664,Robotank
0,660,668,Robotank
0,664,672,Robotank
0,668,676,Robotank
0,672,680,Robotank
0,676,684,Robotank
0,680,688,Robotank
0,684,692,Robotank
0,688,696,Robotank
0,692,700,Robotank
0,696,704,Robotank
0,700,708,Robotank
0,704,712,Robotank
0,708,716,Robotank
0,712,720,Robotank
0,716,724,Robotank
0,720,728,Robotank
0,724,732,Robotank
0,728,736,Robotank
0,732,740,Robotank
0,736,744,Robotank
0,740,748,Robotank
0,744,752,Robotank
0,748,756,Robotank
0,752,760,Robotank
0,756,764,Robotank
0,760,768,Robotank
0,764,772,Robotank
0,768,776,Robotank
0,772,780,Robotank
0,776,784,Robotank
0,780,788,Robotank
0,784,792,Robotank
0,788,796,Robotank
0,792,800,Robotank
0,796,804,Robotank
0,800,808,Robotank
0,804,812,Robotank
0,808,816,Robotank
0,812,820,Robotank
0,816,824,Robotank
0,820,828,Robotank
0,824,832,Robotank
0,828,836,Robotank
0,832,840,Robotank
0,836,844,Robotank
0,840,848,Robotank
0,844,852,Robotank
0,848,856,Robotank
0,852,860,Robotank
0,856,864,Robotank
0,860,868,Robotank
0,864,872,Robotank
0,868,876,Robotank
0,872,880,Robotank
0,876,884,Robotank
0,880,888,Robotank
0,884,892,Robotank
0,888,896,Robotank
0,892,900,Robotank
0,896,904,Robotank
0,900,908,Robotank
0,904,912,Robotank
0,908,916,Robotank
0,912,920,Robotank
0,916,924,Robotank
0,920,928,Robotank
0,924,932,Robotank
0,928,936,Robotank
0,932,940,Robotank
0,936,944,Robotank
0,940,948,Robotank
0,944,952,Robotank
0,948,956,Robotank
0,952,960,Robotank
0,956,964,Robotank
0,960,968,Robotank
0,964,972,Robotank
0,968,976,Robotank
0,972,980,Robotank
0,976,984,Robotank
0,980,988,Robotank
0,984,992,Robotank
0,988,996,Robotank
0,992,1000,Robotank
0,996,1004,Robotank
0,1000,1008,Robotank
0,1004,1012,Robotank
0,1008,1016,Robotank
0,1012,1020,Robotank
0,1016,1024,Robotank
0,1020,1028,Robotank
0,1024,1032,Robotank
0,1028,1036,Robotank
0,1032,1040,Robotank
0,1036,1044,Robotank
0,1040,1048,Robotank
0,1044,1052,Robotank
0,1048,1056,Robotank
0,1052,1060,Robotank
0,1056,1064,Robotank
0,1060,1068,Robotank
0,1064,1072,Robotank
0,1068,1076,Robotank
0,1072,1080,Robotank
0,1076,1084,Robotank
0,1080,1088,Robotank
0,1084,1092,Robotank
0,1088,1096,Robotank
0,1092,1100,Robotank
0,1096,1104,Robotank
0,1100,1108,Robotank
0,1104,1112,Robotank
0,1108,1116,Robotank
0,1112,1120,Robotank
0,1116,1124,Robotank
0,1120,1128,Robotank
0,1124,1132,Robotank
0,1128,1136,Robotank
0,1132,1140,Robotank
0,1136,1144,Robotank
0,1140,1148,Robotank
0,1144,1152,Robotank
0,1148,1156,Robotank
0,1152,1160,Robotank
0,1156,1164,Robotank
0,1160,1168,Robotank
0,1164,1172,Robotank
0,1168,1176,Robotank
0,1172,1180,Robotank
0,1176,1184,Robotank
0,1180,1188,Robotank
0,1184,1192,Robotank
0,1188,1196,Robotank
0,1192,1200,Robotank
0,1196,1204,Robotank
0,1200,1208,Robotank
0,1204,1212,Robotank
0,1208,1216,Robotank
0,1212,1220,Robotank
0,1216,1224,Robotank
0,1220,1228,Robotank
0,1224,1232,Robotank
0,1228,1236,Robotank
0,1232,1240,Robotank
0,1236,1244,Robotank
0,1240,1248,Robotank
0,1244,1252,Robotank
0,1248,1256,Robotank
0,1252,1260,Robotank
0,1256,1264,Robotank
0,1260,1268,Robotank
0,1264,1272,Robotank
0,1268,1276,Robotank
0,1272,1280,Robotank
0,1276,1284,Robotank
0,1280,1288,Robotank
0,1284,1292,Robotank
0,1288,1296,Robotank
0,1292,1300,Robotank
0,1296,1304,Robotank
0,1300,1308,Robotank
0,1304,1312,Robotank
0,1308,1316,Robotank
0,1312,1320,Robotank
0,1316,1324,Robotank
0,1320,1328,Robotank
0,1324,1332,Robotank
0,1328,1336,Robotank
0,1332,1340,Robotank
0,1336,1344,Robotank
0,1340,1348,Robotank
0,1344,1352,Robotank
0,1348,1356,Robotank
0,1352,1360,Robotank
0,1356,1364,Robotank
0,1360,1368,Robotank
0,1364,1372,Robotank
0,1368,1376,Robotank
0,1372,1380,Robotank
0,1376,1384,Robotank
0,1380,1388,Robotank
0,1384,1392,Robotank
0,1388,1396,Robotank
0,1392,1400,Robotank
0,1396,1404,Robotank
0,1400,1408,Robotank
0,1404,1412,Robotank
0,1408,1416,Robotank
0,1412,1420,Robotank
0,1416,1424,Robotank
0,1420,1428,Robotank
0,1424,1432,Robotank
0,1428,1436,Robotank
0,1432,1440,Robotank
0,1436,1444,Robotank
0,1440,1448,Robotank
0,1444,1452,Robotank
0,1448,1456,Robotank
0,1452,1460,Robotank
0,1456,1464,Robotank
0,1460,1468,Robotank
0,1464,1472,Robotank
0,1468,1476,Robotank
0,1472,1480,Robotank
0,1476,1484,Robotank
0,1480,1488,Robotank
0,1484,1492,Robotank
0,1488,1496,Robotank
0,1492,1500,Robotank
0,1496,1504,Robotank
0,1500,1508,Robotank
0,1504,1512,Robotank
0,1508,1516,Robotank
0,1512,1520,Robotank
0,1516,1524,Robotank
0,1520,1528,Robotank
0,1524,1532,Robotank
0,1528,1536,Robotank
0,1532,1540,Robotank
0,1536,1544,Robotank
0,1540,1548,Robotank
0,1544,1552,Robotank
0,1548,1556,Robotank
0,1552,1560,Robotank
0,1556,1564,Robotank
0,1560,1568,Robotank
0,1564,1572,Robotank
0,1568,1576,Robotank
0,1572,1580,Robotank
0,1576,1584,Robotank
0,1580,1588,Robotank
0,1584,1592,Robotank
0,1588,1596,Robotank
0,1592,1600,Robotank
0,1596,1604,Robotank
0,1600,1608,Robotank
0,1604,1612,Robotank
0,1608,1616,Robotank
0,1612,1620,Robotank
0,1616,1624,Robotank
0,1620,1628,Robotank
0,1624,1632,Robotank
0,1628,1636,Robotank
0,1632,1640,Robotank
0,1636,1644,Robotank
0,1640,1648,Robotank
0,1644,1652,Robotank
0,1648,1656,Robotank
0,1652,1660,Robotank
0,1656,1664,Robotank
0,1660,1668,Robotank
0,1664,1672,Robotank
0,1668,1676,Robotank
0,1672,1680,Robotank
0,1676,1684,Robotank
0,1680,1688,Robotank
0,1684,1692,Robotank
0,1688,1696,Robotank
0,1692,1700,Robotank
0,1696,1704,Robotank
0,1700,1708,Robotank
0,1704,1712,Robotank
0,1708,1716,Robotank
0,1712,1720,Robotank
0,1716,1724,Robotank
0,1720,1728,Robotank
0,1724,1732,Robotank
0,1728,1736,Robotank
0,1732,1740,Robotank
0,1736,1744,Robotank
0,1740,1748,Robotank
0,1744,1752,Robotank
0,1748,1756,Robotank
0,1752,1760,Robotank
0,1756,1764,Robotank
0,1760,1768,Robotank
0,1764,1772,Robotank
0,1768,1776,Robotank
0,1772,1780,Robotank
0,1776,1784,Robotank
0,1780,1788,Robotank
0,1784,1792,Robotank
0,1788,1796,Robotank
0,1792,1800,Robotank
0,1796,1804,Robotank
0,1800,1808,Robotank
0,1804,1812,Robotank
0,1808,1816,Robotank
0,1812,1820,Robotank
0,1816,1824,Robotank
0,1820,1828,Robotank
0,1824,1832,Robotank
0,1828,1836,Robotank
0,1832,1840,Robotank
0,1836,1844,Robotank
0,1840,1848,Robotank
0,1844,1852,Robotank
0,1848,1856,Robotank
0,1852,1860,Robotank
0,1856,1864,Robotank
0,1860,1868,Robotank
0,1864,1872,Robotank
0,1868,1876,Robotank
0,1872,1880,Robotank
0,1876,1884,Robotank
0,1880,1888,Robotank
0,1884,1892,Robotank
0,1888,1896,Robotank
0,1892,1900,Robotank
0,1896,1904,Robotank
0,1900,1908,Robotank
0,1904,1912,Robotank
0,1908,1916,Robotank
0,1912,1920,Robotank
0,1916,1924,Robotank
0,1920,1928,Robotank
0,1924,1932,Robotank
0,1928,1936,Robotank
0,1932,1940,Robotank
0,1936,1944,Robotank
0,1940,1948,Robotank
0,1944,1952,Robotank
0,1948,1956,Robotank
0,1952,1960,Robotank
0,1956,1964,Robotank
0,1960,1968,Robotank
0,1964,1972,Robotank
0,1968,1976,Robotank
0,1972,1980,Robotank
0,1976,1984,Robotank
0,1980,1988,Robotank
0,1984,1992,Robotank
0,1988,1996,Robotank
0,1992,2000,Robotank
0,1996,2004,Robotank
0,2000,2008,Robotank
0,2004,2012,Robotank
0,2008,2016,Robotank
0,2012,2020,Robotank
0,2016,2024,Robotank
0,2020,2028,Robotank
0,2024,2032,Robotank
0,2028,2036,Robotank
0,2032,2040,Robotank
0,2036,2044,Robotank
0,2040,2048,Robotank
0,2044,2052,Robotank
0,2048,2056,Robotank
0,2052,2060,Robotank
0,2056,2064,Robotank
0,2060,2068,Robotank
0,2064,2072,Robotank
0,2068,2076,Robotank
0,2072,2080,Robotank
0,2076,2084,Robotank
0,2080,2088,Robotank
0,2084,2092,Robotank
0,2088,2096,Robotank
0,2092,2100,Robotank
0,2096,2104,Robotank
0,2100,2108,Robotank
0,2104,2112,Robotank
0,2108,2116,Robotank
0,2112,2120,Robotank
0,2116,2124,Robotank
0,2120,2128,Robotank
0,2124,2132,Robotank
0,2128,2136,Robotank
0,2132,2140,Robotank
0,2136,2144,Robotank
0,2140,2148,Robotank
0,2144,2152,Robotank
0,2148,2156,Robotank
0,2152,2160,Robotank
0,2156,2164,Robotank
0,2160,2168,Robotank
0,2164,2172,Robotank
0,2168,2176,Robotank
0,2172,2180,Robotank
0,2176,2184,Robotank
0,2180,2188,Robotank
0,2184,2192,Robotank
0,2188,2196,Robotank
0,2192,2200,Robotank
0,2196,2204,Robotank
0,2200,2208,Robotank
0,2204,2212,Robotank
0,2208,2216,Robotank
0,2212,2220,Robotank
0,2216,2224,Robotank
0,2220,2228,Robotank
0,2224,2232,Robotank
0,2228,2236,Robotank
0,2232,2240,Robotank
0,2236,2244,Robotank
0,2240,2248,Robotank
0,2244,2252,Robotank
0,2248,2256,Robotank
0,2252,2260,Robotank
0,2256,2264,Robotank
0,2260,2268,Robotank
0,2264,2272,Robotank
0,2268,2276,Robotank
0,2272,2280,Robotank
0,2276,2284,Robotank
1,0,8,Robotank
1,4,12,Robotank
1,8,16,Robotank
1,12,20,Robotank
1,16,24,Robotank
1,20,28,Robotank
1,24,32,Robotank
1,28,36,Robotank
1,32,40,Robotank
1,36,44,Robotank
1,40,48,Robotank
1,44,52,Robotank
1,48,56,Robotank
1,52,60,Robotank
1,56,64,Robotank
1,60,68,Robotank
1,64,72,Robotank
1,68,76,Robotank
1,72,80,Robotank
1,76,84,Robotank
1,80,88,Robotank
1,84,92,Robotank
1,88,96,Robotank
1,92,100,Robotank
1,96,104,Robotank
1,100,108,Robotank
1,104,112,Robotank
1,108,116,Robotank
1,112,120,Robotank
1,116,124,Robotank
1,120,128,Robotank
1,124,132,Robotank
1,128,136,Robotank
1,132,140,Robotank
1,136,144,Robotank
1,140,148,Robotank
1,144,152,Robotank
1,148,156,Robotank
1,152,160,Robotank
1,156,164,Robotank
1,160,168,Robotank
1,164,172,Robotank
1,168,176,Robotank
1,172,180,Robotank
1,176,184,Robotank
1,180,188,Robotank
1,184,192,Robotank
1,188,196,Robotank
1,192,200,Robotank
1,196,204,Robotank
1,200,208,Robotank
1,204,212,Robotank
1,208,216,Robotank
1,212,220,Robotank
1,216,224,Robotank
1,220,228,Robotank
1,224,232,Robotank
1,228,236,Robotank
1,232,240,Robotank
1,236,244,Robotank
1,240,248,Robotank
1,244,252,Robotank
1,248,256,Robotank
1,252,260,Robotank
1,256,264,Robotank
1,260,268,Robotank
1,264,272,Robotank
1,268,276,Robotank
1,272,280,Robotank
1,276,284,Robotank
1,280,288,Robotank
1,284,292,Robotank
1,288,296,Robotank
1,292,300,Robotank
1,296,304,Robotank
1,300,308,Robotank
1,304,312,Robotank
1,308,316,Robotank
1,312,320,Robotank
1,316,324,Robotank
1,320,328,Robotank
1,324,332,Robotank
1,328,336,Robotank
1,332,340,Robotank
1,336,344,Robotank
1,340,348,Robotank
1,344,352,Robotank
1,348,356,Robotank
1,352,360,Robotank
1,356,364,Robotank
1,360,368,Robotank
1,364,372,Robotank
1,368,376,Robotank
1,372,380,Robotank
1,376,384,Robotank
1,380,388,Robotank
1,384,392,Robotank
1,388,396,Robotank
1,392,400,Robotank
1,396,404,Robotank
1,400,408,Robotank
1,404,412,Robotank
1,408,416,Robotank
1,412,420,Robotank
1,416,424,Robotank
1,420,428,Robotank
1,424,432,Robotank
1,428,436,Robotank
1,432,440,Robotank
1,436,444,Robotank
1,440,448,Robotank
1,444,452,Robotank
1,448,456,Robotank
1,452,460,Robotank
1,456,464,Robotank
1,460,468,Robotank
1,464,472,Robotank
1,468,476,Robotank
1,472,480,Robotank
1,476,484,Robotank
1,480,488,Robotank
1,484,492,Robotank
1,488,496,Robotank
1,492,500,Robotank
1,496,504,Robotank
1,500,508,Robotank
1,504,512,Robotank
1,508,516,Robotank
1,512,520,Robotank
1,516,524,Robotank
1,520,528,Robotank
1,524,532,Robotank
1,528,536,Robotank
1,532,540,Robotank
1,536,544,Robotank
1,540,548,Robotank
1,544,552,Robotank
1,548,556,Robotank
1,552,560,Robotank
1,556,564,Robotank
1,560,568,Robotank
1,564,572,Robotank
1,568,576,Robotank
1,572,580,Robotank
1,576,584,Robotank
1,580,588,Robotank
1,584,592,Robotank
1,588,596,Robotank
1,592,600,Robotank
1,596,604,Robotank
1,600,608,Robotank
1,604,612,Robotank
1,608,616,Robotank
1,612,620,Robotank
1,616,624,Robotank
1,620,628,Robotank
1,624,632,Robotank
1,628,636,Robotank
1,632,640,Robotank
1,636,644,Robotank
1,640,648,Robotank
1,644,652,Robotank
1,648,656,Robotank
1,652,660,Robotank
1,656,664,Robotank
1,660,668,Robotank
1,664,672,Robotank
1,668,676,Robotank
1,672,680,Robotank
1,676,684,Robotank
1,680,688,Robotank
1,684,692,Robotank
1,688,696,Robotank
1,692,700,Robotank
1,696,704,Robotank
1,700,708,Robotank
1,704,712,Robotank
1,708,716,Robotank
1,712,720,Robotank
1,716,724,Robotank
1,720,728,Robotank
1,724,732,Robotank
1,728,736,Robotank
1,732,740,Robotank
1,736,744,Robotank
1,740,748,Robotank
1,744,752,Robotank
1,748,756,Robotank
1,752,760,Robotank
1,756,764,Robotank
1,760,768,Robotank
1,764,772,Robotank
1,768,776,Robotank
1,772,780,Robotank
1,776,784,Robotank
1,780,788,Robotank
1,784,792,Robotank
1,788,796,Robotank
1,792,800,Robotank
1,796,804,Robotank
1,800,808,Robotank
1,804,812,Robotank
1,808,816,Robotank
1,812,820,Robotank
1,816,824,Robotank
1,820,828,Robotank
1,824,832,Robotank
1,828,836,Robotank
1,832,840,Robotank
1,836,844,Robotank
1,840,848,Robotank
1,844,852,Robotank
1,848,856,Robotank
1,852,860,Robotank
1,856,864,Robotank
1,860,868,Robotank
1,864,872,Robotank
1,868,876,Robotank
1,872,880,Robotank
1,876,884,Robotank
1,880,888,Robotank
1,884,892,Robotank
1,888,896,Robotank
1,892,900,Robotank
1,896,904,Robotank
1,900,908,Robotank
1,904,912,Robotank
1,908,916,Robotank
1,912,920,Robotank
1,916,924,Robotank
1,920,928,Robotank
1,924,932,Robotank
1,928,936,Robotank
1,932,940,Robotank
1,936,944,Robotank
1,940,948,Robotank
1,944,952,Robotank
1,948,956,Robotank
1,952,960,Robotank
1,956,964,Robotank
1,960,968,Robotank
1,964,972,Robotank
1,968,976,Robotank
1,972,980,Robotank
1,976,984,Robotank
1,980,988,Robotank
1,984,992,Robotank
1,988,996,Robotank
1,992,1000,Robotank
1,996,1004,Robotank
1,1000,1008,Robotank
1,1004,1012,Robotank
1,1008,1016,Robotank
1,1012,1020,Robotank
1,1016,1024,Robotank
1,1020,1028,Robotank
1,1024,1032,Robotank
1,1028,1036,Robotank
1,1032,1040,Robotank
1,1036,1044,Robotank
1,1040,1048,Robotank
1,1044,1052,Robotank
1,1048,1056,Robotank
1,1052,1060,Robotank
1,1056,1064,Robotank
1,1060,1068,Robotank
1,1064,1072,Robotank
1,1068,1076,Robotank
1,1072,1080,Robotank
1,1076,1084,Robotank
1,1080,1088,Robotank
1,1084,1092,Robotank
1,1088,1096,Robotank
1,1092,1100,Robotank
1,1096,1104,Robotank
1,1100,1108,Robotank
1,1104,1112,Robotank
1,1108,1116,Robotank
1,1112,1120,Robotank
1,1116,1124,Robotank
1,1120,1128,Robotank
1,1124,1132,Robotank
1,1128,1136,Robotank
1,1132,1140,Robotank
1,1136,1144,Robotank
1,1140,1148,Robotank
1,1144,1152,Robotank
1,1148,1156,Robotank
1,1152,1160,Robotank
1,1156,1164,Robotank
1,1160,1168,Robotank
1,1164,1172,Robotank
1,1168,1176,Robotank
1,1172,1180,Robotank
1,1176,1184,Robotank
1,1180,1188,Robotank
1,1184,1192,Robotank
1,1188,1196,Robotank
1,1192,1200,Robotank
1,1196,1204,Robotank
1,1200,1208,Robotank
1,1204,1212,Robotank
1,1208,1216,Robotank
1,1212,1220,Robotank
1,1216,1224,Robotank
1,1220,1228,Robotank
1,1224,1232,Robotank
1,1228,1236,Robotank
1,1232,1240,Robotank
1,1236,1244,Robotank
1,1240,1248,Robotank
1,1244,1252,Robotank
1,1248,1256,Robotank
1,1252,1260,Robotank
1,1256,1264,Robotank
1,1260,1268,Robotank
1,1264,1272,Robotank
1,1268,1276,Robotank
1,1272,1280,Robotank
1,1276,1284,Robotank
1,1280,1288,Robotank
1,1284,1292,Robotank
1,1288,1296,Robotank
1,1292,1300,Robotank
1,1296,1304,Robotank
1,1300,1308,Robotank
1,1304,1312,Robotank
1,1308,1316,Robotank
1,1312,1320,Robotank
1,1316,1324,Robotank
1,1320,1328,Robotank
1,1324,1332,Robotank
1,1328,1336,Robotank
1,1332,1340,Robotank
1,1336,1344,Robotank
1,1340,1348,Robotank
1,1344,1352,Robotank
1,1348,1356,Robotank
1,1352,1360,Robotank
1,1356,1364,Robotank
1,1360,1368,Robotank
1,1364,1372,Robotank
1,1368,1376,Robotank
1,1372,1380,Robotank
1,1376,1384,Robotank
1,1380,1388,Robotank
1,1384,1392,Robotank
1,1388,1396,Robotank
1,1392,1400,Robotank
1,1396,1404,Robotank
1,1400,1408,Robotank
1,1404,1412,Robotank
1,1408,1416,Robotank
1,1412,1420,Robotank
1,1416,1424,Robotank
1,1420,1428,Robotank
1,1424,1432,Robotank
1,1428,1436,Robotank
1,1432,1440,Robotank
1,1436,1444,Robotank
1,1440,1448,Robotank
1,1444,1452,Robotank
1,1448,1456,Robotank
1,1452,1460,Robotank
1,1456,1464,Robotank
1,1460,1468,Robotank
1,1464,1472,Robotank
1,1468,1476,Robotank
1,1472,1480,Robotank
1,1476,1484,Robotank
1,1480,1488,Robotank
1,1484,1492,Robotank
1,1488,1496,Robotank
1,1492,1500,Robotank
1,1496,1504,Robotank
1,1500,1508,Robotank
1,1504,1512,Robotank
1,1508,1516,Robotank
1,1512,1520,Robotank
1,1516,1524,Robotank
1,1520,1528,Robotank
1,1524,1532,Robotank
1,1528,1536,Robotank
1,1532,1540,Robotank
1,1536,1544,Robotank
1,1540,1548,Robotank
1,1544,1552,Robotank
1,1548,1556,Robotank
1,1552,1560,Robotank
1,1556,1564,Robotank
1,1560,1568,Robotank
1,1564,1572,Robotank
1,1568,1576,Robotank
1,1572,1580,Robotank
1,1576,1584,Robotank
1,1580,1588,Robotank
1,1584,1592,Robotank
1,1588,1596,Robotank
1,1592,1600,Robotank
1,1596,1604,Robotank
1,1600,1608,Robotank
1,1604,1612,Robotank
1,1608,1616,Robotank
1,1612,1620,Robotank
1,1616,1624,Robotank
1,1620,1628,Robotank
1,1624,1632,Robotank
1,1628,1636,Robotank
1,1632,1640,Robotank
1,1636,1644,Robotank
1,1640,1648,Robotank
1,1644,1652,Robotank
1,1648,1656,Robotank
1,1652,1660,Robotank
1,1656,1664,Robotank
1,1660,1668,Robotank
1,1664,1672,Robotank
1,1668,1676,Robotank
1,1672,1680,Robotank
1,1676,1684,Robotank
1,1680,1688,Robotank
1,1684,1692,Robotank
1,1688,1696,Robotank
1,1692,1700,Robotank
1,1696,1704,Robotank
1,1700,1708,Robotank
1,1704,1712,Robotank
1,1708,1716,Robotank
1,1712,1720,Robotank
1,1716,1724,Robotank
1,1720,1728,Robotank
1,1724,1732,Robotank
1,1728,1736,Robotank
1,1732,1740,Robotank
1,1736,1744,Robotank
1,1740,1748,Robotank
1,1744,1752,Robotank
1,1748,1756,Robotank
1,1752,1760,Robotank
1,1756,1764,Robotank
1,1760,1768,Robotank
1,1764,1772,Robotank
1,1768,1776,Robotank
1,1772,1780,Robotank
1,1776,1784,Robotank
1,1780,1788,Robotank
1,1784,1792,Robotank
1,1788,1796,Robotank
1,1792,1800,Robotank
1,1796,1804,Robotank
1,1800,1808,Robotank
1,1804,1812,Robotank
1,1808,1816,Robotank
1,1812,1820,Robotank
1,1816,1824,Robotank
1,1820,1828,Robotank
1,1824,1832,Robotank
1,1828,1836,Robotank
1,1832,1840,Robotank
1,1836,1844,Robotank
1,1840,1848,Robotank
1,1844,1852,Robotank
1,1848,1856,Robotank
1,1852,1860,Robotank
1,1856,1864,Robotank
1,1860,1868,Robotank
1,1864,1872,Robotank
1,1868,1876,Robotank
1,1872,1880,Robotank
1,1876,1884,Robotank
1,1880,1888,Robotank
1,1884,1892,Robotank
1,1888,1896,Robotank
1,1892,1900,Robotank
1,1896,1904,Robotank
1,1900,1908,Robotank
1,1904,1912,Robotank
1,1908,1916,Robotank
1,1912,1920,Robotank
1,1916,1924,Robotank
1,1920,1928,Robotank
1,1924,1932,Robotank
1,1928,1936,Robotank
1,1932,1940,Robotank
1,1936,1944,Robotank
1,1940,1948,Robotank
1,1944,1952,Robotank
1,1948,1956,Robotank
1,1952,1960,Robotank
1,1956,1964,Robotank
1,1960,1968,Robotank
1,1964,1972,Robotank
1,1968,1976,Robotank
1,1972,1980,Robotank
1,1976,1984,Robotank
1,1980,1988,Robotank
1,1984,1992,Robotank
1,1988,1996,Robotank
1,1992,2000,Robotank
1,1996,2004,Robotank
1,2000,2008,Robotank
1,2004,2012,Robotank
1,2008,2016,Robotank
1,2012,2020,Robotank
1,2016,2024,Robotank
1,2020,2028,Robotank
1,2024,2032,Robotank
1,2028,2036,Robotank
1,2032,2040,Robotank
1,2036,2044,Robotank
1,2040,2048,Robotank
1,2044,2052,Robotank
1,2048,2056,Robotank
1,2052,2060,Robotank
1,2056,2064,Robotank
1,2060,2068,Robotank
1,2064,2072,Robotank
1,2068,2076,Robotank
1,2072,2080,Robotank
1,2076,2084,Robotank
1,2080,2088,Robotank
1,2084,2092,Robotank
1,2088,2096,Robotank
1,2092,2100,Robotank
1,2096,2104,Robotank
1,2100,2108,Robotank
1,2104,2112,Robotank
1,2108,2116,Robotank
1,2112,2120,Robotank
1,2116,2124,Robotank
1,2120,2128,Robotank
1,2124,2132,Robotank
1,2128,2136,Robotank
1,2132,2140,Robotank
1,2136,2144,Robotank
1,2140,2148,Robotank
1,2144,2152,Robotank
1,2148,2156,Robotank
1,2152,2160,Robotank
1,2156,2164,Robotank
1,2160,2168,Robotank
1,2164,2172,Robotank
1,2168,2176,Robotank
1,2172,2180,Robotank
1,2176,2184,Robotank
1,2180,2188,Robotank
1,2184,2192,Robotank
1,2188,2196,Robotank
1,2192,2200,Robotank
1,2196,2204,Robotank
1,2200,2208,Robotank
1,2204,2212,Robotank
1,2208,2216,Robotank
1,2212,2220,Robotank
1,2216,2224,Robotank
1,2220,2228,Robotank
1,2224,2232,Robotank
1,2228,2236,Robotank
1,2232,2240,Robotank
1,2236,2244,Robotank
1,2240,2248,Robotank
1,2244,2252,Robotank
1,2248,2256,Robotank
1,2252,2260,Robotank
1,2256,2264,Robotank
1,2260,2268,Robotank
1,2264,2272,Robotank
1,2268,2276,Robotank
1,2272,2280,Robotank
1,2276,2284,Robotank
1,2280,2288,Robotank
1,2284,2292,Robotank
1,2288,2296,Robotank
1,2292,2300,Robotank
1,2296,2304,Robotank
1,2300,2308,Robotank
1,2304,2312,Robotank
1,2308,2316,Robotank
1,2312,2320,Robotank
1,2316,2324,Robotank
1,2320,2328,Robotank
1,2324,2332,Robotank
1,2328,2336,Robotank
1,2332,2340,Robotank
1,2336,2344,Robotank
1,2340,2348,Robotank
1,2344,2352,Robotank
1,2348,2356,Robotank
1,2352,2360,Robotank
1,2356,2364,Robotank
1,2360,2368,Robotank
1,2364,2372,Robotank
1,2368,2376,Robotank
1,2372,2380,Robotank
1,2376,2384,Robotank
1,2380,2388,Robotank
1,2384,2392,Robotank
1,2388,2396,Robotank
1,2392,2400,Robotank
1,2396,2404,Robotank
1,2400,2408,Robotank
1,2404,2412,Robotank
1,2408,2416,Robotank
1,2412,2420,Robotank
1,2416,2424,Robotank
1,2420,2428,Robotank
1,2424,2432,Robotank
