Episode index,Start index,End index,Environment
0,0,8,Robotank
0,1,9,Robotank
0,2,10,Robotank
0,3,11,Robotank
0,4,12,Robotank
0,5,13,Robotank
0,6,14,Robotank
0,7,15,Robotank
0,8,16,Robotank
0,9,17,Robotank
0,10,18,Robotank
0,11,19,Robotank
0,12,20,Robotank
0,13,21,Robotank
0,14,22,Robotank
0,15,23,Robotank
0,16,24,Robotank
0,17,25,Robotank
0,18,26,Robotank
0,19,27,Robotank
0,20,28,Robotank
0,21,29,Robotank
0,22,30,Robotank
0,23,31,Robotank
0,24,32,Robotank
0,25,33,Robotank
0,26,34,Robotank
0,27,35,Robotank
0,28,36,Robotank
0,29,37,Robotank
0,30,38,Robotank
0,31,39,Robotank
0,32,40,Robotank
0,33,41,Robotank
0,34,42,Robotank
0,35,43,Robotank
0,36,44,Robotank
0,37,45,Robotank
0,38,46,Robotank
0,39,47,Robotank
0,40,48,Robotank
0,41,49,Robotank
0,42,50,Robotank
0,43,51,Robotank
0,44,52,Robotank
0,45,53,Robotank
0,46,54,Robotank
0,47,55,Robotank
0,48,56,Robotank
0,49,57,Robotank
0,50,58,Robotank
0,51,59,Robotank
0,52,60,Robotank
0,53,61,Robotank
0,54,62,Robotank
0,55,63,Robotank
0,56,64,Robotank
0,57,65,Robotank
0,58,66,Robotank
0,59,67,Robotank
0,60,68,Robotank
0,61,69,Robotank
0,62,70,Robotank
0,63,71,Robotank
0,64,72,Robotank
0,65,73,Robotank
0,66,74,Robotank
0,67,75,Robotank
0,68,76,Robotank
0,69,77,Robotank
0,70,78,Robotank
0,71,79,Robotank
0,72,80,Robotank
0,73,81,Robotank
0,74,82,Robotank
0,75,83,Robotank
0,76,84,Robotank
0,77,85,Robotank
0,78,86,Robotank
0,79,87,Robotank
0,80,88,Robotank
0,81,89,Robotank
0,82,90,Robotank
0,83,91,Robotank
0,84,92,Robotank
0,85,93,Robotank
0,86,94,Robotank
0,87,95,Robotank
0,88,96,Robotank
0,89,97,Robotank
0,90,98,Robotank
0,91,99,Robotank
0,92,100,Robotank
0,93,101,Robotank
0,94,102,Robotank
0,95,103,Robotank
0,96,104,Robotank
0,97,105,Robotank
0,98,106,Robotank
0,99,107,Robotank
0,100,108,Robotank
0,101,109,Robotank
0,102,110,Robotank
0,103,111,Robotank
0,104,112,Robotank
0,105,113,Robotank
0,106,114,Robotank
0,107,115,Robotank
0,108,116,Robotank
0,109,117,Robotank
0,110,118,Robotank
0,111,119,Robotank
0,112,120,Robotank
0,113,121,Robotank
0,114,122,Robotank
0,115,123,Robotank
0,116,124,Robotank
0,117,125,Robotank
0,118,126,Robotank
0,119,127,Robotank
0,120,128,Robotank
0,121,129,Robotank
0,122,130,Robotank
0,123,131,Robotank
0,124,132,Robotank
0,125,133,Robotank
0,126,134,Robotank
0,127,135,Robotank
0,128,136,Robotank
0,129,137,Robotank
0,130,138,Robotank
0,131,139,Robotank
0,132,140,Robotank
0,133,141,Robotank
0,134,142,Robotank
0,135,143,Robotank
0,136,144,Robotank
0,137,145,Robotank
0,138,146,Robotank
0,139,147,Robotank
0,140,148,Robotank
0,141,149,Robotank
0,142,150,Robotank
0,143,151,Robotank
0,144,152,Robotank
0,145,153,Robotank
0,146,154,Robotank
0,147,155,Robotank
0,148,156,Robotank
0,149,157,Robotank
0,150,158,Robotank
0,151,159,Robotank
0,152,160,Robotank
0,153,161,Robotank
0,154,162,Robotank
0,155,163,Robotank
0,156,164,Robotank
0,157,165,Robotank
0,158,166,Robotank
0,159,167,Robotank
0,160,168,Robotank
0,161,169,Robotank
0,162,170,Robotank
0,163,171,Robotank
0,164,172,Robotank
0,165,173,Robotank
0,166,174,Robotank
0,167,175,Robotank
0,168,176,Robotank
0,169,177,Robotank
0,170,178,Robotank
0,171,179,Robotank
0,172,180,Robotank
0,173,181,Robotank
0,174,182,Robotank
0,175,183,Robotank
0,176,184,Robotank
0,177,185,Robotank
0,178,186,Robotank
0,179,187,Robotank
0,180,188,Robotank
0,181,189,Robotank
0,182,190,Robotank
0,183,191,Robotank
0,184,192,Robotank
0,185,193,Robotank
0,186,194,Robotank
0,187,195,Robotank
0,188,196,Robotank
0,189,197,Robotank
0,190,198,Robotank
0,191,199,Robotank
0,192,200,Robotank
0,193,201,Robotank
0,194,202,Robotank
0,195,203,Robotank
0,196,204,Robotank
0,197,205,Robotank
0,198,206,Robotank
0,199,207,Robotank
0,200,208,Robotank
0,201,209,Robotank
0,202,210,Robotank
0,203,211,Robotank
0,204,212,Robotank
0,205,213,Robotank
0,206,214,Robotank
0,207,215,Robotank
0,208,216,Robotank
0,209,217,Robotank
0,210,218,Robotank
0,211,219,Robotank
0,212,220,Robotank
0,213,221,Robotank
0,214,222,Robotank
0,215,223,Robotank
0,216,224,Robotank
0,217,225,Robotank
0,218,226,Robotank
0,219,227,Robotank
0,220,228,Robotank
0,221,229,Robotank
0,222,230,Robotank
0,223,231,Robotank
0,224,232,Robotank
0,225,233,Robotank
0,226,234,Robotank
0,227,235,Robotank
0,228,236,Robotank
0,229,237,Robotank
0,230,238,Robotank
0,231,239,Robotank
0,232,240,Robotank
0,233,241,Robotank
0,234,242,Robotank
0,235,243,Robotank
0,236,244,Robotank
0,237,245,Robotank
0,238,246,Robotank
0,239,247,Robotank
0,240,248,Robotank
0,241,249,Robotank
0,242,250,Robotank
0,243,251,Robotank
0,244,252,Robotank
0,245,253,Robotank
0,246,254,Robotank
0,247,255,Robotank
0,248,256,Robotank
0,249,257,Robotank
0,250,258,Robotank
0,251,259,Robotank
0,252,260,Robotank
0,253,261,Robotank
0,254,262,Robotank
0,255,263,Robotank
0,256,264,Robotank
0,257,265,Robotank
0,258,266,Robotank
0,259,267,Robotank
0,260,268,Robotank
0,261,269,Robotank
0,262,270,Robotank
0,263,271,Robotank
0,264,272,Robotank
0,265,273,Robotank
0,266,274,Robotank
0,267,275,Robotank
0,268,276,Robotank
0,269,277,Robotank
0,270,278,Robotank
0,271,279,Robotank
0,272,280,Robotank
0,273,281,Robotank
0,274,282,Robotank
0,275,283,Robotank
0,276,284,Robotank
0,277,285,Robotank
0,278,286,Robotank
0,279,287,Robotank
0,280,288,Robotank
0,281,289,Robotank
0,282,290,Robotank
0,283,291,Robotank
0,284,292,Robotank
0,285,293,Robotank
0,286,294,Robotank
0,287,295,Robotank
0,288,296,Robotank
0,289,297,Robotank
0,290,298,Robotank
0,291,299,Robotank
0,292,300,Robotank
0,293,301,Robotank
0,294,302,Robotank
0,295,303,Robotank
0,296,304,Robotank
0,297,305,Robotank
0,298,306,Robotank
0,299,307,Robotank
0,300,308,Robotank
0,301,309,Robotank
0,302,310,Robotank
0,303,311,Robotank
0,304,312,Robotank
0,305,313,Robotank
0,306,314,Robotank
0,307,315,Robotank
0,308,316,Robotank
0,309,317,Robotank
0,310,318,Robotank
0,311,319,Robotank
0,312,320,Robotank
0,313,321,Robotank
0,314,322,Robotank
0,315,323,Robotank
0,316,324,Robotank
0,317,325,Robotank
0,318,326,Robotank
0,319,327,Robotank
0,320,328,Robotank
0,321,329,Robotank
0,322,330,Robotank
0,323,331,Robotank
0,324,332,Robotank
0,325,333,Robotank
0,326,334,Robotank
0,327,335,Robotank
0,328,336,Robotank
0,329,337,Robotank
0,330,338,Robotank
0,331,339,Robotank
0,332,340,Robotank
0,333,341,Robotank
0,334,342,Robotank
0,335,343,Robotank
0,336,344,Robotank
0,337,345,Robotank
0,338,346,Robotank
0,339,347,Robotank
0,340,348,Robotank
0,341,349,Robotank
0,342,350,Robotank
0,343,351,Robotank
0,344,352,Robotank
0,345,353,Robotank
0,346,354,Robotank
0,347,355,Robotank
0,348,356,Robotank
0,349,357,Robotank
0,350,358,Robotank
0,351,359,Robotank
0,352,360,Robotank
0,353,361,Robotank
0,354,362,Robotank
0,355,363,Robotank
0,356,364,Robotank
0,357,365,Robotank
0,358,366,Robotank
0,359,367,Robotank
0,360,368,Robotank
0,361,369,Robotank
0,362,370,Robotank
0,363,371,Robotank
0,364,372,Robotank
0,365,373,Robotank
0,366,374,Robotank
0,367,375,Robotank
0,368,376,Robotank
0,369,377,Robotank
0,370,378,Robotank
0,371,379,Robotank
0,372,380,Robotank
0,373,381,Robotank
0,374,382,Robotank
0,375,383,Robotank
0,376,384,Robotank
0,377,385,Robotank
0,378,386,Robotank
0,379,387,Robotank
0,380,388,Robotank
0,381,389,Robotank
0,382,390,Robotank
0,383,391,Robotank
0,384,392,Robotank
0,385,393,Robotank
0,386,394,Robotank
0,387,395,Robotank
0,388,396,Robotank
0,389,397,Robotank
0,390,398,Robotank
0,391,399,Robotank
0,392,400,Robotank
0,393,401,Robotank
0,394,402,Robotank
0,395,403,Robotank
0,396,404,Robotank
0,397,405,Robotank
0,398,406,Robotank
0,399,407,Robotank
0,400,408,Robotank
0,401,409,Robotank
0,402,410,Robotank
0,403,411,Robotank
0,404,412,Robotank
0,405,413,Robotank
0,406,414,Robotank
0,407,415,Robotank
0,408,416,Robotank
0,409,417,Robotank
0,410,418,Robotank
0,411,419,Robotank
0,412,420,Robotank
0,413,421,Robotank
0,414,422,Robotank
0,415,423,Robotank
0,416,424,Robotank
0,417,425,Robotank
0,418,426,Robotank
0,419,427,Robotank
0,420,428,Robotank
0,421,429,Robotank
0,422,430,Robotank
0,423,431,Robotank
0,424,432,Robotank
0,425,433,Robotank
0,426,434,Robotank
0,427,435,Robotank
0,428,436,Robotank
0,429,437,Robotank
0,430,438,Robotank
0,431,439,Robotank
0,432,440,Robotank
0,433,441,Robotank
0,434,442,Robotank
0,435,443,Robotank
0,436,444,Robotank
0,437,445,Robotank
0,438,446,Robotank
0,439,447,Robotank
0,440,448,Robotank
0,441,449,Robotank
0,442,450,Robotank
0,443,451,Robotank
0,444,452,Robotank
0,445,453,Robotank
0,446,454,Robotank
0,447,455,Robotank
0,448,456,Robotank
0,449,457,Robotank
0,450,458,Robotank
0,451,459,Robotank
0,452,460,Robotank
0,453,461,Robotank
0,454,462,Robotank
0,455,463,Robotank
0,456,464,Robotank
0,457,465,Robotank
0,458,466,Robotank
0,459,467,Robotank
0,460,468,Robotank
0,461,469,Robotank
0,462,470,Robotank
0,463,471,Robotank
0,464,472,Robotank
0,465,473,Robotank
0,466,474,Robotank
0,467,475,Robotank
0,468,476,Robotank
0,469,477,Robotank
0,470,478,Robotank
0,471,479,Robotank
0,472,480,Robotank
0,473,481,Robotank
0,474,482,Robotank
0,475,483,Robotank
0,476,484,Robotank
0,477,485,Robotank
0,478,486,Robotank
0,479,487,Robotank
0,480,488,Robotank
0,481,489,Robotank
0,482,490,Robotank
0,483,491,Robotank
0,484,492,Robotank
0,485,493,Robotank
0,486,494,Robotank
0,487,495,Robotank
0,488,496,Robotank
0,489,497,Robotank
0,490,498,Robotank
0,491,499,Robotank
0,492,500,Robotank
0,493,501,Robotank
0,494,502,Robotank
0,495,503,Robotank
0,496,504,Robotank
0,497,505,Robotank
0,498,506,Robotank
0,499,507,Robotank
0,500,508,Robotank
0,501,509,Robotank
0,502,510,Robotank
0,503,511,Robotank
0,504,512,Robotank
0,505,513,Robotank
0,506,514,Robotank
0,507,515,Robotank
0,508,516,Robotank
0,509,517,Robotank
0,510,518,Robotank
0,511,519,Robotank
0,512,520,Robotank
0,513,521,Robotank
0,514,522,Robotank
0,515,523,Robotank
0,516,524,Robotank
0,517,525,Robotank
0,518,526,Robotank
0,519,527,Robotank
0,520,528,Robotank
0,521,529,Robotank
0,522,530,Robotank
0,523,531,Robotank
0,524,532,Robotank
0,525,533,Robotank
0,526,534,Robotank
0,527,535,Robotank
0,528,536,Robotank
0,529,537,Robotank
0,530,538,Robotank
0,531,539,Robotank
0,532,540,Robotank
0,533,541,Robotank
0,534,542,Robotank
0,535,543,Robotank
0,536,544,Robotank
0,537,545,Robotank
0,538,546,Robotank
0,539,547,Robotank
0,540,548,Robotank
0,541,549,Robotank
0,542,550,Robotank
0,543,551,Robotank
0,544,552,Robotank
0,545,553,Robotank
0,546,554,Robotank
0,547,555,Robotank
0,548,556,Robotank
0,549,557,Robotank
0,550,558,Robotank
0,551,559,Robotank
0,552,560,Robotank
0,553,561,Robotank
0,554,562,Robotank
0,555,563,Robotank
0,556,564,Robotank
0,557,565,Robotank
0,558,566,Robotank
0,559,567,Robotank
0,560,568,Robotank
0,561,569,Robotank
0,562,570,Robotank
0,563,571,Robotank
0,564,572,Robotank
0,565,573,Robotank
0,566,574,Robotank
0,567,575,Robotank
0,568,576,Robotank
0,569,577,Robotank
0,570,578,Robotank
0,571,579,Robotank
0,572,580,Robotank
0,573,581,Robotank
0,574,582,Robotank
0,575,583,Robotank
0,576,584,Robotank
0,577,585,Robotank
0,578,586,Robotank
0,579,587,Robotank
0,580,588,Robotank
0,581,589,Robotank
0,582,590,Robotank
0,583,591,Robotank
0,584,592,Robotank
0,585,593,Robotank
0,586,594,Robotank
0,587,595,Robotank
0,588,596,Robotank
0,589,597,Robotank
0,590,598,Robotank
0,591,599,Robotank
0,592,600,Robotank
0,593,601,Robotank
0,594,602,Robotank
0,595,603,Robotank
0,596,604,Robotank
0,597,605,Robotank
0,598,606,Robotank
0,599,607,Robotank
0,600,608,Robotank
0,601,609,Robotank
0,602,610,Robotank
0,603,611,Robotank
0,604,612,Robotank
0,605,613,Robotank
0,606,614,Robotank
0,607,615,Robotank
0,608,616,Robotank
0,609,617,Robotank
0,610,618,Robotank
0,611,619,Robotank
0,612,620,Robotank
0,613,621,Robotank
0,614,622,Robotank
0,615,623,Robotank
0,616,624,Robotank
0,617,625,Robotank
0,618,626,Robotank
0,619,627,Robotank
0,620,628,Robotank
0,621,629,Robotank
0,622,630,Robotank
0,623,631,Robotank
0,624,632,Robotank
0,625,633,Robotank
0,626,634,Robotank
0,627,635,Robotank
0,628,636,Robotank
0,629,637,Robotank
0,630,638,Robotank
0,631,639,Robotank
0,632,640,Robotank
0,633,641,Robotank
0,634,642,Robotank
0,635,643,Robotank
0,636,644,Robotank
0,637,645,Robotank
0,638,646,Robotank
0,639,647,Robotank
0,640,648,Robotank
0,641,649,Robotank
0,642,650,Robotank
0,643,651,Robotank
0,644,652,Robotank
0,645,653,Robotank
0,646,654,Robotank
0,647,655,Robotank
0,648,656,Robotank
0,649,657,Robotank
0,650,658,Robotank
0,651,659,Robotank
0,652,660,Robotank
0,653,661,Robotank
0,654,662,Robotank
0,655,663,Robotank
0,656,664,Robotank
0,657,665,Robotank
0,658,666,Robotank
0,659,667,Robotank
0,660,668,Robotank
0,661,669,Robotank
0,662,670,Robotank
0,663,671,Robotank
0,664,672,Robotank
0,665,673,Robotank
0,666,674,Robotank
0,667,675,Robotank
0,668,676,Robotank
0,669,677,Robotank
0,670,678,Robotank
0,671,679,Robotank
0,672,680,Robotank
0,673,681,Robotank
0,674,682,Robotank
0,675,683,Robotank
0,676,684,Robotank
0,677,685,Robotank
0,678,686,Robotank
0,679,687,Robotank
0,680,688,Robotank
0,681,689,Robotank
0,682,690,Robotank
0,683,691,Robotank
0,684,692,Robotank
0,685,693,Robotank
0,686,694,Robotank
0,687,695,Robotank
0,688,696,Robotank
0,689,697,Robotank
0,690,698,Robotank
0,691,699,Robotank
0,692,700,Robotank
0,693,701,Robotank
0,694,702,Robotank
0,695,703,Robotank
0,696,704,Robotank
0,697,705,Robotank
0,698,706,Robotank
0,699,707,Robotank
0,700,708,Robotank
0,701,709,Robotank
0,702,710,Robotank
0,703,711,Robotank
0,704,712,Robotank
0,705,713,Robotank
0,706,714,Robotank
0,707,715,Robotank
0,708,716,Robotank
0,709,717,Robotank
0,710,718,Robotank
0,711,719,Robotank
0,712,720,Robotank
0,713,721,Robotank
0,714,722,Robotank
0,715,723,Robotank
0,716,724,Robotank
0,717,725,Robotank
0,718,726,Robotank
0,719,727,Robotank
0,720,728,Robotank
0,721,729,Robotank
0,722,730,Robotank
0,723,731,Robotank
0,724,732,Robotank
0,725,733,Robotank
0,726,734,Robotank
0,727,735,Robotank
0,728,736,Robotank
0,729,737,Robotank
0,730,738,Robotank
0,731,739,Robotank
0,732,740,Robotank
0,733,741,Robotank
0,734,742,Robotank
0,735,743,Robotank
0,736,744,Robotank
0,737,745,Robotank
0,738,746,Robotank
0,739,747,Robotank
0,740,748,Robotank
0,741,749,Robotank
0,742,750,Robotank
0,743,751,Robotank
0,744,752,Robotank
0,745,753,Robotank
0,746,754,Robotank
0,747,755,Robotank
0,748,756,Robotank
0,749,757,Robotank
0,750,758,Robotank
0,751,759,Robotank
0,752,760,Robotank
0,753,761,Robotank
0,754,762,Robotank
0,755,763,Robotank
0,756,764,Robotank
0,757,765,Robotank
0,758,766,Robotank
0,759,767,Robotank
0,760,768,Robotank
0,761,769,Robotank
0,762,770,Robotank
0,763,771,Robotank
0,764,772,Robotank
0,765,773,Robotank
0,766,774,Robotank
0,767,775,Robotank
0,768,776,Robotank
0,769,777,Robotank
0,770,778,Robotank
0,771,779,Robotank
0,772,780,Robotank
0,773,781,Robotank
0,774,782,Robotank
0,775,783,Robotank
0,776,784,Robotank
0,777,785,Robotank
0,778,786,Robotank
0,779,787,Robotank
0,780,788,Robotank
0,781,789,Robotank
0,782,790,Robotank
0,783,791,Robotank
0,784,792,Robotank
0,785,793,Robotank
0,786,794,Robotank
0,787,795,Robotank
0,788,796,Robotank
0,789,797,Robotank
0,790,798,Robotank
0,791,799,Robotank
0,792,800,Robotank
0,793,801,Robotank
0,794,802,Robotank
0,795,803,Robotank
0,796,804,Robotank
0,797,805,Robotank
0,798,806,Robotank
0,799,807,Robotank
0,800,808,Robotank
0,801,809,Robotank
0,802,810,Robotank
0,803,811,Robotank
0,804,812,Robotank
0,805,813,Robotank
0,806,814,Robotank
0,807,815,Robotank
0,808,816,Robotank
0,809,817,Robotank
0,810,818,Robotank
0,811,819,Robotank
0,812,820,Robotank
0,813,821,Robotank
0,814,822,Robotank
0,815,823,Robotank
0,816,824,Robotank
0,817,825,Robotank
0,818,826,Robotank
0,819,827,Robotank
0,820,828,Robotank
0,821,829,Robotank
0,822,830,Robotank
0,823,831,Robotank
0,824,832,Robotank
0,825,833,Robotank
0,826,834,Robotank
0,827,835,Robotank
0,828,836,Robotank
0,829,837,Robotank
0,830,838,Robotank
0,831,839,Robotank
0,832,840,Robotank
0,833,841,Robotank
0,834,842,Robotank
0,835,843,Robotank
0,836,844,Robotank
0,837,845,Robotank
0,838,846,Robotank
0,839,847,Robotank
0,840,848,Robotank
0,841,849,Robotank
0,842,850,Robotank
0,843,851,Robotank
0,844,852,Robotank
0,845,853,Robotank
0,846,854,Robotank
0,847,855,Robotank
0,848,856,Robotank
0,849,857,Robotank
0,850,858,Robotank
0,851,859,Robotank
0,852,860,Robotank
0,853,861,Robotank
0,854,862,Robotank
0,855,863,Robotank
0,856,864,Robotank
0,857,865,Robotank
0,858,866,Robotank
0,859,867,Robotank
0,860,868,Robotank
0,861,869,Robotank
0,862,870,Robotank
0,863,871,Robotank
0,864,872,Robotank
0,865,873,Robotank
0,866,874,Robotank
0,867,875,Robotank
0,868,876,Robotank
0,869,877,Robotank
0,870,878,Robotank
0,871,879,Robotank
0,872,880,Robotank
0,873,881,Robotank
0,874,882,Robotank
0,875,883,Robotank
0,876,884,Robotank
0,877,885,Robotank
0,878,886,Robotank
0,879,887,Robotank
0,880,888,Robotank
0,881,889,Robotank
0,882,890,Robotank
0,883,891,Robotank
0,884,892,Robotank
0,885,893,Robotank
0,886,894,Robotank
0,887,895,Robotank
0,888,896,Robotank
0,889,897,Robotank
0,890,898,Robotank
0,891,899,Robotank
0,892,900,Robotank
0,893,901,Robotank
0,894,902,Robotank
0,895,903,Robotank
0,896,904,Robotank
0,897,905,Robotank
0,898,906,Robotank
0,899,907,Robotank
0,900,908,Robotank
0,901,909,Robotank
0,902,910,Robotank
0,903,911,Robotank
0,904,912,Robotank
0,905,913,Robotank
0,906,914,Robotank
0,907,915,Robotank
0,908,916,Robotank
0,909,917,Robotank
0,910,918,Robotank
0,911,919,Robotank
0,912,920,Robotank
0,913,921,Robotank
0,914,922,Robotank
0,915,923,Robotank
0,916,924,Robotank
0,917,925,Robotank
0,918,926,Robotank
0,919,927,Robotank
0,920,928,Robotank
0,921,929,Robotank
0,922,930,Robotank
0,923,931,Robotank
0,924,932,Robotank
0,925,933,Robotank
0,926,934,Robotank
0,927,935,Robotank
0,928,936,Robotank
0,929,937,Robotank
0,930,938,Robotank
0,931,939,Robotank
0,932,940,Robotank
0,933,941,Robotank
0,934,942,Robotank
0,935,943,Robotank
0,936,944,Robotank
0,937,945,Robotank
0,938,946,Robotank
0,939,947,Robotank
0,940,948,Robotank
0,941,949,Robotank
0,942,950,Robotank
0,943,951,Robotank
0,944,952,Robotank
0,945,953,Robotank
0,946,954,Robotank
0,947,955,Robotank
0,948,956,Robotank
0,949,957,Robotank
0,950,958,Robotank
0,951,959,Robotank
0,952,960,Robotank
0,953,961,Robotank
0,954,962,Robotank
0,955,963,Robotank
0,956,964,Robotank
0,957,965,Robotank
0,958,966,Robotank
0,959,967,Robotank
0,960,968,Robotank
0,961,969,Robotank
0,962,970,Robotank
0,963,971,Robotank
0,964,972,Robotank
0,965,973,Robotank
0,966,974,Robotank
0,967,975,Robotank
0,968,976,Robotank
0,969,977,Robotank
0,970,978,Robotank
0,971,979,Robotank
0,972,980,Robotank
0,973,981,Robotank
0,974,982,Robotank
0,975,983,Robotank
0,976,984,Robotank
0,977,985,Robotank
0,978,986,Robotank
0,979,987,Robotank
0,980,988,Robotank
0,981,989,Robotank
0,982,990,Robotank
0,983,991,Robotank
0,984,992,Robotank
0,985,993,Robotank
0,986,994,Robotank
0,987,995,Robotank
0,988,996,Robotank
0,989,997,Robotank
0,990,998,Robotank
0,991,999,Robotank
0,992,1000,Robotank
0,993,1001,Robotank
0,994,1002,Robotank
0,995,1003,Robotank
0,996,1004,Robotank
0,997,1005,Robotank
0,998,1006,Robotank
0,999,1007,Robotank
0,1000,1008,Robotank
0,1001,1009,Robotank
0,1002,1010,Robotank
0,1003,1011,Robotank
0,1004,1012,Robotank
0,1005,1013,Robotank
0,1006,1014,Robotank
0,1007,1015,Robotank
0,1008,1016,Robotank
0,1009,1017,Robotank
0,1010,1018,Robotank
0,1011,1019,Robotank
0,1012,1020,Robotank
0,1013,1021,Robotank
0,1014,1022,Robotank
0,1015,1023,Robotank
0,1016,1024,Robotank
0,1017,1025,Robotank
0,1018,1026,Robotank
0,1019,1027,Robotank
0,1020,1028,Robotank
0,1021,1029,Robotank
0,1022,1030,Robotank
0,1023,1031,Robotank
0,1024,1032,Robotank
0,1025,1033,Robotank
0,1026,1034,Robotank
0,1027,1035,Robotank
0,1028,1036,Robotank
0,1029,1037,Robotank
0,1030,1038,Robotank
0,1031,1039,Robotank
0,1032,1040,Robotank
0,1033,1041,Robotank
0,1034,1042,Robotank
0,1035,1043,Robotank
0,1036,1044,Robotank
0,1037,1045,Robotank
0,1038,1046,Robotank
0,1039,1047,Robotank
0,1040,1048,Robotank
0,1041,1049,Robotank
0,1042,1050,Robotank
0,1043,1051,Robotank
0,1044,1052,Robotank
0,1045,1053,Robotank
0,1046,1054,Robotank
0,1047,1055,Robotank
0,1048,1056,Robotank
0,1049,1057,Robotank
0,1050,1058,Robotank
0,1051,1059,Robotank
0,1052,1060,Robotank
0,1053,1061,Robotank
0,1054,1062,Robotank
0,1055,1063,Robotank
0,1056,1064,Robotank
0,1057,1065,Robotank
0,1058,1066,Robotank
0,1059,1067,Robotank
0,1060,1068,Robotank
0,1061,1069,Robotank
0,1062,1070,Robotank
0,1063,1071,Robotank
0,1064,1072,Robotank
0,1065,1073,Robotank
0,1066,1074,Robotank
0,1067,1075,Robotank
0,1068,1076,Robotank
0,1069,1077,Robotank
0,1070,1078,Robotank
0,1071,1079,Robotank
0,1072,1080,Robotank
0,1073,1081,Robotank
0,1074,1082,Robotank
0,1075,1083,Robotank
0,1076,1084,Robotank
0,1077,1085,Robotank
0,1078,1086,Robotank
0,1079,1087,Robotank
0,1080,1088,Robotank
0,1081,1089,Robotank
0,1082,1090,Robotank
0,1083,1091,Robotank
0,1084,1092,Robotank
0,1085,1093,Robotank
0,1086,1094,Robotank
0,1087,1095,Robotank
0,1088,1096,Robotank
0,1089,1097,Robotank
0,1090,1098,Robotank
0,1091,1099,Robotank
0,1092,1100,Robotank
0,1093,1101,Robotank
0,1094,1102,Robotank
0,1095,1103,Robotank
0,1096,1104,Robotank
0,1097,1105,Robotank
0,1098,1106,Robotank
0,1099,1107,Robotank
0,1100,1108,Robotank
0,1101,1109,Robotank
0,1102,1110,Robotank
0,1103,1111,Robotank
0,1104,1112,Robotank
0,1105,1113,Robotank
0,1106,1114,Robotank
0,1107,1115,Robotank
0,1108,1116,Robotank
0,1109,1117,Robotank
0,1110,1118,Robotank
0,1111,1119,Robotank
0,1112,1120,Robotank
0,1113,1121,Robotank
0,1114,1122,Robotank
0,1115,1123,Robotank
0,1116,1124,Robotank
0,1117,1125,Robotank
0,1118,1126,Robotank
0,1119,1127,Robotank
0,1120,1128,Robotank
0,1121,1129,Robotank
0,1122,1130,Robotank
0,1123,1131,Robotank
0,1124,1132,Robotank
0,1125,1133,Robotank
0,1126,1134,Robotank
0,1127,1135,Robotank
0,1128,1136,Robotank
0,1129,1137,Robotank
0,1130,1138,Robotank
0,1131,1139,Robotank
0,1132,1140,Robotank
0,1133,1141,Robotank
0,1134,1142,Robotank
0,1135,1143,Robotank
0,1136,1144,Robotank
0,1137,1145,Robotank
0,1138,1146,Robotank
0,1139,1147,Robotank
0,1140,1148,Robotank
0,1141,1149,Robotank
0,1142,1150,Robotank
0,1143,1151,Robotank
0,1144,1152,Robotank
0,1145,1153,Robotank
0,1146,1154,Robotank
0,1147,1155,Robotank
0,1148,1156,Robotank
0,1149,1157,Robotank
0,1150,1158,Robotank
0,1151,1159,Robotank
0,1152,1160,Robotank
0,1153,1161,Robotank
0,1154,1162,Robotank
0,1155,1163,Robotank
0,1156,1164,Robotank
0,1157,1165,Robotank
0,1158,1166,Robotank
0,1159,1167,Robotank
0,1160,1168,Robotank
0,1161,1169,Robotank
0,1162,1170,Robotank
0,1163,1171,Robotank
0,1164,1172,Robotank
0,1165,1173,Robotank
0,1166,1174,Robotank
0,1167,1175,Robotank
0,1168,1176,Robotank
0,1169,1177,Robotank
0,1170,1178,Robotank
0,1171,1179,Robotank
0,1172,1180,Robotank
0,1173,1181,Robotank
0,1174,1182,Robotank
0,1175,1183,Robotank
0,1176,1184,Robotank
0,1177,1185,Robotank
0,1178,1186,Robotank
0,1179,1187,Robotank
0,1180,1188,Robotank
0,1181,1189,Robotank
0,1182,1190,Robotank
0,1183,1191,Robotank
0,1184,1192,Robotank
0,1185,1193,Robotank
0,1186,1194,Robotank
0,1187,1195,Robotank
0,1188,1196,Robotank
0,1189,1197,Robotank
0,1190,1198,Robotank
0,1191,1199,Robotank
0,1192,1200,Robotank
0,1193,1201,Robotank
0,1194,1202,Robotank
0,1195,1203,Robotank
0,1196,1204,Robotank
0,1197,1205,Robotank
0,1198,1206,Robotank
0,1199,1207,Robotank
0,1200,1208,Robotank
0,1201,1209,Robotank
0,1202,1210,Robotank
0,1203,1211,Robotank
0,1204,1212,Robotank
0,1205,1213,Robotank
0,1206,1214,Robotank
0,1207,1215,Robotank
0,1208,1216,Robotank
0,1209,1217,Robotank
0,1210,1218,Robotank
0,1211,1219,Robotank
0,1212,1220,Robotank
0,1213,1221,Robotank
0,1214,1222,Robotank
0,1215,1223,Robotank
0,1216,1224,Robotank
0,1217,1225,Robotank
0,1218,1226,Robotank
0,1219,1227,Robotank
0,1220,1228,Robotank
0,1221,1229,Robotank
0,1222,1230,Robotank
0,1223,1231,Robotank
0,1224,1232,Robotank
0,1225,1233,Robotank
0,1226,1234,Robotank
0,1227,1235,Robotank
0,1228,1236,Robotank
0,1229,1237,Robotank
0,1230,1238,Robotank
0,1231,1239,Robotank
0,1232,1240,Robotank
0,1233,1241,Robotank
0,1234,1242,Robotank
0,1235,1243,Robotank
0,1236,1244,Robotank
0,1237,1245,Robotank
0,1238,1246,Robotank
0,1239,1247,Robotank
0,1240,1248,Robotank
0,1241,1249,Robotank
0,1242,1250,Robotank
0,1243,1251,Robotank
0,1244,1252,Robotank
0,1245,1253,Robotank
0,1246,1254,Robotank
0,1247,1255,Robotank
0,1248,1256,Robotank
0,1249,1257,Robotank
0,1250,1258,Robotank
0,1251,1259,Robotank
0,1252,1260,Robotank
0,1253,1261,Robotank
0,1254,1262,Robotank
0,1255,1263,Robotank
0,1256,1264,Robotank
0,1257,1265,Robotank
0,1258,1266,Robotank
0,1259,1267,Robotank
0,1260,1268,Robotank
0,1261,1269,Robotank
0,1262,1270,Robotank
0,1263,1271,Robotank
0,1264,1272,Robotank
0,1265,1273,Robotank
0,1266,1274,Robotank
0,1267,1275,Robotank
0,1268,1276,Robotank
0,1269,1277,Robotank
0,1270,1278,Robotank
0,1271,1279,Robotank
0,1272,1280,Robotank
0,1273,1281,Robotank
0,1274,1282,Robotank
0,1275,1283,Robotank
0,1276,1284,Robotank
0,1277,1285,Robotank
0,1278,1286,Robotank
0,1279,1287,Robotank
0,1280,1288,Robotank
0,1281,1289,Robotank
0,1282,1290,Robotank
0,1283,1291,Robotank
0,1284,1292,Robotank
0,1285,1293,Robotank
0,1286,1294,Robotank
0,1287,1295,Robotank
0,1288,1296,Robotank
0,1289,1297,Robotank
0,1290,1298,Robotank
0,1291,1299,Robotank
0,1292,1300,Robotank
0,1293,1301,Robotank
0,1294,1302,Robotank
0,1295,1303,Robotank
0,1296,1304,Robotank
0,1297,1305,Robotank
0,1298,1306,Robotank
0,1299,1307,Robotank
0,1300,1308,Robotank
0,1301,1309,Robotank
0,1302,1310,Robotank
0,1303,1311,Robotank
0,1304,1312,Robotank
0,1305,1313,Robotank
0,1306,1314,Robotank
0,1307,1315,Robotank
0,1308,1316,Robotank
0,1309,1317,Robotank
0,1310,1318,Robotank
0,1311,1319,Robotank
0,1312,1320,Robotank
0,1313,1321,Robotank
0,1314,1322,Robotank
0,1315,1323,Robotank
0,1316,1324,Robotank
0,1317,1325,Robotank
0,1318,1326,Robotank
0,1319,1327,Robotank
0,1320,1328,Robotank
0,1321,1329,Robotank
0,1322,1330,Robotank
0,1323,1331,Robotank
0,1324,1332,Robotank
0,1325,1333,Robotank
0,1326,1334,Robotank
0,1327,1335,Robotank
0,1328,1336,Robotank
0,1329,1337,Robotank
0,1330,1338,Robotank
0,1331,1339,Robotank
0,1332,1340,Robotank
0,1333,1341,Robotank
0,1334,1342,Robotank
0,1335,1343,Robotank
0,1336,1344,Robotank
0,1337,1345,Robotank
0,1338,1346,Robotank
0,1339,1347,Robotank
0,1340,1348,Robotank
0,1341,1349,Robotank
0,1342,1350,Robotank
0,1343,1351,Robotank
0,1344,1352,Robotank
0,1345,1353,Robotank
0,1346,1354,Robotank
0,1347,1355,Robotank
0,1348,1356,Robotank
0,1349,1357,Robotank
0,1350,1358,Robotank
0,1351,1359,Robotank
0,1352,1360,Robotank
0,1353,1361,Robotank
0,1354,1362,Robotank
0,1355,1363,Robotank
0,1356,1364,Robotank
0,1357,1365,Robotank
0,1358,1366,Robotank
0,1359,1367,Robotank
0,1360,1368,Robotank
0,1361,1369,Robotank
0,1362,1370,Robotank
0,1363,1371,Robotank
0,1364,1372,Robotank
0,1365,1373,Robotank
0,1366,1374,Robotank
0,1367,1375,Robotank
0,1368,1376,Robotank
0,1369,1377,Robotank
0,1370,1378,Robotank
0,1371,1379,Robotank
0,1372,1380,Robotank
0,1373,1381,Robotank
0,1374,1382,Robotank
0,1375,1383,Robotank
0,1376,1384,Robotank
0,1377,1385,Robotank
0,1378,1386,Robotank
0,1379,1387,Robotank
0,1380,1388,Robotank
0,1381,1389,Robotank
0,1382,1390,Robotank
0,1383,1391,Robotank
0,1384,1392,Robotank
0,1385,1393,Robotank
0,1386,1394,Robotank
0,1387,1395,Robotank
0,1388,1396,Robotank
0,1389,1397,Robotank
0,1390,1398,Robotank
0,1391,1399,Robotank
0,1392,1400,Robotank
0,1393,1401,Robotank
0,1394,1402,Robotank
0,1395,1403,Robotank
0,1396,1404,Robotank
0,1397,1405,Robotank
0,1398,1406,Robotank
0,1399,1407,Robotank
0,1400,1408,Robotank
0,1401,1409,Robotank
0,1402,1410,Robotank
0,1403,1411,Robotank
0,1404,1412,Robotank
0,1405,1413,Robotank
0,1406,1414,Robotank
0,1407,1415,Robotank
0,1408,1416,Robotank
0,1409,1417,Robotank
0,1410,1418,Robotank
0,1411,1419,Robotank
0,1412,1420,Robotank
0,1413,1421,Robotank
0,1414,1422,Robotank
0,1415,1423,Robotank
0,1416,1424,Robotank
0,1417,1425,Robotank
0,1418,1426,Robotank
0,1419,1427,Robotank
0,1420,1428,Robotank
0,1421,1429,Robotank
0,1422,1430,Robotank
0,1423,1431,Robotank
0,1424,1432,Robotank
0,1425,1433,Robotank
0,1426,1434,Robotank
0,1427,1435,Robotank
0,1428,1436,Robotank
0,1429,1437,Robotank
0,1430,1438,Robotank
0,1431,1439,Robotank
0,1432,1440,Robotank
0,1433,1441,Robotank
0,1434,1442,Robotank
0,1435,1443,Robotank
0,1436,1444,Robotank
0,1437,1445,Robotank
0,1438,1446,Robotank
0,1439,1447,Robotank
0,1440,1448,Robotank
0,1441,1449,Robotank
0,1442,1450,Robotank
0,1443,1451,Robotank
0,1444,1452,Robotank
0,1445,1453,Robotank
0,1446,1454,Robotank
0,1447,1455,Robotank
0,1448,1456,Robotank
0,1449,1457,Robotank
0,1450,1458,Robotank
0,1451,1459,Robotank
0,1452,1460,Robotank
0,1453,1461,Robotank
0,1454,1462,Robotank
0,1455,1463,Robotank
0,1456,1464,Robotank
0,1457,1465,Robotank
0,1458,1466,Robotank
0,1459,1467,Robotank
0,1460,1468,Robotank
0,1461,1469,Robotank
0,1462,1470,Robotank
0,1463,1471,Robotank
0,1464,1472,Robotank
0,1465,1473,Robotank
0,1466,1474,Robotank
0,1467,1475,Robotank
0,1468,1476,Robotank
0,1469,1477,Robotank
0,1470,1478,Robotank
0,1471,1479,Robotank
0,1472,1480,Robotank
0,1473,1481,Robotank
0,1474,1482,Robotank
0,1475,1483,Robotank
0,1476,1484,Robotank
0,1477,1485,Robotank
0,1478,1486,Robotank
0,1479,1487,Robotank
0,1480,1488,Robotank
0,1481,1489,Robotank
0,1482,1490,Robotank
0,1483,1491,Robotank
0,1484,1492,Robotank
0,1485,1493,Robotank
0,1486,1494,Robotank
0,1487,1495,Robotank
0,1488,1496,Robotank
0,1489,1497,Robotank
0,1490,1498,Robotank
0,1491,1499,Robotank
0,1492,1500,Robotank
0,1493,1501,Robotank
0,1494,1502,Robotank
0,1495,1503,Robotank
0,1496,1504,Robotank
0,1497,1505,Robotank
0,1498,1506,Robotank
0,1499,1507,Robotank
0,1500,1508,Robotank
0,1501,1509,Robotank
0,1502,1510,Robotank
0,1503,1511,Robotank
0,1504,1512,Robotank
0,1505,1513,Robotank
0,1506,1514,Robotank
0,1507,1515,Robotank
0,1508,1516,Robotank
0,1509,1517,Robotank
0,1510,1518,Robotank
0,1511,1519,Robotank
0,1512,1520,Robotank
0,1513,1521,Robotank
0,1514,1522,Robotank
0,1515,1523,Robotank
0,1516,1524,Robotank
0,1517,1525,Robotank
0,1518,1526,Robotank
0,1519,1527,Robotank
0,1520,1528,Robotank
0,1521,1529,Robotank
0,1522,1530,Robotank
0,1523,1531,Robotank
0,1524,1532,Robotank
0,1525,1533,Robotank
0,1526,1534,Robotank
0,1527,1535,Robotank
0,1528,1536,Robotank
0,1529,1537,Robotank
0,1530,1538,Robotank
0,1531,1539,Robotank
0,1532,1540,Robotank
0,1533,1541,Robotank
0,1534,1542,Robotank
0,1535,1543,Robotank
0,1536,1544,Robotank
0,1537,1545,Robotank
0,1538,1546,Robotank
0,1539,1547,Robotank
0,1540,1548,Robotank
0,1541,1549,Robotank
0,1542,1550,Robotank
0,1543,1551,Robotank
0,1544,1552,Robotank
0,1545,1553,Robotank
0,1546,1554,Robotank
0,1547,1555,Robotank
0,1548,1556,Robotank
0,1549,1557,Robotank
0,1550,1558,Robotank
0,1551,1559,Robotank
0,1552,1560,Robotank
0,1553,1561,Robotank
0,1554,1562,Robotank
0,1555,1563,Robotank
0,1556,1564,Robotank
0,1557,1565,Robotank
0,1558,1566,Robotank
0,1559,1567,Robotank
0,1560,1568,Robotank
0,1561,1569,Robotank
0,1562,1570,Robotank
0,1563,1571,Robotank
0,1564,1572,Robotank
0,1565,1573,Robotank
0,1566,1574,Robotank
0,1567,1575,Robotank
0,1568,1576,Robotank
0,1569,1577,Robotank
0,1570,1578,Robotank
0,1571,1579,Robotank
0,1572,1580,Robotank
0,1573,1581,Robotank
0,1574,1582,Robotank
0,1575,1583,Robotank
0,1576,1584,Robotank
0,1577,1585,Robotank
0,1578,1586,Robotank
0,1579,1587,Robotank
0,1580,1588,Robotank
0,1581,1589,Robotank
0,1582,1590,Robotank
0,1583,1591,Robotank
0,1584,1592,Robotank
0,1585,1593,Robotank
0,1586,1594,Robotank
0,1587,1595,Robotank
0,1588,1596,Robotank
0,1589,1597,Robotank
0,1590,1598,Robotank
0,1591,1599,Robotank
0,1592,1600,Robotank
0,1593,1601,Robotank
0,1594,1602,Robotank
0,1595,1603,Robotank
0,1596,1604,Robotank
0,1597,1605,Robotank
0,1598,1606,Robotank
0,1599,1607,Robotank
0,1600,1608,Robotank
0,1601,1609,Robotank
0,1602,1610,Robotank
0,1603,1611,Robotank
0,1604,1612,Robotank
0,1605,1613,Robotank
0,1606,1614,Robotank
0,1607,1615,Robotank
0,1608,1616,Robotank
0,1609,1617,Robotank
0,1610,1618,Robotank
0,1611,1619,Robotank
0,1612,1620,Robotank
0,1613,1621,Robotank
0,1614,1622,Robotank
0,1615,1623,Robotank
0,1616,1624,Robotank
0,1617,1625,Robotank
0,1618,1626,Robotank
0,1619,1627,Robotank
0,1620,1628,Robotank
0,1621,1629,Robotank
0,1622,1630,Robotank
0,1623,1631,Robotank
0,1624,1632,Robotank
0,1625,1633,Robotank
0,1626,1634,Robotank
0,1627,1635,Robotank
0,1628,1636,Robotank
0,1629,1637,Robotank
0,1630,1638,Robotank
0,1631,1639,Robotank
0,1632,1640,Robotank
0,1633,1641,Robotank
0,1634,1642,Robotank
0,1635,1643,Robotank
0,1636,1644,Robotank
0,1637,1645,Robotank
0,1638,1646,Robotank
0,1639,1647,Robotank
0,1640,1648,Robotank
0,1641,1649,Robotank
0,1642,1650,Robotank
0,1643,1651,Robotank
0,1644,1652,Robotank
0,1645,1653,Robotank
0,1646,1654,Robotank
0,1647,1655,Robotank
0,1648,1656,Robotank
0,1649,1657,Robotank
0,1650,1658,Robotank
0,1651,1659,Robotank
0,1652,1660,Robotank
0,1653,1661,Robotank
0,1654,1662,Robotank
0,1655,1663,Robotank
0,1656,1664,Robotank
0,1657,1665,Robotank
0,1658,1666,Robotank
0,1659,1667,Robotank
0,1660,1668,Robotank
0,1661,1669,Robotank
0,1662,1670,Robotank
0,1663,1671,Robotank
0,1664,1672,Robotank
0,1665,1673,Robotank
0,1666,1674,Robotank
0,1667,1675,Robotank
0,1668,1676,Robotank
0,1669,1677,Robotank
0,1670,1678,Robotank
0,1671,1679,Robotank
0,1672,1680,Robotank
0,1673,1681,Robotank
0,1674,1682,Robotank
0,1675,1683,Robotank
0,1676,1684,Robotank
0,1677,1685,Robotank
0,1678,1686,Robotank
0,1679,1687,Robotank
0,1680,1688,Robotank
0,1681,1689,Robotank
0,1682,1690,Robotank
0,1683,1691,Robotank
0,1684,1692,Robotank
0,1685,1693,Robotank
0,1686,1694,Robotank
0,1687,1695,Robotank
0,1688,1696,Robotank
0,1689,1697,Robotank
0,1690,1698,Robotank
0,1691,1699,Robotank
0,1692,1700,Robotank
0,1693,1701,Robotank
0,1694,1702,Robotank
0,1695,1703,Robotank
0,1696,1704,Robotank
0,1697,1705,Robotank
0,1698,1706,Robotank
0,1699,1707,Robotank
0,1700,1708,Robotank
0,1701,1709,Robotank
0,1702,1710,Robotank
0,1703,1711,Robotank
0,1704,1712,Robotank
0,1705,1713,Robotank
0,1706,1714,Robotank
0,1707,1715,Robotank
0,1708,1716,Robotank
0,1709,1717,Robotank
0,1710,1718,Robotank
0,1711,1719,Robotank
0,1712,1720,Robotank
0,1713,1721,Robotank
0,1714,1722,Robotank
0,1715,1723,Robotank
0,1716,1724,Robotank
0,1717,1725,Robotank
0,1718,1726,Robotank
0,1719,1727,Robotank
0,1720,1728,Robotank
0,1721,1729,Robotank
0,1722,1730,Robotank
0,1723,1731,Robotank
0,1724,1732,Robotank
0,1725,1733,Robotank
0,1726,1734,Robotank
0,1727,1735,Robotank
0,1728,1736,Robotank
0,1729,1737,Robotank
0,1730,1738,Robotank
0,1731,1739,Robotank
0,1732,1740,Robotank
0,1733,1741,Robotank
0,1734,1742,Robotank
0,1735,1743,Robotank
0,1736,1744,Robotank
0,1737,1745,Robotank
0,1738,1746,Robotank
0,1739,1747,Robotank
0,1740,1748,Robotank
0,1741,1749,Robotank
0,1742,1750,Robotank
0,1743,1751,Robotank
0,1744,1752,Robotank
0,1745,1753,Robotank
0,1746,1754,Robotank
0,1747,1755,Robotank
0,1748,1756,Robotank
0,1749,1757,Robotank
0,1750,1758,Robotank
0,1751,1759,Robotank
0,1752,1760,Robotank
0,1753,1761,Robotank
0,1754,1762,Robotank
0,1755,1763,Robotank
0,1756,1764,Robotank
0,1757,1765,Robotank
0,1758,1766,Robotank
0,1759,1767,Robotank
0,1760,1768,Robotank
0,1761,1769,Robotank
0,1762,1770,Robotank
0,1763,1771,Robotank
0,1764,1772,Robotank
0,1765,1773,Robotank
0,1766,1774,Robotank
0,1767,1775,Robotank
0,1768,1776,Robotank
0,1769,1777,Robotank
0,1770,1778,Robotank
0,1771,1779,Robotank
0,1772,1780,Robotank
0,1773,1781,Robotank
0,1774,1782,Robotank
0,1775,1783,Robotank
0,1776,1784,Robotank
0,1777,1785,Robotank
0,1778,1786,Robotank
0,1779,1787,Robotank
0,1780,1788,Robotank
0,1781,1789,Robotank
0,1782,1790,Robotank
0,1783,1791,Robotank
0,1784,1792,Robotank
0,1785,1793,Robotank
0,1786,1794,Robotank
0,1787,1795,Robotank
0,1788,1796,Robotank
0,1789,1797,Robotank
0,1790,1798,Robotank
0,1791,1799,Robotank
0,1792,1800,Robotank
0,1793,1801,Robotank
0,1794,1802,Robotank
0,1795,1803,Robotank
0,1796,1804,Robotank
0,1797,1805,Robotank
0,1798,1806,Robotank
0,1799,1807,Robotank
0,1800,1808,Robotank
0,1801,1809,Robotank
0,1802,1810,Robotank
0,1803,1811,Robotank
0,1804,1812,Robotank
0,1805,1813,Robotank
0,1806,1814,Robotank
0,1807,1815,Robotank
0,1808,1816,Robotank
0,1809,1817,Robotank
0,1810,1818,Robotank
0,1811,1819,Robotank
0,1812,1820,Robotank
0,1813,1821,Robotank
0,1814,1822,Robotank
0,1815,1823,Robotank
0,1816,1824,Robotank
0,1817,1825,Robotank
0,1818,1826,Robotank
0,1819,1827,Robotank
0,1820,1828,Robotank
0,1821,1829,Robotank
0,1822,1830,Robotank
0,1823,1831,Robotank
0,1824,1832,Robotank
0,1825,1833,Robotank
0,1826,1834,Robotank
0,1827,1835,Robotank
0,1828,1836,Robotank
0,1829,1837,Robotank
0,1830,1838,Robotank
0,1831,1839,Robotank
0,1832,1840,Robotank
0,1833,1841,Robotank
0,1834,1842,Robotank
0,1835,1843,Robotank
0,1836,1844,Robotank
0,1837,1845,Robotank
0,1838,1846,Robotank
0,1839,1847,Robotank
0,1840,1848,Robotank
0,1841,1849,Robotank
0,1842,1850,Robotank
0,1843,1851,Robotank
0,1844,1852,Robotank
0,1845,1853,Robotank
0,1846,1854,Robotank
0,1847,1855,Robotank
0,1848,1856,Robotank
0,1849,1857,Robotank
0,1850,1858,Robotank
0,1851,1859,Robotank
0,1852,1860,Robotank
0,1853,1861,Robotank
0,1854,1862,Robotank
0,1855,1863,Robotank
0,1856,1864,Robotank
0,1857,1865,Robotank
0,1858,1866,Robotank
0,1859,1867,Robotank
0,1860,1868,Robotank
0,1861,1869,Robotank
0,1862,1870,Robotank
0,1863,1871,Robotank
0,1864,1872,Robotank
0,1865,1873,Robotank
0,1866,1874,Robotank
0,1867,1875,Robotank
0,1868,1876,Robotank
0,1869,1877,Robotank
0,1870,1878,Robotank
0,1871,1879,Robotank
0,1872,1880,Robotank
0,1873,1881,Robotank
0,1874,1882,Robotank
0,1875,1883,Robotank
0,1876,1884,Robotank
0,1877,1885,Robotank
0,1878,1886,Robotank
0,1879,1887,Robotank
0,1880,1888,Robotank
0,1881,1889,Robotank
0,1882,1890,Robotank
0,1883,1891,Robotank
0,1884,1892,Robotank
0,1885,1893,Robotank
0,1886,1894,Robotank
0,1887,1895,Robotank
0,1888,1896,Robotank
0,1889,1897,Robotank
0,1890,1898,Robotank
0,1891,1899,Robotank
0,1892,1900,Robotank
0,1893,1901,Robotank
0,1894,1902,Robotank
0,1895,1903,Robotank
0,1896,1904,Robotank
0,1897,1905,Robotank
0,1898,1906,Robotank
0,1899,1907,Robotank
0,1900,1908,Robotank
0,1901,1909,Robotank
0,1902,1910,Robotank
0,1903,1911,Robotank
0,1904,1912,Robotank
0,1905,1913,Robotank
0,1906,1914,Robotank
0,1907,1915,Robotank
0,1908,1916,Robotank
0,1909,1917,Robotank
0,1910,1918,Robotank
0,1911,1919,Robotank
0,1912,1920,Robotank
0,1913,1921,Robotank
0,1914,1922,Robotank
0,1915,1923,Robotank
0,1916,1924,Robotank
0,1917,1925,Robotank
0,1918,1926,Robotank
0,1919,1927,Robotank
0,1920,1928,Robotank
0,1921,1929,Robotank
0,1922,1930,Robotank
0,1923,1931,Robotank
0,1924,1932,Robotank
0,1925,1933,Robotank
0,1926,1934,Robotank
0,1927,1935,Robotank
0,1928,1936,Robotank
0,1929,1937,Robotank
0,1930,1938,Robotank
0,1931,1939,Robotank
0,1932,1940,Robotank
0,1933,1941,Robotank
0,1934,1942,Robotank
0,1935,1943,Robotank
0,1936,1944,Robotank
0,1937,1945,Robotank
0,1938,1946,Robotank
0,1939,1947,Robotank
0,1940,1948,Robotank
0,1941,1949,Robotank
0,1942,1950,Robotank
0,1943,1951,Robotank
0,1944,1952,Robotank
0,1945,1953,Robotank
0,1946,1954,Robotank
0,1947,1955,Robotank
0,1948,1956,Robotank
0,1949,1957,Robotank
0,1950,1958,Robotank
0,1951,1959,Robotank
0,1952,1960,Robotank
0,1953,1961,Robotank
0,1954,1962,Robotank
0,1955,1963,Robotank
0,1956,1964,Robotank
0,1957,1965,Robotank
0,1958,1966,Robotank
0,1959,1967,Robotank
0,1960,1968,Robotank
0,1961,1969,Robotank
0,1962,1970,Robotank
0,1963,1971,Robotank
0,1964,1972,Robotank
0,1965,1973,Robotank
0,1966,1974,Robotank
0,1967,1975,Robotank
0,1968,1976,Robotank
0,1969,1977,Robotank
0,1970,1978,Robotank
0,1971,1979,Robotank
0,1972,1980,Robotank
0,1973,1981,Robotank
0,1974,1982,Robotank
0,1975,1983,Robotank
0,1976,1984,Robotank
0,1977,1985,Robotank
0,1978,1986,Robotank
0,1979,1987,Robotank
0,1980,1988,Robotank
0,1981,1989,Robotank
0,1982,1990,Robotank
0,1983,1991,Robotank
0,1984,1992,Robotank
0,1985,1993,Robotank
0,1986,1994,Robotank
0,1987,1995,Robotank
0,1988,1996,Robotank
0,1989,1997,Robotank
0,1990,1998,Robotank
0,1991,1999,Robotank
0,1992,2000,Robotank
0,1993,2001,Robotank
0,1994,2002,Robotank
0,1995,2003,Robotank
0,1996,2004,Robotank
0,1997,2005,Robotank
0,1998,2006,Robotank
0,1999,2007,Robotank
0,2000,2008,Robotank
0,2001,2009,Robotank
0,2002,2010,Robotank
0,2003,2011,Robotank
0,2004,2012,Robotank
0,2005,2013,Robotank
0,2006,2014,Robotank
0,2007,2015,Robotank
0,2008,2016,Robotank
0,2009,2017,Robotank
0,2010,2018,Robotank
0,2011,2019,Robotank
0,2012,2020,Robotank
0,2013,2021,Robotank
0,2014,2022,Robotank
0,2015,2023,Robotank
0,2016,2024,Robotank
0,2017,2025,Robotank
0,2018,2026,Robotank
0,2019,2027,Robotank
0,2020,2028,Robotank
0,2021,2029,Robotank
0,2022,2030,Robotank
0,2023,2031,Robotank
0,2024,2032,Robotank
0,2025,2033,Robotank
0,2026,2034,Robotank
0,2027,2035,Robotank
0,2028,2036,Robotank
0,2029,2037,Robotank
0,2030,2038,Robotank
0,2031,2039,Robotank
0,2032,2040,Robotank
0,2033,2041,Robotank
0,2034,2042,Robotank
0,2035,2043,Robotank
0,2036,2044,Robotank
0,2037,2045,Robotank
0,2038,2046,Robotank
0,2039,2047,Robotank
0,2040,2048,Robotank
0,2041,2049,Robotank
0,2042,2050,Robotank
0,2043,2051,Robotank
0,2044,2052,Robotank
0,2045,2053,Robotank
0,2046,2054,Robotank
0,2047,2055,Robotank
0,2048,2056,Robotank
0,2049,2057,Robotank
0,2050,2058,Robotank
0,2051,2059,Robotank
0,2052,2060,Robotank
0,2053,2061,Robotank
0,2054,2062,Robotank
0,2055,2063,Robotank
0,2056,2064,Robotank
0,2057,2065,Robotank
0,2058,2066,Robotank
0,2059,2067,Robotank
0,2060,2068,Robotank
0,2061,2069,Robotank
0,2062,2070,Robotank
0,2063,2071,Robotank
0,2064,2072,Robotank
0,2065,2073,Robotank
0,2066,2074,Robotank
0,2067,2075,Robotank
0,2068,2076,Robotank
0,2069,2077,Robotank
0,2070,2078,Robotank
0,2071,2079,Robotank
0,2072,2080,Robotank
0,2073,2081,Robotank
0,2074,2082,Robotank
0,2075,2083,Robotank
0,2076,2084,Robotank
0,2077,2085,Robotank
0,2078,2086,Robotank
0,2079,2087,Robotank
0,2080,2088,Robotank
0,2081,2089,Robotank
0,2082,2090,Robotank
0,2083,2091,Robotank
0,2084,2092,Robotank
0,2085,2093,Robotank
0,2086,2094,Robotank
0,2087,2095,Robotank
0,2088,2096,Robotank
0,2089,2097,Robotank
0,2090,2098,Robotank
0,2091,2099,Robotank
0,2092,2100,Robotank
0,2093,2101,Robotank
0,2094,2102,Robotank
0,2095,2103,Robotank
0,2096,2104,Robotank
0,2097,2105,Robotank
0,2098,2106,Robotank
0,2099,2107,Robotank
0,2100,2108,Robotank
0,2101,2109,Robotank
0,2102,2110,Robotank
0,2103,2111,Robotank
0,2104,2112,Robotank
0,2105,2113,Robotank
0,2106,2114,Robotank
0,2107,2115,Robotank
0,2108,2116,Robotank
0,2109,2117,Robotank
0,2110,2118,Robotank
0,2111,2119,Robotank
0,2112,2120,Robotank
0,2113,2121,Robotank
0,2114,2122,Robotank
0,2115,2123,Robotank
0,2116,2124,Robotank
0,2117,2125,Robotank
0,2118,2126,Robotank
0,2119,2127,Robotank
0,2120,2128,Robotank
0,2121,2129,Robotank
0,2122,2130,Robotank
0,2123,2131,Robotank
0,2124,2132,Robotank
0,2125,2133,Robotank
0,2126,2134,Robotank
0,2127,2135,Robotank
0,2128,2136,Robotank
0,2129,2137,Robotank
0,2130,2138,Robotank
0,2131,2139,Robotank
0,2132,2140,Robotank
0,2133,2141,Robotank
0,2134,2142,Robotank
0,2135,2143,Robotank
0,2136,2144,Robotank
0,2137,2145,Robotank
0,2138,2146,Robotank
0,2139,2147,Robotank
0,2140,2148,Robotank
0,2141,2149,Robotank
0,2142,2150,Robotank
0,2143,2151,Robotank
0,2144,2152,Robotank
0,2145,2153,Robotank
0,2146,2154,Robotank
0,2147,2155,Robotank
0,2148,2156,Robotank
0,2149,2157,Robotank
0,2150,2158,Robotank
0,2151,2159,Robotank
0,2152,2160,Robotank
0,2153,2161,Robotank
0,2154,2162,Robotank
0,2155,2163,Robotank
0,2156,2164,Robotank
0,2157,2165,Robotank
0,2158,2166,Robotank
0,2159,2167,Robotank
0,2160,2168,Robotank
0,2161,2169,Robotank
0,2162,2170,Robotank
0,2163,2171,Robotank
0,2164,2172,Robotank
0,2165,2173,Robotank
0,2166,2174,Robotank
0,2167,2175,Robotank
0,2168,2176,Robotank
0,2169,2177,Robotank
0,2170,2178,Robotank
0,2171,2179,Robotank
0,2172,2180,Robotank
0,2173,2181,Robotank
0,2174,2182,Robotank
0,2175,2183,Robotank
0,2176,2184,Robotank
0,2177,2185,Robotank
0,2178,2186,Robotank
0,2179,2187,Robotank
0,2180,2188,Robotank
0,2181,2189,Robotank
0,2182,2190,Robotank
0,2183,2191,Robotank
0,2184,2192,Robotank
0,2185,2193,Robotank
0,2186,2194,Robotank
0,2187,2195,Robotank
0,2188,2196,Robotank
0,2189,2197,Robotank
0,2190,2198,Robotank
0,2191,2199,Robotank
0,2192,2200,Robotank
0,2193,2201,Robotank
0,2194,2202,Robotank
0,2195,2203,Robotank
0,2196,2204,Robotank
0,2197,2205,Robotank
0,2198,2206,Robotank
0,2199,2207,Robotank
0,2200,2208,Robotank
0,2201,2209,Robotank
0,2202,2210,Robotank
0,2203,2211,Robotank
0,2204,2212,Robotank
0,2205,2213,Robotank
0,2206,2214,Robotank
0,2207,2215,Robotank
0,2208,2216,Robotank
0,2209,2217,Robotank
0,2210,2218,Robotank
0,2211,2219,Robotank
0,2212,2220,Robotank
0,2213,2221,Robotank
0,2214,2222,Robotank
0,2215,2223,Robotank
0,2216,2224,Robotank
0,2217,2225,Robotank
0,2218,2226,Robotank
0,2219,2227,Robotank
0,2220,2228,Robotank
0,2221,2229,Robotank
0,2222,2230,Robotank
0,2223,2231,Robotank
0,2224,2232,Robotank
0,2225,2233,Robotank
0,2226,2234,Robotank
0,2227,2235,Robotank
0,2228,2236,Robotank
0,2229,2237,Robotank
0,2230,2238,Robotank
0,2231,2239,Robotank
0,2232,2240,Robotank
0,2233,2241,Robotank
0,2234,2242,Robotank
0,2235,2243,Robotank
0,2236,2244,Robotank
0,2237,2245,Robotank
0,2238,2246,Robotank
0,2239,2247,Robotank
0,2240,2248,Robotank
0,2241,2249,Robotank
0,2242,2250,Robotank
0,2243,2251,Robotank
0,2244,2252,Robotank
0,2245,2253,Robotank
0,2246,2254,Robotank
0,2247,2255,Robotank
0,2248,2256,Robotank
0,2249,2257,Robotank
0,2250,2258,Robotank
0,2251,2259,Robotank
0,2252,2260,Robotank
0,2253,2261,Robotank
0,2254,2262,Robotank
0,2255,2263,Robotank
0,2256,2264,Robotank
0,2257,2265,Robotank
0,2258,2266,Robotank
0,2259,2267,Robotank
0,2260,2268,Robotank
0,2261,2269,Robotank
0,2262,2270,Robotank
0,2263,2271,Robotank
0,2264,2272,Robotank
0,2265,2273,Robotank
0,2266,2274,Robotank
0,2267,2275,Robotank
0,2268,2276,Robotank
0,2269,2277,Robotank
0,2270,2278,Robotank
0,2271,2279,Robotank
0,2272,2280,Robotank
0,2273,2281,Robotank
0,2274,2282,Robotank
0,2275,2283,Robotank
0,2276,2284,Robotank
1,0,8,Robotank
1,1,9,Robotank
1,2,10,Robotank
1,3,11,Robotank
1,4,12,Robotank
1,5,13,Robotank
1,6,14,Robotank
1,7,15,Robotank
1,8,16,Robotank
1,9,17,Robotank
1,10,18,Robotank
1,11,19,Robotank
1,12,20,Robotank
1,13,21,Robotank
1,14,22,Robotank
1,15,23,Robotank
1,16,24,Robotank
1,17,25,Robotank
1,18,26,Robotank
1,19,27,Robotank
1,20,28,Robotank
1,21,29,Robotank
1,22,30,Robotank
1,23,31,Robotank
1,24,32,Robotank
1,25,33,Robotank
1,26,34,Robotank
1,27,35,Robotank
1,28,36,Robotank
1,29,37,Robotank
1,30,38,Robotank
1,31,39,Robotank
1,32,40,Robotank
1,33,41,Robotank
1,34,42,Robotank
1,35,43,Robotank
1,36,44,Robotank
1,37,45,Robotank
1,38,46,Robotank
1,39,47,Robotank
1,40,48,Robotank
1,41,49,Robotank
1,42,50,Robotank
1,43,51,Robotank
1,44,52,Robotank
1,45,53,Robotank
1,46,54,Robotank
1,47,55,Robotank
1,48,56,Robotank
1,49,57,Robotank
1,50,58,Robotank
1,51,59,Robotank
1,52,60,Robotank
1,53,61,Robotank
1,54,62,Robotank
1,55,63,Robotank
1,56,64,Robotank
1,57,65,Robotank
1,58,66,Robotank
1,59,67,Robotank
1,60,68,Robotank
1,61,69,Robotank
1,62,70,Robotank
1,63,71,Robotank
1,64,72,Robotank
1,65,73,Robotank
1,66,74,Robotank
1,67,75,Robotank
1,68,76,Robotank
1,69,77,Robotank
1,70,78,Robotank
1,71,79,Robotank
1,72,80,Robotank
1,73,81,Robotank
1,74,82,Robotank
1,75,83,Robotank
1,76,84,Robotank
1,77,85,Robotank
1,78,86,Robotank
1,79,87,Robotank
1,80,88,Robotank
1,81,89,Robotank
1,82,90,Robotank
1,83,91,Robotank
1,84,92,Robotank
1,85,93,Robotank
1,86,94,Robotank
1,87,95,Robotank
1,88,96,Robotank
1,89,97,Robotank
1,90,98,Robotank
1,91,99,Robotank
1,92,100,Robotank
1,93,101,Robotank
1,94,102,Robotank
1,95,103,Robotank
1,96,104,Robotank
1,97,105,Robotank
1,98,106,Robotank
1,99,107,Robotank
1,100,108,Robotank
1,101,109,Robotank
1,102,110,Robotank
1,103,111,Robotank
1,104,112,Robotank
1,105,113,Robotank
1,106,114,Robotank
1,107,115,Robotank
1,108,116,Robotank
1,109,117,Robotank
1,110,118,Robotank
1,111,119,Robotank
1,112,120,Robotank
1,113,121,Robotank
1,114,122,Robotank
1,115,123,Robotank
1,116,124,Robotank
1,117,125,Robotank
1,118,126,Robotank
1,119,127,Robotank
1,120,128,Robotank
1,121,129,Robotank
1,122,130,Robotank
1,123,131,Robotank
1,124,132,Robotank
1,125,133,Robotank
1,126,134,Robotank
1,127,135,Robotank
1,128,136,Robotank
1,129,137,Robotank
1,130,138,Robotank
1,131,139,Robotank
1,132,140,Robotank
1,133,141,Robotank
1,134,142,Robotank
1,135,143,Robotank
1,136,144,Robotank
1,137,145,Robotank
1,138,146,Robotank
1,139,147,Robotank
1,140,148,Robotank
1,141,149,Robotank
1,142,150,Robotank
1,143,151,Robotank
1,144,152,Robotank
1,145,153,Robotank
1,146,154,Robotank
1,147,155,Robotank
1,148,156,Robotank
1,149,157,Robotank
1,150,158,Robotank
1,151,159,Robotank
1,152,160,Robotank
1,153,161,Robotank
1,154,162,Robotank
1,155,163,Robotank
1,156,164,Robotank
1,157,165,Robotank
1,158,166,Robotank
1,159,167,Robotank
1,160,168,Robotank
1,161,169,Robotank
1,162,170,Robotank
1,163,171,Robotank
1,164,172,Robotank
1,165,173,Robotank
1,166,174,Robotank
1,167,175,Robotank
1,168,176,Robotank
1,169,177,Robotank
1,170,178,Robotank
1,171,179,Robotank
1,172,180,Robotank
1,173,181,Robotank
1,174,182,Robotank
1,175,183,Robotank
1,176,184,Robotank
1,177,185,Robotank
1,178,186,Robotank
1,179,187,Robotank
1,180,188,Robotank
1,181,189,Robotank
1,182,190,Robotank
1,183,191,Robotank
1,184,192,Robotank
1,185,193,Robotank
1,186,194,Robotank
1,187,195,Robotank
1,188,196,Robotank
1,189,197,Robotank
1,190,198,Robotank
1,191,199,Robotank
1,192,200,Robotank
1,193,201,Robotank
1,194,202,Robotank
1,195,203,Robotank
1,196,204,Robotank
1,197,205,Robotank
1,198,206,Robotank
1,199,207,Robotank
1,200,208,Robotank
1,201,209,Robotank
1,202,210,Robotank
1,203,211,Robotank
1,204,212,Robotank
1,205,213,Robotank
1,206,214,Robotank
1,207,215,Robotank
1,208,216,Robotank
1,209,217,Robotank
1,210,218,Robotank
1,211,219,Robotank
1,212,220,Robotank
1,213,221,Robotank
1,214,222,Robotank
1,215,223,Robotank
1,216,224,Robotank
1,217,225,Robotank
1,218,226,Robotank
1,219,227,Robotank
1,220,228,Robotank
1,221,229,Robotank
1,222,230,Robotank
1,223,231,Robotank
1,224,232,Robotank
1,225,233,Robotank
1,226,234,Robotank
1,227,235,Robotank
1,228,236,Robotank
1,229,237,Robotank
1,230,238,Robotank
1,231,239,Robotank
1,232,240,Robotank
1,233,241,Robotank
1,234,242,Robotank
1,235,243,Robotank
1,236,244,Robotank
1,237,245,Robotank
1,238,246,Robotank
1,239,247,Robotank
1,240,248,Robotank
1,241,249,Robotank
1,242,250,Robotank
1,243,251,Robotank
1,244,252,Robotank
1,245,253,Robotank
1,246,254,Robotank
1,247,255,Robotank
1,248,256,Robotank
1,249,257,Robotank
1,250,258,Robotank
1,251,259,Robotank
1,252,260,Robotank
1,253,261,Robotank
1,254,262,Robotank
1,255,263,Robotank
1,256,264,Robotank
1,257,265,Robotank
1,258,266,Robotank
1,259,267,Robotank
1,260,268,Robotank
1,261,269,Robotank
1,262,270,Robotank
1,263,271,Robotank
1,264,272,Robotank
1,265,273,Robotank
1,266,274,Robotank
1,267,275,Robotank
1,268,276,Robotank
1,269,277,Robotank
1,270,278,Robotank
1,271,279,Robotank
1,272,280,Robotank
1,273,281,Robotank
1,274,282,Robotank
1,275,283,Robotank
1,276,284,Robotank
1,277,285,Robotank
1,278,286,Robotank
1,279,287,Robotank
1,280,288,Robotank
1,281,289,Robotank
1,282,290,Robotank
1,283,291,Robotank
1,284,292,Robotank
1,285,293,Robotank
1,286,294,Robotank
1,287,295,Robotank
1,288,296,Robotank
1,289,297,Robotank
1,290,298,Robotank
1,291,299,Robotank
1,292,300,Robotank
1,293,301,Robotank
1,294,302,Robotank
1,295,303,Robotank
1,296,304,Robotank
1,297,305,Robotank
1,298,306,Robotank
1,299,307,Robotank
1,300,308,Robotank
1,301,309,Robotank
1,302,310,Robotank
1,303,311,Robotank
1,304,312,Robotank
1,305,313,Robotank
1,306,314,Robotank
1,307,315,Robotank
1,308,316,Robotank
1,309,317,Robotank
1,310,318,Robotank
1,311,319,Robotank
1,312,320,Robotank
1,313,321,Robotank
1,314,322,Robotank
1,315,323,Robotank
1,316,324,Robotank
1,317,325,Robotank
1,318,326,Robotank
1,319,327,Robotank
1,320,328,Robotank
1,321,329,Robotank
1,322,330,Robotank
1,323,331,Robotank
1,324,332,Robotank
1,325,333,Robotank
1,326,334,Robotank
1,327,335,Robotank
1,328,336,Robotank
1,329,337,Robotank
1,330,338,Robotank
1,331,339,Robotank
1,332,340,Robotank
1,333,341,Robotank
1,334,342,Robotank
1,335,343,Robotank
1,336,344,Robotank
1,337,345,Robotank
1,338,346,Robotank
1,339,347,Robotank
1,340,348,Robotank
1,341,349,Robotank
1,342,350,Robotank
1,343,351,Robotank
1,344,352,Robotank
1,345,353,Robotank
1,346,354,Robotank
1,347,355,Robotank
1,348,356,Robotank
1,349,357,Robotank
1,350,358,Robotank
1,351,359,Robotank
1,352,360,Robotank
1,353,361,Robotank
1,354,362,Robotank
1,355,363,Robotank
1,356,364,Robotank
1,357,365,Robotank
1,358,366,Robotank
1,359,367,Robotank
1,360,368,Robotank
1,361,369,Robotank
1,362,370,Robotank
1,363,371,Robotank
1,364,372,Robotank
1,365,373,Robotank
1,366,374,Robotank
1,367,375,Robotank
1,368,376,Robotank
1,369,377,Robotank
1,370,378,Robotank
1,371,379,Robotank
1,372,380,Robotank
1,373,381,Robotank
1,374,382,Robotank
1,375,383,Robotank
1,376,384,Robotank
1,377,385,Robotank
1,378,386,Robotank
1,379,387,Robotank
1,380,388,Robotank
1,381,389,Robotank
1,382,390,Robotank
1,383,391,Robotank
1,384,392,Robotank
1,385,393,Robotank
1,386,394,Robotank
1,387,395,Robotank
1,388,396,Robotank
1,389,397,Robotank
1,390,398,Robotank
1,391,399,Robotank
1,392,400,Robotank
1,393,401,Robotank
1,394,402,Robotank
1,395,403,Robotank
1,396,404,Robotank
1,397,405,Robotank
1,398,406,Robotank
1,399,407,Robotank
1,400,408,Robotank
1,401,409,Robotank
1,402,410,Robotank
1,403,411,Robotank
1,404,412,Robotank
1,405,413,Robotank
1,406,414,Robotank
1,407,415,Robotank
1,408,416,Robotank
1,409,417,Robotank
1,410,418,Robotank
1,411,419,Robotank
1,412,420,Robotank
1,413,421,Robotank
1,414,422,Robotank
1,415,423,Robotank
1,416,424,Robotank
1,417,425,Robotank
1,418,426,Robotank
1,419,427,Robotank
1,420,428,Robotank
1,421,429,Robotank
1,422,430,Robotank
1,423,431,Robotank
1,424,432,Robotank
1,425,433,Robotank
1,426,434,Robotank
1,427,435,Robotank
1,428,436,Robotank
1,429,437,Robotank
1,430,438,Robotank
1,431,439,Robotank
1,432,440,Robotank
1,433,441,Robotank
1,434,442,Robotank
1,435,443,Robotank
1,436,444,Robotank
1,437,445,Robotank
1,438,446,Robotank
1,439,447,Robotank
1,440,448,Robotank
1,441,449,Robotank
1,442,450,Robotank
1,443,451,Robotank
1,444,452,Robotank
1,445,453,Robotank
1,446,454,Robotank
1,447,455,Robotank
1,448,456,Robotank
1,449,457,Robotank
1,450,458,Robotank
1,451,459,Robotank
1,452,460,Robotank
1,453,461,Robotank
1,454,462,Robotank
1,455,463,Robotank
1,456,464,Robotank
1,457,465,Robotank
1,458,466,Robotank
1,459,467,Robotank
1,460,468,Robotank
1,461,469,Robotank
1,462,470,Robotank
1,463,471,Robotank
1,464,472,Robotank
1,465,473,Robotank
1,466,474,Robotank
1,467,475,Robotank
1,468,476,Robotank
1,469,477,Robotank
1,470,478,Robotank
1,471,479,Robotank
1,472,480,Robotank
1,473,481,Robotank
1,474,482,Robotank
1,475,483,Robotank
1,476,484,Robotank
1,477,485,Robotank
1,478,486,Robotank
1,479,487,Robotank
1,480,488,Robotank
1,481,489,Robotank
1,482,490,Robotank
1,483,491,Robotank
1,484,492,Robotank
1,485,493,Robotank
1,486,494,Robotank
1,487,495,Robotank
1,488,496,Robotank
1,489,497,Robotank
1,490,498,Robotank
1,491,499,Robotank
1,492,500,Robotank
1,493,501,Robotank
1,494,502,Robotank
1,495,503,Robotank
1,496,504,Robotank
1,497,505,Robotank
1,498,506,Robotank
1,499,507,Robotank
1,500,508,Robotank
1,501,509,Robotank
1,502,510,Robotank
1,503,511,Robotank
1,504,512,Robotank
1,505,513,Robotank
1,506,514,Robotank
1,507,515,Robotank
1,508,516,Robotank
1,509,517,Robotank
1,510,518,Robotank
1,511,519,Robotank
1,512,520,Robotank
1,513,521,Robotank
1,514,522,Robotank
1,515,523,Robotank
1,516,524,Robotank
1,517,525,Robotank
1,518,526,Robotank
1,519,527,Robotank
1,520,528,Robotank
1,521,529,Robotank
1,522,530,Robotank
1,523,531,Robotank
1,524,532,Robotank
1,525,533,Robotank
1,526,534,Robotank
1,527,535,Robotank
1,528,536,Robotank
1,529,537,Robotank
1,530,538,Robotank
1,531,539,Robotank
1,532,540,Robotank
1,533,541,Robotank
1,534,542,Robotank
1,535,543,Robotank
1,536,544,Robotank
1,537,545,Robotank
1,538,546,Robotank
1,539,547,Robotank
1,540,548,Robotank
1,541,549,Robotank
1,542,550,Robotank
1,543,551,Robotank
1,544,552,Robotank
1,545,553,Robotank
1,546,554,Robotank
1,547,555,Robotank
1,548,556,Robotank
1,549,557,Robotank
1,550,558,Robotank
1,551,559,Robotank
1,552,560,Robotank
1,553,561,Robotank
1,554,562,Robotank
1,555,563,Robotank
1,556,564,Robotank
1,557,565,Robotank
1,558,566,Robotank
1,559,567,Robotank
1,560,568,Robotank
1,561,569,Robotank
1,562,570,Robotank
1,563,571,Robotank
1,564,572,Robotank
1,565,573,Robotank
1,566,574,Robotank
1,567,575,Robotank
1,568,576,Robotank
1,569,577,Robotank
1,570,578,Robotank
1,571,579,Robotank
1,572,580,Robotank
1,573,581,Robotank
1,574,582,Robotank
1,575,583,Robotank
1,576,584,Robotank
1,577,585,Robotank
1,578,586,Robotank
1,579,587,Robotank
1,580,588,Robotank
1,581,589,Robotank
1,582,590,Robotank
1,583,591,Robotank
1,584,592,Robotank
1,585,593,Robotank
1,586,594,Robotank
1,587,595,Robotank
1,588,596,Robotank
1,589,597,Robotank
1,590,598,Robotank
1,591,599,Robotank
1,592,600,Robotank
1,593,601,Robotank
1,594,602,Robotank
1,595,603,Robotank
1,596,604,Robotank
1,597,605,Robotank
1,598,606,Robotank
1,599,607,Robotank
1,600,608,Robotank
1,601,609,Robotank
1,602,610,Robotank
1,603,611,Robotank
1,604,612,Robotank
1,605,613,Robotank
1,606,614,Robotank
1,607,615,Robotank
1,608,616,Robotank
1,609,617,Robotank
1,610,618,Robotank
1,611,619,Robotank
1,612,620,Robotank
1,613,621,Robotank
1,614,622,Robotank
1,615,623,Robotank
1,616,624,Robotank
1,617,625,Robotank
1,618,626,Robotank
1,619,627,Robotank
1,620,628,Robotank
1,621,629,Robotank
1,622,630,Robotank
1,623,631,Robotank
1,624,632,Robotank
1,625,633,Robotank
1,626,634,Robotank
1,627,635,Robotank
1,628,636,Robotank
1,629,637,Robotank
1,630,638,Robotank
1,631,639,Robotank
1,632,640,Robotank
1,633,641,Robotank
1,634,642,Robotank
1,635,643,Robotank
1,636,644,Robotank
1,637,645,Robotank
1,638,646,Robotank
1,639,647,Robotank
1,640,648,Robotank
1,641,649,Robotank
1,642,650,Robotank
1,643,651,Robotank
1,644,652,Robotank
1,645,653,Robotank
1,646,654,Robotank
1,647,655,Robotank
1,648,656,Robotank
1,649,657,Robotank
1,650,658,Robotank
1,651,659,Robotank
1,652,660,Robotank
1,653,661,Robotank
1,654,662,Robotank
1,655,663,Robotank
1,656,664,Robotank
1,657,665,Robotank
1,658,666,Robotank
1,659,667,Robotank
1,660,668,Robotank
1,661,669,Robotank
1,662,670,Robotank
1,663,671,Robotank
1,664,672,Robotank
1,665,673,Robotank
1,666,674,Robotank
1,667,675,Robotank
1,668,676,Robotank
1,669,677,Robotank
1,670,678,Robotank
1,671,679,Robotank
1,672,680,Robotank
1,673,681,Robotank
1,674,682,Robotank
1,675,683,Robotank
1,676,684,Robotank
1,677,685,Robotank
1,678,686,Robotank
1,679,687,Robotank
1,680,688,Robotank
1,681,689,Robotank
1,682,690,Robotank
1,683,691,Robotank
1,684,692,Robotank
1,685,693,Robotank
1,686,694,Robotank
1,687,695,Robotank
1,688,696,Robotank
1,689,697,Robotank
1,690,698,Robotank
1,691,699,Robotank
1,692,700,Robotank
1,693,701,Robotank
1,694,702,Robotank
1,695,703,Robotank
1,696,704,Robotank
1,697,705,Robotank
1,698,706,Robotank
1,699,707,Robotank
1,700,708,Robotank
1,701,709,Robotank
1,702,710,Robotank
1,703,711,Robotank
1,704,712,Robotank
1,705,713,Robotank
1,706,714,Robotank
1,707,715,Robotank
1,708,716,Robotank
1,709,717,Robotank
1,710,718,Robotank
1,711,719,Robotank
1,712,720,Robotank
1,713,721,Robotank
1,714,722,Robotank
1,715,723,Robotank
1,716,724,Robotank
1,717,725,Robotank
1,718,726,Robotank
1,719,727,Robotank
1,720,728,Robotank
1,721,729,Robotank
1,722,730,Robotank
1,723,731,Robotank
1,724,732,Robotank
1,725,733,Robotank
1,726,734,Robotank
1,727,735,Robotank
1,728,736,Robotank
1,729,737,Robotank
1,730,738,Robotank
1,731,739,Robotank
1,732,740,Robotank
1,733,741,Robotank
1,734,742,Robotank
1,735,743,Robotank
1,736,744,Robotank
1,737,745,Robotank
1,738,746,Robotank
1,739,747,Robotank
1,740,748,Robotank
1,741,749,Robotank
1,742,750,Robotank
1,743,751,Robotank
1,744,752,Robotank
1,745,753,Robotank
1,746,754,Robotank
1,747,755,Robotank
1,748,756,Robotank
1,749,757,Robotank
1,750,758,Robotank
1,751,759,Robotank
1,752,760,Robotank
1,753,761,Robotank
1,754,762,Robotank
1,755,763,Robotank
1,756,764,Robotank
1,757,765,Robotank
1,758,766,Robotank
1,759,767,Robotank
1,760,768,Robotank
1,761,769,Robotank
1,762,770,Robotank
1,763,771,Robotank
1,764,772,Robotank
1,765,773,Robotank
1,766,774,Robotank
1,767,775,Robotank
1,768,776,Robotank
1,769,777,Robotank
1,770,778,Robotank
1,771,779,Robotank
1,772,780,Robotank
1,773,781,Robotank
1,774,782,Robotank
1,775,783,Robotank
1,776,784,Robotank
1,777,785,Robotank
1,778,786,Robotank
1,779,787,Robotank
1,780,788,Robotank
1,781,789,Robotank
1,782,790,Robotank
1,783,791,Robotank
1,784,792,Robotank
1,785,793,Robotank
1,786,794,Robotank
1,787,795,Robotank
1,788,796,Robotank
1,789,797,Robotank
1,790,798,Robotank
1,791,799,Robotank
1,792,800,Robotank
1,793,801,Robotank
1,794,802,Robotank
1,795,803,Robotank
1,796,804,Robotank
1,797,805,Robotank
1,798,806,Robotank
1,799,807,Robotank
1,800,808,Robotank
1,801,809,Robotank
1,802,810,Robotank
1,803,811,Robotank
1,804,812,Robotank
1,805,813,Robotank
1,806,814,Robotank
1,807,815,Robotank
1,808,816,Robotank
1,809,817,Robotank
1,810,818,Robotank
1,811,819,Robotank
1,812,820,Robotank
1,813,821,Robotank
1,814,822,Robotank
1,815,823,Robotank
1,816,824,Robotank
1,817,825,Robotank
1,818,826,Robotank
1,819,827,Robotank
1,820,828,Robotank
1,821,829,Robotank
1,822,830,Robotank
1,823,831,Robotank
1,824,832,Robotank
1,825,833,Robotank
1,826,834,Robotank
1,827,835,Robotank
1,828,836,Robotank
1,829,837,Robotank
1,830,838,Robotank
1,831,839,Robotank
1,832,840,Robotank
1,833,841,Robotank
1,834,842,Robotank
1,835,843,Robotank
1,836,844,Robotank
1,837,845,Robotank
1,838,846,Robotank
1,839,847,Robotank
1,840,848,Robotank
1,841,849,Robotank
1,842,850,Robotank
1,843,851,Robotank
1,844,852,Robotank
1,845,853,Robotank
1,846,854,Robotank
1,847,855,Robotank
1,848,856,Robotank
1,849,857,Robotank
1,850,858,Robotank
1,851,859,Robotank
1,852,860,Robotank
1,853,861,Robotank
1,854,862,Robotank
1,855,863,Robotank
1,856,864,Robotank
1,857,865,Robotank
1,858,866,Robotank
1,859,867,Robotank
1,860,868,Robotank
1,861,869,Robotank
1,862,870,Robotank
1,863,871,Robotank
1,864,872,Robotank
1,865,873,Robotank
1,866,874,Robotank
1,867,875,Robotank
1,868,876,Robotank
1,869,877,Robotank
1,870,878,Robotank
1,871,879,Robotank
1,872,880,Robotank
1,873,881,Robotank
1,874,882,Robotank
1,875,883,Robotank
1,876,884,Robotank
1,877,885,Robotank
1,878,886,Robotank
1,879,887,Robotank
1,880,888,Robotank
1,881,889,Robotank
1,882,890,Robotank
1,883,891,Robotank
1,884,892,Robotank
1,885,893,Robotank
1,886,894,Robotank
1,887,895,Robotank
1,888,896,Robotank
1,889,897,Robotank
1,890,898,Robotank
1,891,899,Robotank
1,892,900,Robotank
1,893,901,Robotank
1,894,902,Robotank
1,895,903,Robotank
1,896,904,Robotank
1,897,905,Robotank
1,898,906,Robotank
1,899,907,Robotank
1,900,908,Robotank
1,901,909,Robotank
1,902,910,Robotank
1,903,911,Robotank
1,904,912,Robotank
1,905,913,Robotank
1,906,914,Robotank
1,907,915,Robotank
1,908,916,Robotank
1,909,917,Robotank
1,910,918,Robotank
1,911,919,Robotank
1,912,920,Robotank
1,913,921,Robotank
1,914,922,Robotank
1,915,923,Robotank
1,916,924,Robotank
1,917,925,Robotank
1,918,926,Robotank
1,919,927,Robotank
1,920,928,Robotank
1,921,929,Robotank
1,922,930,Robotank
1,923,931,Robotank
1,924,932,Robotank
1,925,933,Robotank
1,926,934,Robotank
1,927,935,Robotank
1,928,936,Robotank
1,929,937,Robotank
1,930,938,Robotank
1,931,939,Robotank
1,932,940,Robotank
1,933,941,Robotank
1,934,942,Robotank
1,935,943,Robotank
1,936,944,Robotank
1,937,945,Robotank
1,938,946,Robotank
1,939,947,Robotank
1,940,948,Robotank
1,941,949,Robotank
1,942,950,Robotank
1,943,951,Robotank
1,944,952,Robotank
1,945,953,Robotank
1,946,954,Robotank
1,947,955,Robotank
1,948,956,Robotank
1,949,957,Robotank
1,950,958,Robotank
1,951,959,Robotank
1,952,960,Robotank
1,953,961,Robotank
1,954,962,Robotank
1,955,963,Robotank
1,956,964,Robotank
1,957,965,Robotank
1,958,966,Robotank
1,959,967,Robotank
1,960,968,Robotank
1,961,969,Robotank
1,962,970,Robotank
1,963,971,Robotank
1,964,972,Robotank
1,965,973,Robotank
1,966,974,Robotank
1,967,975,Robotank
1,968,976,Robotank
1,969,977,Robotank
1,970,978,Robotank
1,971,979,Robotank
1,972,980,Robotank
1,973,981,Robotank
1,974,982,Robotank
1,975,983,Robotank
1,976,984,Robotank
1,977,985,Robotank
1,978,986,Robotank
1,979,987,Robotank
1,980,988,Robotank
1,981,989,Robotank
1,982,990,Robotank
1,983,991,Robotank
1,984,992,Robotank
1,985,993,Robotank
1,986,994,Robotank
1,987,995,Robotank
1,988,996,Robotank
1,989,997,Robotank
1,990,998,Robotank
1,991,999,Robotank
1,992,1000,Robotank
1,993,1001,Robotank
1,994,1002,Robotank
1,995,1003,Robotank
1,996,1004,Robotank
1,997,1005,Robotank
1,998,1006,Robotank
1,999,1007,Robotank
1,1000,1008,Robotank
1,1001,1009,Robotank
1,1002,1010,Robotank
1,1003,1011,Robotank
1,1004,1012,Robotank
1,1005,1013,Robotank
1,1006,1014,Robotank
1,1007,1015,Robotank
1,1008,1016,Robotank
1,1009,1017,Robotank
1,1010,1018,Robotank
1,1011,1019,Robotank
1,1012,1020,Robotank
1,1013,1021,Robotank
1,1014,1022,Robotank
1,1015,1023,Robotank
1,1016,1024,Robotank
1,1017,1025,Robotank
1,1018,1026,Robotank
1,1019,1027,Robotank
1,1020,1028,Robotank
1,1021,1029,Robotank
1,1022,1030,Robotank
1,1023,1031,Robotank
1,1024,1032,Robotank
1,1025,1033,Robotank
1,1026,1034,Robotank
1,1027,1035,Robotank
1,1028,1036,Robotank
1,1029,1037,Robotank
1,1030,1038,Robotank
1,1031,1039,Robotank
1,1032,1040,Robotank
1,1033,1041,Robotank
1,1034,1042,Robotank
1,1035,1043,Robotank
1,1036,1044,Robotank
1,1037,1045,Robotank
1,1038,1046,Robotank
1,1039,1047,Robotank
1,1040,1048,Robotank
1,1041,1049,Robotank
1,1042,1050,Robotank
1,1043,1051,Robotank
1,1044,1052,Robotank
1,1045,1053,Robotank
1,1046,1054,Robotank
1,1047,1055,Robotank
1,1048,1056,Robotank
1,1049,1057,Robotank
1,1050,1058,Robotank
1,1051,1059,Robotank
1,1052,1060,Robotank
1,1053,1061,Robotank
1,1054,1062,Robotank
1,1055,1063,Robotank
1,1056,1064,Robotank
1,1057,1065,Robotank
1,1058,1066,Robotank
1,1059,1067,Robotank
1,1060,1068,Robotank
1,1061,1069,Robotank
1,1062,1070,Robotank
1,1063,1071,Robotank
1,1064,1072,Robotank
1,1065,1073,Robotank
1,1066,1074,Robotank
1,1067,1075,Robotank
1,1068,1076,Robotank
1,1069,1077,Robotank
1,1070,1078,Robotank
1,1071,1079,Robotank
1,1072,1080,Robotank
1,1073,1081,Robotank
1,1074,1082,Robotank
1,1075,1083,Robotank
1,1076,1084,Robotank
1,1077,1085,Robotank
1,1078,1086,Robotank
1,1079,1087,Robotank
1,1080,1088,Robotank
1,1081,1089,Robotank
1,1082,1090,Robotank
1,1083,1091,Robotank
1,1084,1092,Robotank
1,1085,1093,Robotank
1,1086,1094,Robotank
1,1087,1095,Robotank
1,1088,1096,Robotank
1,1089,1097,Robotank
1,1090,1098,Robotank
1,1091,1099,Robotank
1,1092,1100,Robotank
1,1093,1101,Robotank
1,1094,1102,Robotank
1,1095,1103,Robotank
1,1096,1104,Robotank
1,1097,1105,Robotank
1,1098,1106,Robotank
1,1099,1107,Robotank
1,1100,1108,Robotank
1,1101,1109,Robotank
1,1102,1110,Robotank
1,1103,1111,Robotank
1,1104,1112,Robotank
1,1105,1113,Robotank
1,1106,1114,Robotank
1,1107,1115,Robotank
1,1108,1116,Robotank
1,1109,1117,Robotank
1,1110,1118,Robotank
1,1111,1119,Robotank
1,1112,1120,Robotank
1,1113,1121,Robotank
1,1114,1122,Robotank
1,1115,1123,Robotank
1,1116,1124,Robotank
1,1117,1125,Robotank
1,1118,1126,Robotank
1,1119,1127,Robotank
1,1120,1128,Robotank
1,1121,1129,Robotank
1,1122,1130,Robotank
1,1123,1131,Robotank
1,1124,1132,Robotank
1,1125,1133,Robotank
1,1126,1134,Robotank
1,1127,1135,Robotank
1,1128,1136,Robotank
1,1129,1137,Robotank
1,1130,1138,Robotank
1,1131,1139,Robotank
1,1132,1140,Robotank
1,1133,1141,Robotank
1,1134,1142,Robotank
1,1135,1143,Robotank
1,1136,1144,Robotank
1,1137,1145,Robotank
1,1138,1146,Robotank
1,1139,1147,Robotank
1,1140,1148,Robotank
1,1141,1149,Robotank
1,1142,1150,Robotank
1,1143,1151,Robotank
1,1144,1152,Robotank
1,1145,1153,Robotank
1,1146,1154,Robotank
1,1147,1155,Robotank
1,1148,1156,Robotank
1,1149,1157,Robotank
1,1150,1158,Robotank
1,1151,1159,Robotank
1,1152,1160,Robotank
1,1153,1161,Robotank
1,1154,1162,Robotank
1,1155,1163,Robotank
1,1156,1164,Robotank
1,1157,1165,Robotank
1,1158,1166,Robotank
1,1159,1167,Robotank
1,1160,1168,Robotank
1,1161,1169,Robotank
1,1162,1170,Robotank
1,1163,1171,Robotank
1,1164,1172,Robotank
1,1165,1173,Robotank
1,1166,1174,Robotank
1,1167,1175,Robotank
1,1168,1176,Robotank
1,1169,1177,Robotank
1,1170,1178,Robotank
1,1171,1179,Robotank
1,1172,1180,Robotank
1,1173,1181,Robotank
1,1174,1182,Robotank
1,1175,1183,Robotank
1,1176,1184,Robotank
1,1177,1185,Robotank
1,1178,1186,Robotank
1,1179,1187,Robotank
1,1180,1188,Robotank
1,1181,1189,Robotank
1,1182,1190,Robotank
1,1183,1191,Robotank
1,1184,1192,Robotank
1,1185,1193,Robotank
1,1186,1194,Robotank
1,1187,1195,Robotank
1,1188,1196,Robotank
1,1189,1197,Robotank
1,1190,1198,Robotank
1,1191,1199,Robotank
1,1192,1200,Robotank
1,1193,1201,Robotank
1,1194,1202,Robotank
1,1195,1203,Robotank
1,1196,1204,Robotank
1,1197,1205,Robotank
1,1198,1206,Robotank
1,1199,1207,Robotank
1,1200,1208,Robotank
1,1201,1209,Robotank
1,1202,1210,Robotank
1,1203,1211,Robotank
1,1204,1212,Robotank
1,1205,1213,Robotank
1,1206,1214,Robotank
1,1207,1215,Robotank
1,1208,1216,Robotank
1,1209,1217,Robotank
1,1210,1218,Robotank
1,1211,1219,Robotank
1,1212,1220,Robotank
1,1213,1221,Robotank
1,1214,1222,Robotank
1,1215,1223,Robotank
1,1216,1224,Robotank
1,1217,1225,Robotank
1,1218,1226,Robotank
1,1219,1227,Robotank
1,1220,1228,Robotank
1,1221,1229,Robotank
1,1222,1230,Robotank
1,1223,1231,Robotank
1,1224,1232,Robotank
1,1225,1233,Robotank
1,1226,1234,Robotank
1,1227,1235,Robotank
1,1228,1236,Robotank
1,1229,1237,Robotank
1,1230,1238,Robotank
1,1231,1239,Robotank
1,1232,1240,Robotank
1,1233,1241,Robotank
1,1234,1242,Robotank
1,1235,1243,Robotank
1,1236,1244,Robotank
1,1237,1245,Robotank
1,1238,1246,Robotank
1,1239,1247,Robotank
1,1240,1248,Robotank
1,1241,1249,Robotank
1,1242,1250,Robotank
1,1243,1251,Robotank
1,1244,1252,Robotank
1,1245,1253,Robotank
1,1246,1254,Robotank
1,1247,1255,Robotank
1,1248,1256,Robotank
1,1249,1257,Robotank
1,1250,1258,Robotank
1,1251,1259,Robotank
1,1252,1260,Robotank
1,1253,1261,Robotank
1,1254,1262,Robotank
1,1255,1263,Robotank
1,1256,1264,Robotank
1,1257,1265,Robotank
1,1258,1266,Robotank
1,1259,1267,Robotank
1,1260,1268,Robotank
1,1261,1269,Robotank
1,1262,1270,Robotank
1,1263,1271,Robotank
1,1264,1272,Robotank
1,1265,1273,Robotank
1,1266,1274,Robotank
1,1267,1275,Robotank
1,1268,1276,Robotank
1,1269,1277,Robotank
1,1270,1278,Robotank
1,1271,1279,Robotank
1,1272,1280,Robotank
1,1273,1281,Robotank
1,1274,1282,Robotank
1,1275,1283,Robotank
1,1276,1284,Robotank
1,1277,1285,Robotank
1,1278,1286,Robotank
1,1279,1287,Robotank
1,1280,1288,Robotank
1,1281,1289,Robotank
1,1282,1290,Robotank
1,1283,1291,Robotank
1,1284,1292,Robotank
1,1285,1293,Robotank
1,1286,1294,Robotank
1,1287,1295,Robotank
1,1288,1296,Robotank
1,1289,1297,Robotank
1,1290,1298,Robotank
1,1291,1299,Robotank
1,1292,1300,Robotank
1,1293,1301,Robotank
1,1294,1302,Robotank
1,1295,1303,Robotank
1,1296,1304,Robotank
1,1297,1305,Robotank
1,1298,1306,Robotank
1,1299,1307,Robotank
1,1300,1308,Robotank
1,1301,1309,Robotank
1,1302,1310,Robotank
1,1303,1311,Robotank
1,1304,1312,Robotank
1,1305,1313,Robotank
1,1306,1314,Robotank
1,1307,1315,Robotank
1,1308,1316,Robotank
1,1309,1317,Robotank
1,1310,1318,Robotank
1,1311,1319,Robotank
1,1312,1320,Robotank
1,1313,1321,Robotank
1,1314,1322,Robotank
1,1315,1323,Robotank
1,1316,1324,Robotank
1,1317,1325,Robotank
1,1318,1326,Robotank
1,1319,1327,Robotank
1,1320,1328,Robotank
1,1321,1329,Robotank
1,1322,1330,Robotank
1,1323,1331,Robotank
1,1324,1332,Robotank
1,1325,1333,Robotank
1,1326,1334,Robotank
1,1327,1335,Robotank
1,1328,1336,Robotank
1,1329,1337,Robotank
1,1330,1338,Robotank
1,1331,1339,Robotank
1,1332,1340,Robotank
1,1333,1341,Robotank
1,1334,1342,Robotank
1,1335,1343,Robotank
1,1336,1344,Robotank
1,1337,1345,Robotank
1,1338,1346,Robotank
1,1339,1347,Robotank
1,1340,1348,Robotank
1,1341,1349,Robotank
1,1342,1350,Robotank
1,1343,1351,Robotank
1,1344,1352,Robotank
1,1345,1353,Robotank
1,1346,1354,Robotank
1,1347,1355,Robotank
1,1348,1356,Robotank
1,1349,1357,Robotank
1,1350,1358,Robotank
1,1351,1359,Robotank
1,1352,1360,Robotank
1,1353,1361,Robotank
1,1354,1362,Robotank
1,1355,1363,Robotank
1,1356,1364,Robotank
1,1357,1365,Robotank
1,1358,1366,Robotank
1,1359,1367,Robotank
1,1360,1368,Robotank
1,1361,1369,Robotank
1,1362,1370,Robotank
1,1363,1371,Robotank
1,1364,1372,Robotank
1,1365,1373,Robotank
1,1366,1374,Robotank
1,1367,1375,Robotank
1,1368,1376,Robotank
1,1369,1377,Robotank
1,1370,1378,Robotank
1,1371,1379,Robotank
1,1372,1380,Robotank
1,1373,1381,Robotank
1,1374,1382,Robotank
1,1375,1383,Robotank
1,1376,1384,Robotank
1,1377,1385,Robotank
1,1378,1386,Robotank
1,1379,1387,Robotank
1,1380,1388,Robotank
1,1381,1389,Robotank
1,1382,1390,Robotank
1,1383,1391,Robotank
1,1384,1392,Robotank
1,1385,1393,Robotank
1,1386,1394,Robotank
1,1387,1395,Robotank
1,1388,1396,Robotank
1,1389,1397,Robotank
1,1390,1398,Robotank
1,1391,1399,Robotank
1,1392,1400,Robotank
1,1393,1401,Robotank
1,1394,1402,Robotank
1,1395,1403,Robotank
1,1396,1404,Robotank
1,1397,1405,Robotank
1,1398,1406,Robotank
1,1399,1407,Robotank
1,1400,1408,Robotank
1,1401,1409,Robotank
1,1402,1410,Robotank
1,1403,1411,Robotank
1,1404,1412,Robotank
1,1405,1413,Robotank
1,1406,1414,Robotank
1,1407,1415,Robotank
1,1408,1416,Robotank
1,1409,1417,Robotank
1,1410,1418,Robotank
1,1411,1419,Robotank
1,1412,1420,Robotank
1,1413,1421,Robotank
1,1414,1422,Robotank
1,1415,1423,Robotank
1,1416,1424,Robotank
1,1417,1425,Robotank
1,1418,1426,Robotank
1,1419,1427,Robotank
1,1420,1428,Robotank
1,1421,1429,Robotank
1,1422,1430,Robotank
1,1423,1431,Robotank
1,1424,1432,Robotank
1,1425,1433,Robotank
1,1426,1434,Robotank
1,1427,1435,Robotank
1,1428,1436,Robotank
1,1429,1437,Robotank
1,1430,1438,Robotank
1,1431,1439,Robotank
1,1432,1440,Robotank
1,1433,1441,Robotank
1,1434,1442,Robotank
1,1435,1443,Robotank
1,1436,1444,Robotank
1,1437,1445,Robotank
1,1438,1446,Robotank
1,1439,1447,Robotank
1,1440,1448,Robotank
1,1441,1449,Robotank
1,1442,1450,Robotank
1,1443,1451,Robotank
1,1444,1452,Robotank
1,1445,1453,Robotank
1,1446,1454,Robotank
1,1447,1455,Robotank
1,1448,1456,Robotank
1,1449,1457,Robotank
1,1450,1458,Robotank
1,1451,1459,Robotank
1,1452,1460,Robotank
1,1453,1461,Robotank
1,1454,1462,Robotank
1,1455,1463,Robotank
1,1456,1464,Robotank
1,1457,1465,Robotank
1,1458,1466,Robotank
1,1459,1467,Robotank
1,1460,1468,Robotank
1,1461,1469,Robotank
1,1462,1470,Robotank
1,1463,1471,Robotank
1,1464,1472,Robotank
1,1465,1473,Robotank
1,1466,1474,Robotank
1,1467,1475,Robotank
1,1468,1476,Robotank
1,1469,1477,Robotank
1,1470,1478,Robotank
1,1471,1479,Robotank
1,1472,1480,Robotank
1,1473,1481,Robotank
1,1474,1482,Robotank
1,1475,1483,Robotank
1,1476,1484,Robotank
1,1477,1485,Robotank
1,1478,1486,Robotank
1,1479,1487,Robotank
1,1480,1488,Robotank
1,1481,1489,Robotank
1,1482,1490,Robotank
1,1483,1491,Robotank
1,1484,1492,Robotank
1,1485,1493,Robotank
1,1486,1494,Robotank
1,1487,1495,Robotank
1,1488,1496,Robotank
1,1489,1497,Robotank
1,1490,1498,Robotank
1,1491,1499,Robotank
1,1492,1500,Robotank
1,1493,1501,Robotank
1,1494,1502,Robotank
1,1495,1503,Robotank
1,1496,1504,Robotank
1,1497,1505,Robotank
1,1498,1506,Robotank
1,1499,1507,Robotank
1,1500,1508,Robotank
1,1501,1509,Robotank
1,1502,1510,Robotank
1,1503,1511,Robotank
1,1504,1512,Robotank
1,1505,1513,Robotank
1,1506,1514,Robotank
1,1507,1515,Robotank
1,1508,1516,Robotank
1,1509,1517,Robotank
1,1510,1518,Robotank
1,1511,1519,Robotank
1,1512,1520,Robotank
1,1513,1521,Robotank
1,1514,1522,Robotank
1,1515,1523,Robotank
1,1516,1524,Robotank
1,1517,1525,Robotank
1,1518,1526,Robotank
1,1519,1527,Robotank
1,1520,1528,Robotank
1,1521,1529,Robotank
1,1522,1530,Robotank
1,1523,1531,Robotank
1,1524,1532,Robotank
1,1525,1533,Robotank
1,1526,1534,Robotank
1,1527,1535,Robotank
1,1528,1536,Robotank
1,1529,1537,Robotank
1,1530,1538,Robotank
1,1531,1539,Robotank
1,1532,1540,Robotank
1,1533,1541,Robotank
1,1534,1542,Robotank
1,1535,1543,Robotank
1,1536,1544,Robotank
1,1537,1545,Robotank
1,1538,1546,Robotank
1,1539,1547,Robotank
1,1540,1548,Robotank
1,1541,1549,Robotank
1,1542,1550,Robotank
1,1543,1551,Robotank
1,1544,1552,Robotank
1,1545,1553,Robotank
1,1546,1554,Robotank
1,1547,1555,Robotank
1,1548,1556,Robotank
1,1549,1557,Robotank
1,1550,1558,Robotank
1,1551,1559,Robotank
1,1552,1560,Robotank
1,1553,1561,Robotank
1,1554,1562,Robotank
1,1555,1563,Robotank
1,1556,1564,Robotank
1,1557,1565,Robotank
1,1558,1566,Robotank
1,1559,1567,Robotank
1,1560,1568,Robotank
1,1561,1569,Robotank
1,1562,1570,Robotank
1,1563,1571,Robotank
1,1564,1572,Robotank
1,1565,1573,Robotank
1,1566,1574,Robotank
1,1567,1575,Robotank
1,1568,1576,Robotank
1,1569,1577,Robotank
1,1570,1578,Robotank
1,1571,1579,Robotank
1,1572,1580,Robotank
1,1573,1581,Robotank
1,1574,1582,Robotank
1,1575,1583,Robotank
1,1576,1584,Robotank
1,1577,1585,Robotank
1,1578,1586,Robotank
1,1579,1587,Robotank
1,1580,1588,Robotank
1,1581,1589,Robotank
1,1582,1590,Robotank
1,1583,1591,Robotank
1,1584,1592,Robotank
1,1585,1593,Robotank
1,1586,1594,Robotank
1,1587,1595,Robotank
1,1588,1596,Robotank
1,1589,1597,Robotank
1,1590,1598,Robotank
1,1591,1599,Robotank
1,1592,1600,Robotank
1,1593,1601,Robotank
1,1594,1602,Robotank
1,1595,1603,Robotank
1,1596,1604,Robotank
1,1597,1605,Robotank
1,1598,1606,Robotank
1,1599,1607,Robotank
1,1600,1608,Robotank
1,1601,1609,Robotank
1,1602,1610,Robotank
1,1603,1611,Robotank
1,1604,1612,Robotank
1,1605,1613,Robotank
1,1606,1614,Robotank
1,1607,1615,Robotank
1,1608,1616,Robotank
1,1609,1617,Robotank
1,1610,1618,Robotank
1,1611,1619,Robotank
1,1612,1620,Robotank
1,1613,1621,Robotank
1,1614,1622,Robotank
1,1615,1623,Robotank
1,1616,1624,Robotank
1,1617,1625,Robotank
1,1618,1626,Robotank
1,1619,1627,Robotank
1,1620,1628,Robotank
1,1621,1629,Robotank
1,1622,1630,Robotank
1,1623,1631,Robotank
1,1624,1632,Robotank
1,1625,1633,Robotank
1,1626,1634,Robotank
1,1627,1635,Robotank
1,1628,1636,Robotank
1,1629,1637,Robotank
1,1630,1638,Robotank
1,1631,1639,Robotank
1,1632,1640,Robotank
1,1633,1641,Robotank
1,1634,1642,Robotank
1,1635,1643,Robotank
1,1636,1644,Robotank
1,1637,1645,Robotank
1,1638,1646,Robotank
1,1639,1647,Robotank
1,1640,1648,Robotank
1,1641,1649,Robotank
1,1642,1650,Robotank
1,1643,1651,Robotank
1,1644,1652,Robotank
1,1645,1653,Robotank
1,1646,1654,Robotank
1,1647,1655,Robotank
1,1648,1656,Robotank
1,1649,1657,Robotank
1,1650,1658,Robotank
1,1651,1659,Robotank
1,1652,1660,Robotank
1,1653,1661,Robotank
1,1654,1662,Robotank
1,1655,1663,Robotank
1,1656,1664,Robotank
1,1657,1665,Robotank
1,1658,1666,Robotank
1,1659,1667,Robotank
1,1660,1668,Robotank
1,1661,1669,Robotank
1,1662,1670,Robotank
1,1663,1671,Robotank
1,1664,1672,Robotank
1,1665,1673,Robotank
1,1666,1674,Robotank
1,1667,1675,Robotank
1,1668,1676,Robotank
1,1669,1677,Robotank
1,1670,1678,Robotank
1,1671,1679,Robotank
1,1672,1680,Robotank
1,1673,1681,Robotank
1,1674,1682,Robotank
1,1675,1683,Robotank
1,1676,1684,Robotank
1,1677,1685,Robotank
1,1678,1686,Robotank
1,1679,1687,Robotank
1,1680,1688,Robotank
1,1681,1689,Robotank
1,1682,1690,Robotank
1,1683,1691,Robotank
1,1684,1692,Robotank
1,1685,1693,Robotank
1,1686,1694,Robotank
1,1687,1695,Robotank
1,1688,1696,Robotank
1,1689,1697,Robotank
1,1690,1698,Robotank
1,1691,1699,Robotank
1,1692,1700,Robotank
1,1693,1701,Robotank
1,1694,1702,Robotank
1,1695,1703,Robotank
1,1696,1704,Robotank
1,1697,1705,Robotank
1,1698,1706,Robotank
1,1699,1707,Robotank
1,1700,1708,Robotank
1,1701,1709,Robotank
1,1702,1710,Robotank
1,1703,1711,Robotank
1,1704,1712,Robotank
1,1705,1713,Robotank
1,1706,1714,Robotank
1,1707,1715,Robotank
1,1708,1716,Robotank
1,1709,1717,Robotank
1,1710,1718,Robotank
1,1711,1719,Robotank
1,1712,1720,Robotank
1,1713,1721,Robotank
1,1714,1722,Robotank
1,1715,1723,Robotank
1,1716,1724,Robotank
1,1717,1725,Robotank
1,1718,1726,Robotank
1,1719,1727,Robotank
1,1720,1728,Robotank
1,1721,1729,Robotank
1,1722,1730,Robotank
1,1723,1731,Robotank
1,1724,1732,Robotank
1,1725,1733,Robotank
1,1726,1734,Robotank
1,1727,1735,Robotank
1,1728,1736,Robotank
1,1729,1737,Robotank
1,1730,1738,Robotank
1,1731,1739,Robotank
1,1732,1740,Robotank
1,1733,1741,Robotank
1,1734,1742,Robotank
1,1735,1743,Robotank
1,1736,1744,Robotank
1,1737,1745,Robotank
1,1738,1746,Robotank
1,1739,1747,Robotank
1,1740,1748,Robotank
1,1741,1749,Robotank
1,1742,1750,Robotank
1,1743,1751,Robotank
1,1744,1752,Robotank
1,1745,1753,Robotank
1,1746,1754,Robotank
1,1747,1755,Robotank
1,1748,1756,Robotank
1,1749,1757,Robotank
1,1750,1758,Robotank
1,1751,1759,Robotank
1,1752,1760,Robotank
1,1753,1761,Robotank
1,1754,1762,Robotank
1,1755,1763,Robotank
1,1756,1764,Robotank
1,1757,1765,Robotank
1,1758,1766,Robotank
1,1759,1767,Robotank
1,1760,1768,Robotank
1,1761,1769,Robotank
1,1762,1770,Robotank
1,1763,1771,Robotank
1,1764,1772,Robotank
1,1765,1773,Robotank
1,1766,1774,Robotank
1,1767,1775,Robotank
1,1768,1776,Robotank
1,1769,1777,Robotank
1,1770,1778,Robotank
1,1771,1779,Robotank
1,1772,1780,Robotank
1,1773,1781,Robotank
1,1774,1782,Robotank
1,1775,1783,Robotank
1,1776,1784,Robotank
1,1777,1785,Robotank
1,1778,1786,Robotank
1,1779,1787,Robotank
1,1780,1788,Robotank
1,1781,1789,Robotank
1,1782,1790,Robotank
1,1783,1791,Robotank
1,1784,1792,Robotank
1,1785,1793,Robotank
1,1786,1794,Robotank
1,1787,1795,Robotank
1,1788,1796,Robotank
1,1789,1797,Robotank
1,1790,1798,Robotank
1,1791,1799,Robotank
1,1792,1800,Robotank
1,1793,1801,Robotank
1,1794,1802,Robotank
1,1795,1803,Robotank
1,1796,1804,Robotank
1,1797,1805,Robotank
1,1798,1806,Robotank
1,1799,1807,Robotank
1,1800,1808,Robotank
1,1801,1809,Robotank
1,1802,1810,Robotank
1,1803,1811,Robotank
1,1804,1812,Robotank
1,1805,1813,Robotank
1,1806,1814,Robotank
1,1807,1815,Robotank
1,1808,1816,Robotank
1,1809,1817,Robotank
1,1810,1818,Robotank
1,1811,1819,Robotank
1,1812,1820,Robotank
1,1813,1821,Robotank
1,1814,1822,Robotank
1,1815,1823,Robotank
1,1816,1824,Robotank
1,1817,1825,Robotank
1,1818,1826,Robotank
1,1819,1827,Robotank
1,1820,1828,Robotank
1,1821,1829,Robotank
1,1822,1830,Robotank
1,1823,1831,Robotank
1,1824,1832,Robotank
1,1825,1833,Robotank
1,1826,1834,Robotank
1,1827,1835,Robotank
1,1828,1836,Robotank
1,1829,1837,Robotank
1,1830,1838,Robotank
1,1831,1839,Robotank
1,1832,1840,Robotank
1,1833,1841,Robotank
1,1834,1842,Robotank
1,1835,1843,Robotank
1,1836,1844,Robotank
1,1837,1845,Robotank
1,1838,1846,Robotank
1,1839,1847,Robotank
1,1840,1848,Robotank
1,1841,1849,Robotank
1,1842,1850,Robotank
1,1843,1851,Robotank
1,1844,1852,Robotank
1,1845,1853,Robotank
1,1846,1854,Robotank
1,1847,1855,Robotank
1,1848,1856,Robotank
1,1849,1857,Robotank
1,1850,1858,Robotank
1,1851,1859,Robotank
1,1852,1860,Robotank
1,1853,1861,Robotank
1,1854,1862,Robotank
1,1855,1863,Robotank
1,1856,1864,Robotank
1,1857,1865,Robotank
1,1858,1866,Robotank
1,1859,1867,Robotank
1,1860,1868,Robotank
1,1861,1869,Robotank
1,1862,1870,Robotank
1,1863,1871,Robotank
1,1864,1872,Robotank
1,1865,1873,Robotank
1,1866,1874,Robotank
1,1867,1875,Robotank
1,1868,1876,Robotank
1,1869,1877,Robotank
1,1870,1878,Robotank
1,1871,1879,Robotank
1,1872,1880,Robotank
1,1873,1881,Robotank
1,1874,1882,Robotank
1,1875,1883,Robotank
1,1876,1884,Robotank
1,1877,1885,Robotank
1,1878,1886,Robotank
1,1879,1887,Robotank
1,1880,1888,Robotank
1,1881,1889,Robotank
1,1882,1890,Robotank
1,1883,1891,Robotank
1,1884,1892,Robotank
1,1885,1893,Robotank
1,1886,1894,Robotank
1,1887,1895,Robotank
1,1888,1896,Robotank
1,1889,1897,Robotank
1,1890,1898,Robotank
1,1891,1899,Robotank
1,1892,1900,Robotank
1,1893,1901,Robotank
1,1894,1902,Robotank
1,1895,1903,Robotank
1,1896,1904,Robotank
1,1897,1905,Robotank
1,1898,1906,Robotank
1,1899,1907,Robotank
1,1900,1908,Robotank
1,1901,1909,Robotank
1,1902,1910,Robotank
1,1903,1911,Robotank
1,1904,1912,Robotank
1,1905,1913,Robotank
1,1906,1914,Robotank
1,1907,1915,Robotank
1,1908,1916,Robotank
1,1909,1917,Robotank
1,1910,1918,Robotank
1,1911,1919,Robotank
1,1912,1920,Robotank
1,1913,1921,Robotank
1,1914,1922,Robotank
1,1915,1923,Robotank
1,1916,1924,Robotank
1,1917,1925,Robotank
1,1918,1926,Robotank
1,1919,1927,Robotank
1,1920,1928,Robotank
1,1921,1929,Robotank
1,1922,1930,Robotank
1,1923,1931,Robotank
1,1924,1932,Robotank
1,1925,1933,Robotank
1,1926,1934,Robotank
1,1927,1935,Robotank
1,1928,1936,Robotank
1,1929,1937,Robotank
1,1930,1938,Robotank
1,1931,1939,Robotank
1,1932,1940,Robotank
1,1933,1941,Robotank
1,1934,1942,Robotank
1,1935,1943,Robotank
1,1936,1944,Robotank
1,1937,1945,Robotank
1,1938,1946,Robotank
1,1939,1947,Robotank
1,1940,1948,Robotank
1,1941,1949,Robotank
1,1942,1950,Robotank
1,1943,1951,Robotank
1,1944,1952,Robotank
1,1945,1953,Robotank
1,1946,1954,Robotank
1,1947,1955,Robotank
1,1948,1956,Robotank
1,1949,1957,Robotank
1,1950,1958,Robotank
1,1951,1959,Robotank
1,1952,1960,Robotank
1,1953,1961,Robotank
1,1954,1962,Robotank
1,1955,1963,Robotank
1,1956,1964,Robotank
1,1957,1965,Robotank
1,1958,1966,Robotank
1,1959,1967,Robotank
1,1960,1968,Robotank
1,1961,1969,Robotank
1,1962,1970,Robotank
1,1963,1971,Robotank
1,1964,1972,Robotank
1,1965,1973,Robotank
1,1966,1974,Robotank
1,1967,1975,Robotank
1,1968,1976,Robotank
1,1969,1977,Robotank
1,1970,1978,Robotank
1,1971,1979,Robotank
1,1972,1980,Robotank
1,1973,1981,Robotank
1,1974,1982,Robotank
1,1975,1983,Robotank
1,1976,1984,Robotank
1,1977,1985,Robotank
1,1978,1986,Robotank
1,1979,1987,Robotank
1,1980,1988,Robotank
1,1981,1989,Robotank
1,1982,1990,Robotank
1,1983,1991,Robotank
1,1984,1992,Robotank
1,1985,1993,Robotank
1,1986,1994,Robotank
1,1987,1995,Robotank
1,1988,1996,Robotank
1,1989,1997,Robotank
1,1990,1998,Robotank
1,1991,1999,Robotank
1,1992,2000,Robotank
1,1993,2001,Robotank
1,1994,2002,Robotank
1,1995,2003,Robotank
1,1996,2004,Robotank
1,1997,2005,Robotank
1,1998,2006,Robotank
1,1999,2007,Robotank
1,2000,2008,Robotank
1,2001,2009,Robotank
1,2002,2010,Robotank
1,2003,2011,Robotank
1,2004,2012,Robotank
1,2005,2013,Robotank
1,2006,2014,Robotank
1,2007,2015,Robotank
1,2008,2016,Robotank
1,2009,2017,Robotank
1,2010,2018,Robotank
1,2011,2019,Robotank
1,2012,2020,Robotank
1,2013,2021,Robotank
1,2014,2022,Robotank
1,2015,2023,Robotank
1,2016,2024,Robotank
1,2017,2025,Robotank
1,2018,2026,Robotank
1,2019,2027,Robotank
1,2020,2028,Robotank
1,2021,2029,Robotank
1,2022,2030,Robotank
1,2023,2031,Robotank
1,2024,2032,Robotank
1,2025,2033,Robotank
1,2026,2034,Robotank
1,2027,2035,Robotank
1,2028,2036,Robotank
1,2029,2037,Robotank
1,2030,2038,Robotank
1,2031,2039,Robotank
1,2032,2040,Robotank
1,2033,2041,Robotank
1,2034,2042,Robotank
1,2035,2043,Robotank
1,2036,2044,Robotank
1,2037,2045,Robotank
1,2038,2046,Robotank
1,2039,2047,Robotank
1,2040,2048,Robotank
1,2041,2049,Robotank
1,2042,2050,Robotank
1,2043,2051,Robotank
1,2044,2052,Robotank
1,2045,2053,Robotank
1,2046,2054,Robotank
1,2047,2055,Robotank
1,2048,2056,Robotank
1,2049,2057,Robotank
1,2050,2058,Robotank
1,2051,2059,Robotank
1,2052,2060,Robotank
1,2053,2061,Robotank
1,2054,2062,Robotank
1,2055,2063,Robotank
1,2056,2064,Robotank
1,2057,2065,Robotank
1,2058,2066,Robotank
1,2059,2067,Robotank
1,2060,2068,Robotank
1,2061,2069,Robotank
1,2062,2070,Robotank
1,2063,2071,Robotank
1,2064,2072,Robotank
1,2065,2073,Robotank
1,2066,2074,Robotank
1,2067,2075,Robotank
1,2068,2076,Robotank
1,2069,2077,Robotank
1,2070,2078,Robotank
1,2071,2079,Robotank
1,2072,2080,Robotank
1,2073,2081,Robotank
1,2074,2082,Robotank
1,2075,2083,Robotank
1,2076,2084,Robotank
1,2077,2085,Robotank
1,2078,2086,Robotank
1,2079,2087,Robotank
1,2080,2088,Robotank
1,2081,2089,Robotank
1,2082,2090,Robotank
1,2083,2091,Robotank
1,2084,2092,Robotank
1,2085,2093,Robotank
1,2086,2094,Robotank
1,2087,2095,Robotank
1,2088,2096,Robotank
1,2089,2097,Robotank
1,2090,2098,Robotank
1,2091,2099,Robotank
1,2092,2100,Robotank
1,2093,2101,Robotank
1,2094,2102,Robotank
1,2095,2103,Robotank
1,2096,2104,Robotank
1,2097,2105,Robotank
1,2098,2106,Robotank
1,2099,2107,Robotank
1,2100,2108,Robotank
1,2101,2109,Robotank
1,2102,2110,Robotank
1,2103,2111,Robotank
1,2104,2112,Robotank
1,2105,2113,Robotank
1,2106,2114,Robotank
1,2107,2115,Robotank
1,2108,2116,Robotank
1,2109,2117,Robotank
1,2110,2118,Robotank
1,2111,2119,Robotank
1,2112,2120,Robotank
1,2113,2121,Robotank
1,2114,2122,Robotank
1,2115,2123,Robotank
1,2116,2124,Robotank
1,2117,2125,Robotank
1,2118,2126,Robotank
1,2119,2127,Robotank
1,2120,2128,Robotank
1,2121,2129,Robotank
1,2122,2130,Robotank
1,2123,2131,Robotank
1,2124,2132,Robotank
1,2125,2133,Robotank
1,2126,2134,Robotank
1,2127,2135,Robotank
1,2128,2136,Robotank
1,2129,2137,Robotank
1,2130,2138,Robotank
1,2131,2139,Robotank
1,2132,2140,Robotank
1,2133,2141,Robotank
1,2134,2142,Robotank
1,2135,2143,Robotank
1,2136,2144,Robotank
1,2137,2145,Robotank
1,2138,2146,Robotank
1,2139,2147,Robotank
1,2140,2148,Robotank
1,2141,2149,Robotank
1,2142,2150,Robotank
1,2143,2151,Robotank
1,2144,2152,Robotank
1,2145,2153,Robotank
1,2146,2154,Robotank
1,2147,2155,Robotank
1,2148,2156,Robotank
1,2149,2157,Robotank
1,2150,2158,Robotank
1,2151,2159,Robotank
1,2152,2160,Robotank
1,2153,2161,Robotank
1,2154,2162,Robotank
1,2155,2163,Robotank
1,2156,2164,Robotank
1,2157,2165,Robotank
1,2158,2166,Robotank
1,2159,2167,Robotank
1,2160,2168,Robotank
1,2161,2169,Robotank
1,2162,2170,Robotank
1,2163,2171,Robotank
1,2164,2172,Robotank
1,2165,2173,Robotank
1,2166,2174,Robotank
1,2167,2175,Robotank
1,2168,2176,Robotank
1,2169,2177,Robotank
1,2170,2178,Robotank
1,2171,2179,Robotank
1,2172,2180,Robotank
1,2173,2181,Robotank
1,2174,2182,Robotank
1,2175,2183,Robotank
1,2176,2184,Robotank
1,2177,2185,Robotank
1,2178,2186,Robotank
1,2179,2187,Robotank
1,2180,2188,Robotank
1,2181,2189,Robotank
1,2182,2190,Robotank
1,2183,2191,Robotank
1,2184,2192,Robotank
1,2185,2193,Robotank
1,2186,2194,Robotank
1,2187,2195,Robotank
1,2188,2196,Robotank
1,2189,2197,Robotank
1,2190,2198,Robotank
1,2191,2199,Robotank
1,2192,2200,Robotank
1,2193,2201,Robotank
1,2194,2202,Robotank
1,2195,2203,Robotank
1,2196,2204,Robotank
1,2197,2205,Robotank
1,2198,2206,Robotank
1,2199,2207,Robotank
1,2200,2208,Robotank
1,2201,2209,Robotank
1,2202,2210,Robotank
1,2203,2211,Robotank
1,2204,2212,Robotank
1,2205,2213,Robotank
1,2206,2214,Robotank
1,2207,2215,Robotank
1,2208,2216,Robotank
1,2209,2217,Robotank
1,2210,2218,Robotank
1,2211,2219,Robotank
1,2212,2220,Robotank
1,2213,2221,Robotank
1,2214,2222,Robotank
1,2215,2223,Robotank
1,2216,2224,Robotank
1,2217,2225,Robotank
1,2218,2226,Robotank
1,2219,2227,Robotank
1,2220,2228,Robotank
1,2221,2229,Robotank
1,2222,2230,Robotank
1,2223,2231,Robotank
1,2224,2232,Robotank
1,2225,2233,Robotank
1,2226,2234,Robotank
1,2227,2235,Robotank
1,2228,2236,Robotank
1,2229,2237,Robotank
1,2230,2238,Robotank
1,2231,2239,Robotank
1,2232,2240,Robotank
1,2233,2241,Robotank
1,2234,2242,Robotank
1,2235,2243,Robotank
1,2236,2244,Robotank
1,2237,2245,Robotank
1,2238,2246,Robotank
1,2239,2247,Robotank
1,2240,2248,Robotank
1,2241,2249,Robotank
1,2242,2250,Robotank
1,2243,2251,Robotank
1,2244,2252,Robotank
1,2245,2253,Robotank
1,2246,2254,Robotank
1,2247,2255,Robotank
1,2248,2256,Robotank
1,2249,2257,Robotank
1,2250,2258,Robotank
1,2251,2259,Robotank
1,2252,2260,Robotank
1,2253,2261,Robotank
1,2254,2262,Robotank
1,2255,2263,Robotank
1,2256,2264,Robotank
1,2257,2265,Robotank
1,2258,2266,Robotank
1,2259,2267,Robotank
1,2260,2268,Robotank
1,2261,2269,Robotank
1,2262,2270,Robotank
1,2263,2271,Robotank
1,2264,2272,Robotank
1,2265,2273,Robotank
1,2266,2274,Robotank
1,2267,2275,Robotank
1,2268,2276,Robotank
1,2269,2277,Robotank
1,2270,2278,Robotank
1,2271,2279,Robotank
1,2272,2280,Robotank
1,2273,2281,Robotank
1,2274,2282,Robotank
1,2275,2283,Robotank
1,2276,2284,Robotank
1,2277,2285,Robotank
1,2278,2286,Robotank
1,2279,2287,Robotank
1,2280,2288,Robotank
1,2281,2289,Robotank
1,2282,2290,Robotank
1,2283,2291,Robotank
1,2284,2292,Robotank
1,2285,2293,Robotank
1,2286,2294,Robotank
1,2287,2295,Robotank
1,2288,2296,Robotank
1,2289,2297,Robotank
1,2290,2298,Robotank
1,2291,2299,Robotank
1,2292,2300,Robotank
1,2293,2301,Robotank
1,2294,2302,Robotank
1,2295,2303,Robotank
1,2296,2304,Robotank
1,2297,2305,Robotank
1,2298,2306,Robotank
1,2299,2307,Robotank
1,2300,2308,Robotank
1,2301,2309,Robotank
1,2302,2310,Robotank
1,2303,2311,Robotank
1,2304,2312,Robotank
1,2305,2313,Robotank
1,2306,2314,Robotank
1,2307,2315,Robotank
1,2308,2316,Robotank
1,2309,2317,Robotank
1,2310,2318,Robotank
1,2311,2319,Robotank
1,2312,2320,Robotank
1,2313,2321,Robotank
1,2314,2322,Robotank
1,2315,2323,Robotank
1,2316,2324,Robotank
1,2317,2325,Robotank
1,2318,2326,Robotank
1,2319,2327,Robotank
1,2320,2328,Robotank
1,2321,2329,Robotank
1,2322,2330,Robotank
1,2323,2331,Robotank
1,2324,2332,Robotank
1,2325,2333,Robotank
1,2326,2334,Robotank
1,2327,2335,Robotank
1,2328,2336,Robotank
1,2329,2337,Robotank
1,2330,2338,Robotank
1,2331,2339,Robotank
1,2332,2340,Robotank
1,2333,2341,Robotank
1,2334,2342,Robotank
1,2335,2343,Robotank
1,2336,2344,Robotank
1,2337,2345,Robotank
1,2338,2346,Robotank
1,2339,2347,Robotank
1,2340,2348,Robotank
1,2341,2349,Robotank
1,2342,2350,Robotank
1,2343,2351,Robotank
1,2344,2352,Robotank
1,2345,2353,Robotank
1,2346,2354,Robotank
1,2347,2355,Robotank
1,2348,2356,Robotank
1,2349,2357,Robotank
1,2350,2358,Robotank
1,2351,2359,Robotank
1,2352,2360,Robotank
1,2353,2361,Robotank
1,2354,2362,Robotank
1,2355,2363,Robotank
1,2356,2364,Robotank
1,2357,2365,Robotank
1,2358,2366,Robotank
1,2359,2367,Robotank
1,2360,2368,Robotank
1,2361,2369,Robotank
1,2362,2370,Robotank
1,2363,2371,Robotank
1,2364,2372,Robotank
1,2365,2373,Robotank
1,2366,2374,Robotank
1,2367,2375,Robotank
1,2368,2376,Robotank
1,2369,2377,Robotank
1,2370,2378,Robotank
1,2371,2379,Robotank
1,2372,2380,Robotank
1,2373,2381,Robotank
1,2374,2382,Robotank
1,2375,2383,Robotank
1,2376,2384,Robotank
1,2377,2385,Robotank
1,2378,2386,Robotank
1,2379,2387,Robotank
1,2380,2388,Robotank
1,2381,2389,Robotank
1,2382,2390,Robotank
1,2383,2391,Robotank
1,2384,2392,Robotank
1,2385,2393,Robotank
1,2386,2394,Robotank
1,2387,2395,Robotank
1,2388,2396,Robotank
1,2389,2397,Robotank
1,2390,2398,Robotank
1,2391,2399,Robotank
1,2392,2400,Robotank
1,2393,2401,Robotank
1,2394,2402,Robotank
1,2395,2403,Robotank
1,2396,2404,Robotank
1,2397,2405,Robotank
1,2398,2406,Robotank
1,2399,2407,Robotank
1,2400,2408,Robotank
1,2401,2409,Robotank
1,2402,2410,Robotank
1,2403,2411,Robotank
1,2404,2412,Robotank
1,2405,2413,Robotank
1,2406,2414,Robotank
1,2407,2415,Robotank
1,2408,2416,Robotank
1,2409,2417,Robotank
1,2410,2418,Robotank
1,2411,2419,Robotank
1,2412,2420,Robotank
1,2413,2421,Robotank
1,2414,2422,Robotank
1,2415,2423,Robotank
1,2416,2424,Robotank
1,2417,2425,Robotank
1,2418,2426,Robotank
1,2419,2427,Robotank
1,2420,2428,Robotank
1,2421,2429,Robotank
1,2422,2430,Robotank
1,2423,2431,Robotank
1,2424,2432,Robotank
1,2425,2433,Robotank
1,2426,2434,Robotank
1,2427,2435,Robotank
