Episode index,Start index,End index,Environment
0,2268,2276,Robotank
0,2264,2272,Robotank
0,2260,2268,Robotank
0,2256,2264,Robotank
0,2252,2260,Robotank
0,2248,2256,Robotank
0,2244,2252,Robotank
0,2240,2248,Robotank
0,2236,2244,Robotank
0,2232,2240,Robotank
0,2228,2236,Robotank
0,2224,2232,Robotank
0,2220,2228,Robotank
0,2216,2224,Robotank
0,2212,2220,Robotank
0,2208,2216,Robotank
0,2204,2212,Robotank
0,2200,2208,Robotank
0,2196,2204,Robotank
0,2192,2200,Robotank
0,2188,2196,Robotank
0,2184,2192,Robotank
0,2180,2188,Robotank
0,2176,2184,Robotank
0,2172,2180,Robotank
0,2168,2176,Robotank
0,2164,2172,Robotank
0,2160,2168,Robotank
0,2156,2164,Robotank
0,2152,2160,Robotank
0,2148,2156,Robotank
0,2144,2152,Robotank
0,2140,2148,Robotank
0,2136,2144,Robotank
0,2132,2140,Robotank
0,2128,2136,Robotank
0,2124,2132,Robotank
0,2120,2128,Robotank
0,2116,2124,Robotank
0,2112,2120,Robotank
0,2108,2116,Robotank
0,2104,2112,Robotank
0,2100,2108,Robotank
0,2096,2104,Robotank
0,2092,2100,Robotank
0,2088,2096,Robotank
0,2084,2092,Robotank
0,2080,2088,Robotank
0,2076,2084,Robotank
0,2072,2080,Robotank
0,2068,2076,Robotank
0,2064,2072,Robotank
0,2060,2068,Robotank
0,2056,2064,Robotank
0,2052,2060,Robotank
0,2048,2056,Robotank
0,2044,2052,Robotank
0,2040,2048,Robotank
0,2036,2044,Robotank
0,2032,2040,Robotank
0,2028,2036,Robotank
0,2024,2032,Robotank
0,2020,2028,Robotank
0,2016,2024,Robotank
0,2012,2020,Robotank
0,2008,2016,Robotank
0,2004,2012,Robotank
0,2000,2008,Robotank
0,1996,2004,Robotank
0,1992,2000,Robotank
0,1988,1996,Robotank
0,1984,1992,Robotank
0,1980,1988,Robotank
0,1976,1984,Robotank
0,1972,1980,Robotank
0,1968,1976,Robotank
0,1964,1972,Robotank
0,1960,1968,Robotank
0,1956,1964,Robotank
0,1952,1960,Robotank
0,1948,1956,Robotank
0,1944,1952,Robotank
0,1940,1948,Robotank
0,1936,1944,Robotank
0,1932,1940,Robotank
0,1928,1936,Robotank
0,1924,1932,Robotank
0,1920,1928,Robotank
0,1916,1924,Robotank
0,1912,1920,Robotank
0,1908,1916,Robotank
0,1904,1912,Robotank
0,1900,1908,Robotank
0,1896,1904,Robotank
0,1892,1900,Robotank
0,1888,1896,Robotank
0,1884,1892,Robotank
0,1880,1888,Robotank
0,1876,1884,Robotank
0,1872,1880,Robotank
0,1868,1876,Robotank
0,1864,1872,Robotank
0,1860,1868,Robotank
0,1856,1864,Robotank
0,1852,1860,Robotank
0,1848,1856,Robotank
0,1844,1852,Robotank
0,1840,1848,Robotank
0,1836,1844,Robotank
0,1832,1840,Robotank
0,1828,1836,Robotank
0,1824,1832,Robotank
0,1820,1828,Robotank
0,1816,1824,Robotank
0,1812,1820,Robotank
0,1808,1816,Robotank
0,1804,1812,Robotank
0,1800,1808,Robotank
0,1796,1804,Robotank
0,1792,1800,Robotank
0,1788,1796,Robotank
0,1784,1792,Robotank
0,1780,1788,Robotank
0,1776,1784,Robotank
0,1772,1780,Robotank
0,1768,1776,Robotank
0,1764,1772,Robotank
0,1760,1768,Robotank
0,1756,1764,Robotank
0,1752,1760,Robotank
0,1748,1756,Robotank
0,1744,1752,Robotank
0,1740,1748,Robotank
0,1736,1744,Robotank
0,1732,1740,Robotank
0,1728,1736,Robotank
0,1724,1732,Robotank
0,1720,1728,Robotank
0,1716,1724,Robotank
0,1712,1720,Robotank
0,1708,1716,Robotank
0,1704,1712,Robotank
0,1700,1708,Robotank
0,1696,1704,Robotank
0,1692,1700,Robotank
0,1688,1696,Robotank
0,1684,1692,Robotank
0,1680,1688,Robotank
0,1676,1684,Robotank
0,1672,1680,Robotank
0,1668,1676,Robotank
0,1664,1672,Robotank
0,1660,1668,Robotank
0,1656,1664,Robotank
0,1652,1660,Robotank
0,1648,1656,Robotank
0,1644,1652,Robotank
0,1640,1648,Robotank
0,1636,1644,Robotank
0,1632,1640,Robotank
0,1628,1636,Robotank
0,1624,1632,Robotank
0,1620,1628,Robotank
0,1616,1624,Robotank
0,1612,1620,Robotank
0,1608,1616,Robotank
0,1604,1612,Robotank
0,1600,1608,Robotank
0,1596,1604,Robotank
0,1592,1600,Robotank
0,1588,1596,Robotank
0,1584,1592,Robotank
0,1580,1588,Robotank
0,1576,1584,Robotank
0,1572,1580,Robotank
0,1568,1576,Robotank
0,1564,1572,Robotank
0,1560,1568,Robotank
0,1556,1564,Robotank
0,1552,1560,Robotank
0,1548,1556,Robotank
0,1544,1552,Robotank
0,1540,1548,Robotank
0,1536,1544,Robotank
0,1532,1540,Robotank
0,1528,1536,Robotank
0,1524,1532,Robotank
0,1520,1528,Robotank
0,1516,1524,Robotank
0,1512,1520,Robotank
0,1508,1516,Robotank
0,1504,1512,Robotank
0,1500,1508,Robotank
0,1496,1504,Robotank
0,1492,1500,Robotank
0,1488,1496,Robotank
0,1484,1492,Robotank
0,1480,1488,Robotank
0,1476,1484,Robotank
0,1472,1480,Robotank
0,1468,1476,Robotank
0,1464,1472,Robotank
0,1460,1468,Robotank
0,1456,1464,Robotank
0,1452,1460,Robotank
0,1448,1456,Robotank
0,1444,1452,Robotank
0,1440,1448,Robotank
0,1436,1444,Robotank
0,1432,1440,Robotank
0,1428,1436,Robotank
0,1424,1432,Robotank
0,1420,1428,Robotank
0,1416,1424,Robotank
0,1412,1420,Robotank
0,1408,1416,Robotank
0,1404,1412,Robotank
0,1400,1408,Robotank
0,1396,1404,Robotank
0,1392,1400,Robotank
0,1388,1396,Robotank
0,1384,1392,Robotank
0,1380,1388,Robotank
0,1376,1384,Robotank
0,1372,1380,Robotank
0,1368,1376,Robotank
0,1364,1372,Robotank
0,1360,1368,Robotank
0,1356,1364,Robotank
0,1352,1360,Robotank
0,1348,1356,Robotank
0,1344,1352,Robotank
0,1340,1348,Robotank
0,1336,1344,Robotank
0,1332,1340,Robotank
0,1328,1336,Robotank
0,1324,1332,Robotank
0,1320,1328,Robotank
0,1316,1324,Robotank
0,1312,1320,Robotank
0,1308,1316,Robotank
0,1304,1312,Robotank
0,1300,1308,Robotank
0,1296,1304,Robotank
0,1292,1300,Robotank
0,1288,1296,Robotank
0,1284,1292,Robotank
0,1280,1288,Robotank
0,1276,1284,Robotank
0,1272,1280,Robotank
0,1268,1276,Robotank
0,1264,1272,Robotank
0,1260,1268,Robotank
0,1256,1264,Robotank
0,1252,1260,Robotank
0,1248,1256,Robotank
0,1244,1252,Robotank
0,1240,1248,Robotank
0,1236,1244,Robotank
0,1232,1240,Robotank
0,1228,1236,Robotank
0,1224,1232,Robotank
0,1220,1228,Robotank
0,1216,1224,Robotank
0,1212,1220,Robotank
0,1208,1216,Robotank
0,1204,1212,Robotank
0,1200,1208,Robotank
0,1196,1204,Robotank
0,1192,1200,Robotank
0,1188,1196,Robotank
0,1184,1192,Robotank
0,1180,1188,Robotank
0,1176,1184,Robotank
0,1172,1180,Robotank
0,1168,1176,Robotank
0,1164,1172,Robotank
0,1160,1168,Robotank
0,1156,1164,Robotank
0,1152,1160,Robotank
0,1148,1156,Robotank
0,1144,1152,Robotank
0,1140,1148,Robotank
0,1136,1144,Robotank
0,1132,1140,Robotank
0,1128,1136,Robotank
0,1124,1132,Robotank
0,1120,1128,Robotank
0,1116,1124,Robotank
0,1112,1120,Robotank
0,1108,1116,Robotank
0,1104,1112,Robotank
0,1100,1108,Robotank
0,1096,1104,Robotank
0,1092,1100,Robotank
0,1088,1096,Robotank
0,1084,1092,Robotank
0,1080,1088,Robotank
0,1076,1084,Robotank
0,1072,1080,Robotank
0,1068,1076,Robotank
0,1064,1072,Robotank
0,1060,1068,Robotank
0,1056,1064,Robotank
0,1052,1060,Robotank
0,1048,1056,Robotank
0,1044,1052,Robotank
0,1040,1048,Robotank
0,1036,1044,Robotank
0,1032,1040,Robotank
0,1028,1036,Robotank
0,1024,1032,Robotank
0,1020,1028,Robotank
0,1016,1024,Robotank
0,1012,1020,Robotank
0,1008,1016,Robotank
0,1004,1012,Robotank
0,1000,1008,Robotank
0,996,1004,Robotank
0,992,1000,Robotank
0,988,996,Robotank
0,984,992,Robotank
0,980,988,Robotank
0,976,984,Robotank
0,972,980,Robotank
0,968,976,Robotank
0,964,972,Robotank
0,960,968,Robotank
0,956,964,Robotank
0,952,960,Robotank
0,948,956,Robotank
0,944,952,Robotank
0,940,948,Robotank
0,936,944,Robotank
0,932,940,Robotank
0,928,936,Robotank
0,924,932,Robotank
0,920,928,Robotank
0,916,924,Robotank
0,912,920,Robotank
0,908,916,Robotank
0,904,912,Robotank
0,900,908,Robotank
0,896,904,Robotank
0,892,900,Robotank
0,888,896,Robotank
0,884,892,Robotank
0,880,888,Robotank
0,876,884,Robotank
0,872,880,Robotank
0,868,876,Robotank
0,864,872,Robotank
0,860,868,Robotank
0,856,864,Robotank
0,852,860,Robotank
0,848,856,Robotank
0,844,852,Robotank
0,840,848,Robotank
0,836,844,Robotank
0,832,840,Robotank
0,828,836,Robotank
0,824,832,Robotank
0,820,828,Robotank
0,816,824,Robotank
0,812,820,Robotank
0,808,816,Robotank
0,804,812,Robotank
0,800,808,Robotank
0,796,804,Robotank
0,792,800,Robotank
0,788,796,Robotank
0,784,792,Robotank
0,780,788,Robotank
0,776,784,Robotank
0,772,780,Robotank
0,768,776,Robotank
0,764,772,Robotank
0,760,768,Robotank
0,756,764,Robotank
0,752,760,Robotank
0,748,756,Robotank
0,744,752,Robotank
0,740,748,Robotank
0,736,744,Robotank
0,732,740,Robotank
0,728,736,Robotank
0,724,732,Robotank
0,720,728,Robotank
0,716,724,Robotank
0,712,720,Robotank
0,708,716,Robotank
0,704,712,Robotank
0,700,708,Robotank
0,696,704,Robotank
0,692,700,Robotank
0,688,696,Robotank
0,684,692,Robotank
0,680,688,Robotank
0,676,684,Robotank
0,672,680,Robotank
0,668,676,Robotank
0,664,672,Robotank
0,660,668,Robotank
0,656,664,Robotank
0,652,660,Robotank
0,648,656,Robotank
0,644,652,Robotank
0,640,648,Robotank
0,636,644,Robotank
0,632,640,Robotank
0,628,636,Robotank
0,624,632,Robotank
0,620,628,Robotank
0,616,624,Robotank
0,612,620,Robotank
0,608,616,Robotank
0,604,612,Robotank
0,600,608,Robotank
0,596,604,Robotank
0,592,600,Robotank
0,588,596,Robotank
0,584,592,Robotank
0,580,588,Robotank
0,576,584,Robotank
0,572,580,Robotank
0,568,576,Robotank
0,564,572,Robotank
0,560,568,Robotank
0,556,564,Robotank
0,552,560,Robotank
0,548,556,Robotank
0,544,552,Robotank
0,540,548,Robotank
0,536,544,Robotank
0,532,540,Robotank
0,528,536,Robotank
0,524,532,Robotank
0,520,528,Robotank
0,516,524,Robotank
0,512,520,Robotank
0,508,516,Robotank
0,504,512,Robotank
0,500,508,Robotank
0,496,504,Robotank
0,492,500,Robotank
0,488,496,Robotank
0,484,492,Robotank
0,480,488,Robotank
0,476,484,Robotank
0,472,480,Robotank
0,468,476,Robotank
0,464,472,Robotank
0,460,468,Robotank
0,456,464,Robotank
0,452,460,Robotank
0,448,456,Robotank
0,444,452,Robotank
0,440,448,Robotank
0,436,444,Robotank
0,432,440,Robotank
0,428,436,Robotank
0,424,432,Robotank
0,420,428,Robotank
0,416,424,Robotank
0,412,420,Robotank
0,408,416,Robotank
0,404,412,Robotank
0,400,408,Robotank
0,396,404,Robotank
0,392,400,Robotank
0,388,396,Robotank
0,384,392,Robotank
0,380,388,Robotank
0,376,384,Robotank
0,372,380,Robotank
0,368,376,Robotank
0,364,372,Robotank
0,360,368,Robotank
0,356,364,Robotank
0,352,360,Robotank
0,348,356,Robotank
0,344,352,Robotank
0,340,348,Robotank
0,336,344,Robotank
0,332,340,Robotank
0,328,336,Robotank
0,324,332,Robotank
0,320,328,Robotank
0,316,324,Robotank
0,312,320,Robotank
0,308,316,Robotank
0,304,312,Robotank
0,300,308,Robotank
0,296,304,Robotank
0,292,300,Robotank
0,288,296,Robotank
0,284,292,Robotank
0,280,288,Robotank
0,276,284,Robotank
0,272,280,Robotank
0,268,276,Robotank
0,264,272,Robotank
0,260,268,Robotank
0,256,264,Robotank
0,252,260,Robotank
0,248,256,Robotank
0,244,252,Robotank
0,240,248,Robotank
0,236,244,Robotank
0,232,240,Robotank
0,228,236,Robotank
0,224,232,Robotank
0,220,228,Robotank
0,216,224,Robotank
0,212,220,Robotank
0,208,216,Robotank
0,204,212,Robotank
0,200,208,Robotank
0,196,204,Robotank
0,192,200,Robotank
0,188,196,Robotank
0,184,192,Robotank
0,180,188,Robotank
0,176,184,Robotank
0,172,180,Robotank
0,168,176,Robotank
0,164,172,Robotank
0,160,168,Robotank
0,156,164,Robotank
0,152,160,Robotank
0,148,156,Robotank
0,144,152,Robotank
0,140,148,Robotank
0,136,144,Robotank
0,132,140,Robotank
0,128,136,Robotank
0,124,132,Robotank
0,120,128,Robotank
0,116,124,Robotank
0,112,120,Robotank
0,108,116,Robotank
0,104,112,Robotank
0,100,108,Robotank
0,96,104,Robotank
0,92,100,Robotank
0,88,96,Robotank
0,84,92,Robotank
0,80,88,Robotank
0,76,84,Robotank
0,72,80,Robotank
0,68,76,Robotank
0,64,72,Robotank
0,60,68,Robotank
0,56,64,Robotank
0,52,60,Robotank
0,48,56,Robotank
0,44,52,Robotank
0,40,48,Robotank
0,36,44,Robotank
0,32,40,Robotank
0,28,36,Robotank
0,24,32,Robotank
0,20,28,Robotank
0,16,24,Robotank
0,12,20,Robotank
0,8,16,Robotank
0,4,12,Robotank
0,0,8,Robotank
0,-4,4,Robotank
1,2419,2427,Robotank
1,2415,2423,Robotank
1,2411,2419,Robotank
1,2407,2415,Robotank
1,2403,2411,Robotank
1,2399,2407,Robotank
1,2395,2403,Robotank
1,2391,2399,Robotank
1,2387,2395,Robotank
1,2383,2391,Robotank
1,2379,2387,Robotank
1,2375,2383,Robotank
1,2371,2379,Robotank
1,2367,2375,Robotank
1,2363,2371,Robotank
1,2359,2367,Robotank
1,2355,2363,Robotank
1,2351,2359,Robotank
1,2347,2355,Robotank
1,2343,2351,Robotank
1,2339,2347,Robotank
1,2335,2343,Robotank
1,2331,2339,Robotank
1,2327,2335,Robotank
1,2323,2331,Robotank
1,2319,2327,Robotank
1,2315,2323,Robotank
1,2311,2319,Robotank
1,2307,2315,Robotank
1,2303,2311,Robotank
1,2299,2307,Robotank
1,2295,2303,Robotank
1,2291,2299,Robotank
1,2287,2295,Robotank
1,2283,2291,Robotank
1,2279,2287,Robotank
1,2275,2283,Robotank
1,2271,2279,Robotank
1,2267,2275,Robotank
1,2263,2271,Robotank
1,2259,2267,Robotank
1,2255,2263,Robotank
1,2251,2259,Robotank
1,2247,2255,Robotank
1,2243,2251,Robotank
1,2239,2247,Robotank
1,2235,2243,Robotank
1,2231,2239,Robotank
1,2227,2235,Robotank
1,2223,2231,Robotank
1,2219,2227,Robotank
1,2215,2223,Robotank
1,2211,2219,Robotank
1,2207,2215,Robotank
1,2203,2211,Robotank
1,2199,2207,Robotank
1,2195,2203,Robotank
1,2191,2199,Robotank
1,2187,2195,Robotank
1,2183,2191,Robotank
1,2179,2187,Robotank
1,2175,2183,Robotank
1,2171,2179,Robotank
1,2167,2175,Robotank
1,2163,2171,Robotank
1,2159,2167,Robotank
1,2155,2163,Robotank
1,2151,2159,Robotank
1,2147,2155,Robotank
1,2143,2151,Robotank
1,2139,2147,Robotank
1,2135,2143,Robotank
1,2131,2139,Robotank
1,2127,2135,Robotank
1,2123,2131,Robotank
1,2119,2127,Robotank
1,2115,2123,Robotank
1,2111,2119,Robotank
1,2107,2115,Robotank
1,2103,2111,Robotank
1,2099,2107,Robotank
1,2095,2103,Robotank
1,2091,2099,Robotank
1,2087,2095,Robotank
1,2083,2091,Robotank
1,2079,2087,Robotank
1,2075,2083,Robotank
1,2071,2079,Robotank
1,2067,2075,Robotank
1,2063,2071,Robotank
1,2059,2067,Robotank
1,2055,2063,Robotank
1,2051,2059,Robotank
1,2047,2055,Robotank
1,2043,2051,Robotank
1,2039,2047,Robotank
1,2035,2043,Robotank
1,2031,2039,Robotank
1,2027,2035,Robotank
1,2023,2031,Robotank
1,2019,2027,Robotank
1,2015,2023,Robotank
1,2011,2019,Robotank
1,2007,2015,Robotank
1,2003,2011,Robotank
1,1999,2007,Robotank
1,1995,2003,Robotank
1,1991,1999,Robotank
1,1987,1995,Robotank
1,1983,1991,Robotank
1,1979,1987,Robotank
1,1975,1983,Robotank
1,1971,1979,Robotank
1,1967,1975,Robotank
1,1963,1971,Robotank
1,1959,1967,Robotank
1,1955,1963,Robotank
1,1951,1959,Robotank
1,1947,1955,Robotank
1,1943,1951,Robotank
1,1939,1947,Robotank
1,1935,1943,Robotank
1,1931,1939,Robotank
1,1927,1935,Robotank
1,1923,1931,Robotank
1,1919,1927,Robotank
1,1915,1923,Robotank
1,1911,1919,Robotank
1,1907,1915,Robotank
1,1903,1911,Robotank
1,1899,1907,Robotank
1,1895,1903,Robotank
1,1891,1899,Robotank
1,1887,1895,Robotank
1,1883,1891,Robotank
1,1879,1887,Robotank
1,1875,1883,Robotank
1,1871,1879,Robotank
1,1867,1875,Robotank
1,1863,1871,Robotank
1,1859,1867,Robotank
1,1855,1863,Robotank
1,1851,1859,Robotank
1,1847,1855,Robotank
1,1843,1851,Robotank
1,1839,1847,Robotank
1,1835,1843,Robotank
1,1831,1839,Robotank
1,1827,1835,Robotank
1,1823,1831,Robotank
1,1819,1827,Robotank
1,1815,1823,Robotank
1,1811,1819,Robotank
1,1807,1815,Robotank
1,1803,1811,Robotank
1,1799,1807,Robotank
1,1795,1803,Robotank
1,1791,1799,Robotank
1,1787,1795,Robotank
1,1783,1791,Robotank
1,1779,1787,Robotank
1,1775,1783,Robotank
1,1771,1779,Robotank
1,1767,1775,Robotank
1,1763,1771,Robotank
1,1759,1767,Robotank
1,1755,1763,Robotank
1,1751,1759,Robotank
1,1747,1755,Robotank
1,1743,1751,Robotank
1,1739,1747,Robotank
1,1735,1743,Robotank
1,1731,1739,Robotank
1,1727,1735,Robotank
1,1723,1731,Robotank
1,1719,1727,Robotank
1,1715,1723,Robotank
1,1711,1719,Robotank
1,1707,1715,Robotank
1,1703,1711,Robotank
1,1699,1707,Robotank
1,1695,1703,Robotank
1,1691,1699,Robotank
1,1687,1695,Robotank
1,1683,1691,Robotank
1,1679,1687,Robotank
1,1675,1683,Robotank
1,1671,1679,Robotank
1,1667,1675,Robotank
1,1663,1671,Robotank
1,1659,1667,Robotank
1,1655,1663,Robotank
1,1651,1659,Robotank
1,1647,1655,Robotank
1,1643,1651,Robotank
1,1639,1647,Robotank
1,1635,1643,Robotank
1,1631,1639,Robotank
1,1627,1635,Robotank
1,1623,1631,Robotank
1,1619,1627,Robotank
1,1615,1623,Robotank
1,1611,1619,Robotank
1,1607,1615,Robotank
1,1603,1611,Robotank
1,1599,1607,Robotank
1,1595,1603,Robotank
1,1591,1599,Robotank
1,1587,1595,Robotank
1,1583,1591,Robotank
1,1579,1587,Robotank
1,1575,1583,Robotank
1,1571,1579,Robotank
1,1567,1575,Robotank
1,1563,1571,Robotank
1,1559,1567,Robotank
1,1555,1563,Robotank
1,1551,1559,Robotank
1,1547,1555,Robotank
1,1543,1551,Robotank
1,1539,1547,Robotank
1,1535,1543,Robotank
1,1531,1539,Robotank
1,1527,1535,Robotank
1,1523,1531,Robotank
1,1519,1527,Robotank
1,1515,1523,Robotank
1,1511,1519,Robotank
1,1507,1515,Robotank
1,1503,1511,Robotank
1,1499,1507,Robotank
1,1495,1503,Robotank
1,1491,1499,Robotank
1,1487,1495,Robotank
1,1483,1491,Robotank
1,1479,1487,Robotank
1,1475,1483,Robotank
1,1471,1479,Robotank
1,1467,1475,Robotank
1,1463,1471,Robotank
1,1459,1467,Robotank
1,1455,1463,Robotank
1,1451,1459,Robotank
1,1447,1455,Robotank
1,1443,1451,Robotank
1,1439,1447,Robotank
1,1435,1443,Robotank
1,1431,1439,Robotank
1,1427,1435,Robotank
1,1423,1431,Robotank
1,1419,1427,Robotank
1,1415,1423,Robotank
1,1411,1419,Robotank
1,1407,1415,Robotank
1,1403,1411,Robotank
1,1399,1407,Robotank
1,1395,1403,Robotank
1,1391,1399,Robotank
1,1387,1395,Robotank
1,1383,1391,Robotank
1,1379,1387,Robotank
1,1375,1383,Robotank
1,1371,1379,Robotank
1,1367,1375,Robotank
1,1363,1371,Robotank
1,1359,1367,Robotank
1,1355,1363,Robotank
1,1351,1359,Robotank
1,1347,1355,Robotank
1,1343,1351,Robotank
1,1339,1347,Robotank
1,1335,1343,Robotank
1,1331,1339,Robotank
1,1327,1335,Robotank
1,1323,1331,Robotank
1,1319,1327,Robotank
1,1315,1323,Robotank
1,1311,1319,Robotank
1,1307,1315,Robotank
1,1303,1311,Robotank
1,1299,1307,Robotank
1,1295,1303,Robotank
1,1291,1299,Robotank
1,1287,1295,Robotank
1,1283,1291,Robotank
1,1279,1287,Robotank
1,1275,1283,Robotank
1,1271,1279,Robotank
1,1267,1275,Robotank
1,1263,1271,Robotank
1,1259,1267,Robotank
1,1255,1263,Robotank
1,1251,1259,Robotank
1,1247,1255,Robotank
1,1243,1251,Robotank
1,1239,1247,Robotank
1,1235,1243,Robotank
1,1231,1239,Robotank
1,1227,1235,Robotank
1,1223,1231,Robotank
1,1219,1227,Robotank
1,1215,1223,Robotank
1,1211,1219,Robotank
1,1207,1215,Robotank
1,1203,1211,Robotank
1,1199,1207,Robotank
1,1195,1203,Robotank
1,1191,1199,Robotank
1,1187,1195,Robotank
1,1183,1191,Robotank
1,1179,1187,Robotank
1,1175,1183,Robotank
1,1171,1179,Robotank
1,1167,1175,Robotank
1,1163,1171,Robotank
1,1159,1167,Robotank
1,1155,1163,Robotank
1,1151,1159,Robotank
1,1147,1155,Robotank
1,1143,1151,Robotank
1,1139,1147,Robotank
1,1135,1143,Robotank
1,1131,1139,Robotank
1,1127,1135,Robotank
1,1123,1131,Robotank
1,1119,1127,Robotank
1,1115,1123,Robotank
1,1111,1119,Robotank
1,1107,1115,Robotank
1,1103,1111,Robotank
1,1099,1107,Robotank
1,1095,1103,Robotank
1,1091,1099,Robotank
1,1087,1095,Robotank
1,1083,1091,Robotank
1,1079,1087,Robotank
1,1075,1083,Robotank
1,1071,1079,Robotank
1,1067,1075,Robotank
1,1063,1071,Robotank
1,1059,1067,Robotank
1,1055,1063,Robotank
1,1051,1059,Robotank
1,1047,1055,Robotank
1,1043,1051,Robotank
1,1039,1047,Robotank
1,1035,1043,Robotank
1,1031,1039,Robotank
1,1027,1035,Robotank
1,1023,1031,Robotank
1,1019,1027,Robotank
1,1015,1023,Robotank
1,1011,1019,Robotank
1,1007,1015,Robotank
1,1003,1011,Robotank
1,999,1007,Robotank
1,995,1003,Robotank
1,991,999,Robotank
1,987,995,Robotank
1,983,991,Robotank
1,979,987,Robotank
1,975,983,Robotank
1,971,979,Robotank
1,967,975,Robotank
1,963,971,Robotank
1,959,967,Robotank
1,955,963,Robotank
1,951,959,Robotank
1,947,955,Robotank
1,943,951,Robotank
1,939,947,Robotank
1,935,943,Robotank
1,931,939,Robotank
1,927,935,Robotank
1,923,931,Robotank
1,919,927,Robotank
1,915,923,Robotank
1,911,919,Robotank
1,907,915,Robotank
1,903,911,Robotank
1,899,907,Robotank
1,895,903,Robotank
1,891,899,Robotank
1,887,895,Robotank
1,883,891,Robotank
1,879,887,Robotank
1,875,883,Robotank
1,871,879,Robotank
1,867,875,Robotank
1,863,871,Robotank
1,859,867,Robotank
1,855,863,Robotank
1,851,859,Robotank
1,847,855,Robotank
1,843,851,Robotank
1,839,847,Robotank
1,835,843,Robotank
1,831,839,Robotank
1,827,835,Robotank
1,823,831,Robotank
1,819,827,Robotank
1,815,823,Robotank
1,811,819,Robotank
1,807,815,Robotank
1,803,811,Robotank
1,799,807,Robotank
1,795,803,Robotank
1,791,799,Robotank
1,787,795,Robotank
1,783,791,Robotank
1,779,787,Robotank
1,775,783,Robotank
1,771,779,Robotank
1,767,775,Robotank
1,763,771,Robotank
1,759,767,Robotank
1,755,763,Robotank
1,751,759,Robotank
1,747,755,Robotank
1,743,751,Robotank
1,739,747,Robotank
1,735,743,Robotank
1,731,739,Robotank
1,727,735,Robotank
1,723,731,Robotank
1,719,727,Robotank
1,715,723,Robotank
1,711,719,Robotank
1,707,715,Robotank
1,703,711,Robotank
1,699,707,Robotank
1,695,703,Robotank
1,691,699,Robotank
1,687,695,Robotank
1,683,691,Robotank
1,679,687,Robotank
1,675,683,Robotank
1,671,679,Robotank
1,667,675,Robotank
1,663,671,Robotank
1,659,667,Robotank
1,655,663,Robotank
1,651,659,Robotank
1,647,655,Robotank
1,643,651,Robotank
1,639,647,Robotank
1,635,643,Robotank
1,631,639,Robotank
1,627,635,Robotank
1,623,631,Robotank
1,619,627,Robotank
1,615,623,Robotank
1,611,619,Robotank
1,607,615,Robotank
1,603,611,Robotank
1,599,607,Robotank
1,595,603,Robotank
1,591,599,Robotank
1,587,595,Robotank
1,583,591,Robotank
1,579,587,Robotank
1,575,583,Robotank
1,571,579,Robotank
1,567,575,Robotank
1,563,571,Robotank
1,559,567,Robotank
1,555,563,Robotank
1,551,559,Robotank
1,547,555,Robotank
1,543,551,Robotank
1,539,547,Robotank
1,535,543,Robotank
1,531,539,Robotank
1,527,535,Robotank
1,523,531,Robotank
1,519,527,Robotank
1,515,523,Robotank
1,511,519,Robotank
1,507,515,Robotank
1,503,511,Robotank
1,499,507,Robotank
1,495,503,Robotank
1,491,499,Robotank
1,487,495,Robotank
1,483,491,Robotank
1,479,487,Robotank
1,475,483,Robotank
1,471,479,Robotank
1,467,475,Robotank
1,463,471,Robotank
1,459,467,Robotank
1,455,463,Robotank
1,451,459,Robotank
1,447,455,Robotank
1,443,451,Robotank
1,439,447,Robotank
1,435,443,Robotank
1,431,439,Robotank
1,427,435,Robotank
1,423,431,Robotank
1,419,427,Robotank
1,415,423,Robotank
1,411,419,Robotank
1,407,415,Robotank
1,403,411,Robotank
1,399,407,Robotank
1,395,403,Robotank
1,391,399,Robotank
1,387,395,Robotank
1,383,391,Robotank
1,379,387,Robotank
1,375,383,Robotank
1,371,379,Robotank
1,367,375,Robotank
1,363,371,Robotank
1,359,367,Robotank
1,355,363,Robotank
1,351,359,Robotank
1,347,355,Robotank
1,343,351,Robotank
1,339,347,Robotank
1,335,343,Robotank
1,331,339,Robotank
1,327,335,Robotank
1,323,331,Robotank
1,319,327,Robotank
1,315,323,Robotank
1,311,319,Robotank
1,307,315,Robotank
1,303,311,Robotank
1,299,307,Robotank
1,295,303,Robotank
1,291,299,Robotank
1,287,295,Robotank
1,283,291,Robotank
1,279,287,Robotank
1,275,283,Robotank
1,271,279,Robotank
1,267,275,Robotank
1,263,271,Robotank
1,259,267,Robotank
1,255,263,Robotank
1,251,259,Robotank
1,247,255,Robotank
1,243,251,Robotank
1,239,247,Robotank
1,235,243,Robotank
1,231,239,Robotank
1,227,235,Robotank
1,223,231,Robotank
1,219,227,Robotank
1,215,223,Robotank
1,211,219,Robotank
1,207,215,Robotank
1,203,211,Robotank
1,199,207,Robotank
1,195,203,Robotank
1,191,199,Robotank
1,187,195,Robotank
1,183,191,Robotank
1,179,187,Robotank
1,175,183,Robotank
1,171,179,Robotank
1,167,175,Robotank
1,163,171,Robotank
1,159,167,Robotank
1,155,163,Robotank
1,151,159,Robotank
1,147,155,Robotank
1,143,151,Robotank
1,139,147,Robotank
1,135,143,Robotank
1,131,139,Robotank
1,127,135,Robotank
1,123,131,Robotank
1,119,127,Robotank
1,115,123,Robotank
1,111,119,Robotank
1,107,115,Robotank
1,103,111,Robotank
1,99,107,Robotank
1,95,103,Robotank
1,91,99,Robotank
1,87,95,Robotank
1,83,91,Robotank
1,79,87,Robotank
1,75,83,Robotank
1,71,79,Robotank
1,67,75,Robotank
1,63,71,Robotank
1,59,67,Robotank
1,55,63,Robotank
1,51,59,Robotank
1,47,55,Robotank
1,43,51,Robotank
1,39,47,Robotank
1,35,43,Robotank
1,31,39,Robotank
1,27,35,Robotank
1,23,31,Robotank
1,19,27,Robotank
1,15,23,Robotank
1,11,19,Robotank
1,7,15,Robotank
1,3,11,Robotank
1,-1,7,Robotank
1,-5,3,Robotank
