Episode index,Start index,End index,Environment
0,1057,1065,YarsRevenge
0,1053,1061,YarsRevenge
0,1049,1057,YarsRevenge
0,1045,1053,YarsRevenge
0,1041,1049,YarsRevenge
0,1037,1045,YarsRevenge
0,1033,1041,YarsRevenge
0,1029,1037,YarsRevenge
0,1025,1033,YarsRevenge
0,1021,1029,YarsRevenge
0,1017,1025,YarsRevenge
0,1013,1021,YarsRevenge
0,1009,1017,YarsRevenge
0,1005,1013,YarsRevenge
0,1001,1009,YarsRevenge
0,997,1005,YarsRevenge
0,993,1001,YarsRevenge
0,989,997,YarsRevenge
0,985,993,YarsRevenge
0,981,989,YarsRevenge
0,977,985,YarsRevenge
0,973,981,YarsRevenge
0,969,977,YarsRevenge
0,965,973,YarsRevenge
0,961,969,YarsRevenge
0,957,965,YarsRevenge
0,953,961,YarsRevenge
0,949,957,YarsRevenge
0,945,953,YarsRevenge
0,941,949,YarsRevenge
0,937,945,YarsRevenge
0,933,941,YarsRevenge
0,929,937,YarsRevenge
0,925,933,YarsRevenge
0,921,929,YarsRevenge
0,917,925,YarsRevenge
0,913,921,YarsRevenge
0,909,917,YarsRevenge
0,905,913,YarsRevenge
0,901,909,YarsRevenge
0,897,905,YarsRevenge
0,893,901,YarsRevenge
0,889,897,YarsRevenge
0,885,893,YarsRevenge
0,881,889,YarsRevenge
0,877,885,YarsRevenge
0,873,881,YarsRevenge
0,869,877,YarsRevenge
0,865,873,YarsRevenge
0,861,869,YarsRevenge
0,857,865,YarsRevenge
0,853,861,YarsRevenge
0,849,857,YarsRevenge
0,845,853,YarsRevenge
0,841,849,YarsRevenge
0,837,845,YarsRevenge
0,833,841,YarsRevenge
0,829,837,YarsRevenge
0,825,833,YarsRevenge
0,821,829,YarsRevenge
0,817,825,YarsRevenge
0,813,821,YarsRevenge
0,809,817,YarsRevenge
0,805,813,YarsRevenge
0,801,809,YarsRevenge
0,797,805,YarsRevenge
0,793,801,YarsRevenge
0,789,797,YarsRevenge
0,785,793,YarsRevenge
0,781,789,YarsRevenge
0,777,785,YarsRevenge
0,773,781,YarsRevenge
0,769,777,YarsRevenge
0,765,773,YarsRevenge
0,761,769,YarsRevenge
0,757,765,YarsRevenge
0,753,761,YarsRevenge
0,749,757,YarsRevenge
0,745,753,YarsRevenge
0,741,749,YarsRevenge
0,737,745,YarsRevenge
0,733,741,YarsRevenge
0,729,737,YarsRevenge
0,725,733,YarsRevenge
0,721,729,YarsRevenge
0,717,725,YarsRevenge
0,713,721,YarsRevenge
0,709,717,YarsRevenge
0,705,713,YarsRevenge
0,701,709,YarsRevenge
0,697,705,YarsRevenge
0,693,701,YarsRevenge
0,689,697,YarsRevenge
0,685,693,YarsRevenge
0,681,689,YarsRevenge
0,677,685,YarsRevenge
0,673,681,YarsRevenge
0,669,677,YarsRevenge
0,665,673,YarsRevenge
0,661,669,YarsRevenge
0,657,665,YarsRevenge
0,653,661,YarsRevenge
0,649,657,YarsRevenge
0,645,653,YarsRevenge
0,641,649,YarsRevenge
0,637,645,YarsRevenge
0,633,641,YarsRevenge
0,629,637,YarsRevenge
0,625,633,YarsRevenge
0,621,629,YarsRevenge
0,617,625,YarsRevenge
0,613,621,YarsRevenge
0,609,617,YarsRevenge
0,605,613,YarsRevenge
0,601,609,YarsRevenge
0,597,605,YarsRevenge
0,593,601,YarsRevenge
0,589,597,YarsRevenge
0,585,593,YarsRevenge
0,581,589,YarsRevenge
0,577,585,YarsRevenge
0,573,581,YarsRevenge
0,569,577,YarsRevenge
0,565,573,YarsRevenge
0,561,569,YarsRevenge
0,557,565,YarsRevenge
0,553,561,YarsRevenge
0,549,557,YarsRevenge
0,545,553,YarsRevenge
0,541,549,YarsRevenge
0,537,545,YarsRevenge
0,533,541,YarsRevenge
0,529,537,YarsRevenge
0,525,533,YarsRevenge
0,521,529,YarsRevenge
0,517,525,YarsRevenge
0,513,521,YarsRevenge
0,509,517,YarsRevenge
0,505,513,YarsRevenge
0,501,509,YarsRevenge
0,497,505,YarsRevenge
0,493,501,YarsRevenge
0,489,497,YarsRevenge
0,485,493,YarsRevenge
0,481,489,YarsRevenge
0,477,485,YarsRevenge
0,473,481,YarsRevenge
0,469,477,YarsRevenge
0,465,473,YarsRevenge
0,461,469,YarsRevenge
0,457,465,YarsRevenge
0,453,461,YarsRevenge
0,449,457,YarsRevenge
0,445,453,YarsRevenge
0,441,449,YarsRevenge
0,437,445,YarsRevenge
0,433,441,YarsRevenge
0,429,437,YarsRevenge
0,425,433,YarsRevenge
0,421,429,YarsRevenge
0,417,425,YarsRevenge
0,413,421,YarsRevenge
0,409,417,YarsRevenge
0,405,413,YarsRevenge
0,401,409,YarsRevenge
0,397,405,YarsRevenge
0,393,401,YarsRevenge
0,389,397,YarsRevenge
0,385,393,YarsRevenge
0,381,389,YarsRevenge
0,377,385,YarsRevenge
0,373,381,YarsRevenge
0,369,377,YarsRevenge
0,365,373,YarsRevenge
0,361,369,YarsRevenge
0,357,365,YarsRevenge
0,353,361,YarsRevenge
0,349,357,YarsRevenge
0,345,353,YarsRevenge
0,341,349,YarsRevenge
0,337,345,YarsRevenge
0,333,341,YarsRevenge
0,329,337,YarsRevenge
0,325,333,YarsRevenge
0,321,329,YarsRevenge
0,317,325,YarsRevenge
0,313,321,YarsRevenge
0,309,317,YarsRevenge
0,305,313,YarsRevenge
0,301,309,YarsRevenge
0,297,305,YarsRevenge
0,293,301,YarsRevenge
0,289,297,YarsRevenge
0,285,293,YarsRevenge
0,281,289,YarsRevenge
0,277,285,YarsRevenge
0,273,281,YarsRevenge
0,269,277,YarsRevenge
0,265,273,YarsRevenge
0,261,269,YarsRevenge
0,257,265,YarsRevenge
0,253,261,YarsRevenge
0,249,257,YarsRevenge
0,245,253,YarsRevenge
0,241,249,YarsRevenge
0,237,245,YarsRevenge
0,233,241,YarsRevenge
0,229,237,YarsRevenge
0,225,233,YarsRevenge
0,221,229,YarsRevenge
0,217,225,YarsRevenge
0,213,221,YarsRevenge
0,209,217,YarsRevenge
0,205,213,YarsRevenge
0,201,209,YarsRevenge
0,197,205,YarsRevenge
0,193,201,YarsRevenge
0,189,197,YarsRevenge
0,185,193,YarsRevenge
0,181,189,YarsRevenge
0,177,185,YarsRevenge
0,173,181,YarsRevenge
0,169,177,YarsRevenge
0,165,173,YarsRevenge
0,161,169,YarsRevenge
0,157,165,YarsRevenge
0,153,161,YarsRevenge
0,149,157,YarsRevenge
0,145,153,YarsRevenge
0,141,149,YarsRevenge
0,137,145,YarsRevenge
0,133,141,YarsRevenge
0,129,137,YarsRevenge
0,125,133,YarsRevenge
0,121,129,YarsRevenge
0,117,125,YarsRevenge
0,113,121,YarsRevenge
0,109,117,YarsRevenge
0,105,113,YarsRevenge
0,101,109,YarsRevenge
0,97,105,YarsRevenge
0,93,101,YarsRevenge
0,89,97,YarsRevenge
0,85,93,YarsRevenge
0,81,89,YarsRevenge
0,77,85,YarsRevenge
0,73,81,YarsRevenge
0,69,77,YarsRevenge
0,65,73,YarsRevenge
0,61,69,YarsRevenge
0,57,65,YarsRevenge
0,53,61,YarsRevenge
0,49,57,YarsRevenge
0,45,53,YarsRevenge
0,41,49,YarsRevenge
0,37,45,YarsRevenge
0,33,41,YarsRevenge
0,29,37,YarsRevenge
0,25,33,YarsRevenge
0,21,29,YarsRevenge
0,17,25,YarsRevenge
0,13,21,YarsRevenge
0,9,17,YarsRevenge
0,5,13,YarsRevenge
0,1,9,YarsRevenge
0,-3,5,YarsRevenge
0,-7,1,YarsRevenge
1,449,457,YarsRevenge
1,445,453,YarsRevenge
1,441,449,YarsRevenge
1,437,445,YarsRevenge
1,433,441,YarsRevenge
1,429,437,YarsRevenge
1,425,433,YarsRevenge
1,421,429,YarsRevenge
1,417,425,YarsRevenge
1,413,421,YarsRevenge
1,409,417,YarsRevenge
1,405,413,YarsRevenge
1,401,409,YarsRevenge
1,397,405,YarsRevenge
1,393,401,YarsRevenge
1,389,397,YarsRevenge
1,385,393,YarsRevenge
1,381,389,YarsRevenge
1,377,385,YarsRevenge
1,373,381,YarsRevenge
1,369,377,YarsRevenge
1,365,373,YarsRevenge
1,361,369,YarsRevenge
1,357,365,YarsRevenge
1,353,361,YarsRevenge
1,349,357,YarsRevenge
1,345,353,YarsRevenge
1,341,349,YarsRevenge
1,337,345,YarsRevenge
1,333,341,YarsRevenge
1,329,337,YarsRevenge
1,325,333,YarsRevenge
1,321,329,YarsRevenge
1,317,325,YarsRevenge
1,313,321,YarsRevenge
1,309,317,YarsRevenge
1,305,313,YarsRevenge
1,301,309,YarsRevenge
1,297,305,YarsRevenge
1,293,301,YarsRevenge
1,289,297,YarsRevenge
1,285,293,YarsRevenge
1,281,289,YarsRevenge
1,277,285,YarsRevenge
1,273,281,YarsRevenge
1,269,277,YarsRevenge
1,265,273,YarsRevenge
1,261,269,YarsRevenge
1,257,265,YarsRevenge
1,253,261,YarsRevenge
1,249,257,YarsRevenge
1,245,253,YarsRevenge
1,241,249,YarsRevenge
1,237,245,YarsRevenge
1,233,241,YarsRevenge
1,229,237,YarsRevenge
1,225,233,YarsRevenge
1,221,229,YarsRevenge
1,217,225,YarsRevenge
1,213,221,YarsRevenge
1,209,217,YarsRevenge
1,205,213,YarsRevenge
1,201,209,YarsRevenge
1,197,205,YarsRevenge
1,193,201,YarsRevenge
1,189,197,YarsRevenge
1,185,193,YarsRevenge
1,181,189,YarsRevenge
1,177,185,YarsRevenge
1,173,181,YarsRevenge
1,169,177,YarsRevenge
1,165,173,YarsRevenge
1,161,169,YarsRevenge
1,157,165,YarsRevenge
1,153,161,YarsRevenge
1,149,157,YarsRevenge
1,145,153,YarsRevenge
1,141,149,YarsRevenge
1,137,145,YarsRevenge
1,133,141,YarsRevenge
1,129,137,YarsRevenge
1,125,133,YarsRevenge
1,121,129,YarsRevenge
1,117,125,YarsRevenge
1,113,121,YarsRevenge
1,109,117,YarsRevenge
1,105,113,YarsRevenge
1,101,109,YarsRevenge
1,97,105,YarsRevenge
1,93,101,YarsRevenge
1,89,97,YarsRevenge
1,85,93,YarsRevenge
1,81,89,YarsRevenge
1,77,85,YarsRevenge
1,73,81,YarsRevenge
1,69,77,YarsRevenge
1,65,73,YarsRevenge
1,61,69,YarsRevenge
1,57,65,YarsRevenge
1,53,61,YarsRevenge
1,49,57,YarsRevenge
1,45,53,YarsRevenge
1,41,49,YarsRevenge
1,37,45,YarsRevenge
1,33,41,YarsRevenge
1,29,37,YarsRevenge
1,25,33,YarsRevenge
1,21,29,YarsRevenge
1,17,25,YarsRevenge
1,13,21,YarsRevenge
1,9,17,YarsRevenge
1,5,13,YarsRevenge
1,1,9,YarsRevenge
1,-3,5,YarsRevenge
1,-7,1,YarsRevenge
2,556,564,YarsRevenge
2,552,560,YarsRevenge
2,548,556,YarsRevenge
2,544,552,YarsRevenge
2,540,548,YarsRevenge
2,536,544,YarsRevenge
2,532,540,YarsRevenge
2,528,536,YarsRevenge
2,524,532,YarsRevenge
2,520,528,YarsRevenge
2,516,524,YarsRevenge
2,512,520,YarsRevenge
2,508,516,YarsRevenge
2,504,512,YarsRevenge
2,500,508,YarsRevenge
2,496,504,YarsRevenge
2,492,500,YarsRevenge
2,488,496,YarsRevenge
2,484,492,YarsRevenge
2,480,488,YarsRevenge
2,476,484,YarsRevenge
2,472,480,YarsRevenge
2,468,476,YarsRevenge
2,464,472,YarsRevenge
2,460,468,YarsRevenge
2,456,464,YarsRevenge
2,452,460,YarsRevenge
2,448,456,YarsRevenge
2,444,452,YarsRevenge
2,440,448,YarsRevenge
2,436,444,YarsRevenge
2,432,440,YarsRevenge
2,428,436,YarsRevenge
2,424,432,YarsRevenge
2,420,428,YarsRevenge
2,416,424,YarsRevenge
2,412,420,YarsRevenge
2,408,416,YarsRevenge
2,404,412,YarsRevenge
2,400,408,YarsRevenge
2,396,404,YarsRevenge
2,392,400,YarsRevenge
2,388,396,YarsRevenge
2,384,392,YarsRevenge
2,380,388,YarsRevenge
2,376,384,YarsRevenge
2,372,380,YarsRevenge
2,368,376,YarsRevenge
2,364,372,YarsRevenge
2,360,368,YarsRevenge
2,356,364,YarsRevenge
2,352,360,YarsRevenge
2,348,356,YarsRevenge
2,344,352,YarsRevenge
2,340,348,YarsRevenge
2,336,344,YarsRevenge
2,332,340,YarsRevenge
2,328,336,YarsRevenge
2,324,332,YarsRevenge
2,320,328,YarsRevenge
2,316,324,YarsRevenge
2,312,320,YarsRevenge
2,308,316,YarsRevenge
2,304,312,YarsRevenge
2,300,308,YarsRevenge
2,296,304,YarsRevenge
2,292,300,YarsRevenge
2,288,296,YarsRevenge
2,284,292,YarsRevenge
2,280,288,YarsRevenge
2,276,284,YarsRevenge
2,272,280,YarsRevenge
2,268,276,YarsRevenge
2,264,272,YarsRevenge
2,260,268,YarsRevenge
2,256,264,YarsRevenge
2,252,260,YarsRevenge
2,248,256,YarsRevenge
2,244,252,YarsRevenge
2,240,248,YarsRevenge
2,236,244,YarsRevenge
2,232,240,YarsRevenge
2,228,236,YarsRevenge
2,224,232,YarsRevenge
2,220,228,YarsRevenge
2,216,224,YarsRevenge
2,212,220,YarsRevenge
2,208,216,YarsRevenge
2,204,212,YarsRevenge
2,200,208,YarsRevenge
2,196,204,YarsRevenge
2,192,200,YarsRevenge
2,188,196,YarsRevenge
2,184,192,YarsRevenge
2,180,188,YarsRevenge
2,176,184,YarsRevenge
2,172,180,YarsRevenge
2,168,176,YarsRevenge
2,164,172,YarsRevenge
2,160,168,YarsRevenge
2,156,164,YarsRevenge
2,152,160,YarsRevenge
2,148,156,YarsRevenge
2,144,152,YarsRevenge
2,140,148,YarsRevenge
2,136,144,YarsRevenge
2,132,140,YarsRevenge
2,128,136,YarsRevenge
2,124,132,YarsRevenge
2,120,128,YarsRevenge
2,116,124,YarsRevenge
2,112,120,YarsRevenge
2,108,116,YarsRevenge
2,104,112,YarsRevenge
2,100,108,YarsRevenge
2,96,104,YarsRevenge
2,92,100,YarsRevenge
2,88,96,YarsRevenge
2,84,92,YarsRevenge
2,80,88,YarsRevenge
2,76,84,YarsRevenge
2,72,80,YarsRevenge
2,68,76,YarsRevenge
2,64,72,YarsRevenge
2,60,68,YarsRevenge
2,56,64,YarsRevenge
2,52,60,YarsRevenge
2,48,56,YarsRevenge
2,44,52,YarsRevenge
2,40,48,YarsRevenge
2,36,44,YarsRevenge
2,32,40,YarsRevenge
2,28,36,YarsRevenge
2,24,32,YarsRevenge
2,20,28,YarsRevenge
2,16,24,YarsRevenge
2,12,20,YarsRevenge
2,8,16,YarsRevenge
2,4,12,YarsRevenge
2,0,8,YarsRevenge
2,-4,4,YarsRevenge
3,545,553,YarsRevenge
3,541,549,YarsRevenge
3,537,545,YarsRevenge
3,533,541,YarsRevenge
3,529,537,YarsRevenge
3,525,533,YarsRevenge
3,521,529,YarsRevenge
3,517,525,YarsRevenge
3,513,521,YarsRevenge
3,509,517,YarsRevenge
3,505,513,YarsRevenge
3,501,509,YarsRevenge
3,497,505,YarsRevenge
3,493,501,YarsRevenge
3,489,497,YarsRevenge
3,485,493,YarsRevenge
3,481,489,YarsRevenge
3,477,485,YarsRevenge
3,473,481,YarsRevenge
3,469,477,YarsRevenge
3,465,473,YarsRevenge
3,461,469,YarsRevenge
3,457,465,YarsRevenge
3,453,461,YarsRevenge
3,449,457,YarsRevenge
3,445,453,YarsRevenge
3,441,449,YarsRevenge
3,437,445,YarsRevenge
3,433,441,YarsRevenge
3,429,437,YarsRevenge
3,425,433,YarsRevenge
3,421,429,YarsRevenge
3,417,425,YarsRevenge
3,413,421,YarsRevenge
3,409,417,YarsRevenge
3,405,413,YarsRevenge
3,401,409,YarsRevenge
3,397,405,YarsRevenge
3,393,401,YarsRevenge
3,389,397,YarsRevenge
3,385,393,YarsRevenge
3,381,389,YarsRevenge
3,377,385,YarsRevenge
3,373,381,YarsRevenge
3,369,377,YarsRevenge
3,365,373,YarsRevenge
3,361,369,YarsRevenge
3,357,365,YarsRevenge
3,353,361,YarsRevenge
3,349,357,YarsRevenge
3,345,353,YarsRevenge
3,341,349,YarsRevenge
3,337,345,YarsRevenge
3,333,341,YarsRevenge
3,329,337,YarsRevenge
3,325,333,YarsRevenge
3,321,329,YarsRevenge
3,317,325,YarsRevenge
3,313,321,YarsRevenge
3,309,317,YarsRevenge
3,305,313,YarsRevenge
3,301,309,YarsRevenge
3,297,305,YarsRevenge
3,293,301,YarsRevenge
3,289,297,YarsRevenge
3,285,293,YarsRevenge
3,281,289,YarsRevenge
3,277,285,YarsRevenge
3,273,281,YarsRevenge
3,269,277,YarsRevenge
3,265,273,YarsRevenge
3,261,269,YarsRevenge
3,257,265,YarsRevenge
3,253,261,YarsRevenge
3,249,257,YarsRevenge
3,245,253,YarsRevenge
3,241,249,YarsRevenge
3,237,245,YarsRevenge
3,233,241,YarsRevenge
3,229,237,YarsRevenge
3,225,233,YarsRevenge
3,221,229,YarsRevenge
3,217,225,YarsRevenge
3,213,221,YarsRevenge
3,209,217,YarsRevenge
3,205,213,YarsRevenge
3,201,209,YarsRevenge
3,197,205,YarsRevenge
3,193,201,YarsRevenge
3,189,197,YarsRevenge
3,185,193,YarsRevenge
3,181,189,YarsRevenge
3,177,185,YarsRevenge
3,173,181,YarsRevenge
3,169,177,YarsRevenge
3,165,173,YarsRevenge
3,161,169,YarsRevenge
3,157,165,YarsRevenge
3,153,161,YarsRevenge
3,149,157,YarsRevenge
3,145,153,YarsRevenge
3,141,149,YarsRevenge
3,137,145,YarsRevenge
3,133,141,YarsRevenge
3,129,137,YarsRevenge
3,125,133,YarsRevenge
3,121,129,YarsRevenge
3,117,125,YarsRevenge
3,113,121,YarsRevenge
3,109,117,YarsRevenge
3,105,113,YarsRevenge
3,101,109,YarsRevenge
3,97,105,YarsRevenge
3,93,101,YarsRevenge
3,89,97,YarsRevenge
3,85,93,YarsRevenge
3,81,89,YarsRevenge
3,77,85,YarsRevenge
3,73,81,YarsRevenge
3,69,77,YarsRevenge
3,65,73,YarsRevenge
3,61,69,YarsRevenge
3,57,65,YarsRevenge
3,53,61,YarsRevenge
3,49,57,YarsRevenge
3,45,53,YarsRevenge
3,41,49,YarsRevenge
3,37,45,YarsRevenge
3,33,41,YarsRevenge
3,29,37,YarsRevenge
3,25,33,YarsRevenge
3,21,29,YarsRevenge
3,17,25,YarsRevenge
3,13,21,YarsRevenge
3,9,17,YarsRevenge
3,5,13,YarsRevenge
3,1,9,YarsRevenge
3,-3,5,YarsRevenge
3,-7,1,YarsRevenge
4,535,543,YarsRevenge
4,531,539,YarsRevenge
4,527,535,YarsRevenge
4,523,531,YarsRevenge
4,519,527,YarsRevenge
4,515,523,YarsRevenge
4,511,519,YarsRevenge
4,507,515,YarsRevenge
4,503,511,YarsRevenge
4,499,507,YarsRevenge
4,495,503,YarsRevenge
4,491,499,YarsRevenge
4,487,495,YarsRevenge
4,483,491,YarsRevenge
4,479,487,YarsRevenge
4,475,483,YarsRevenge
4,471,479,YarsRevenge
4,467,475,YarsRevenge
4,463,471,YarsRevenge
4,459,467,YarsRevenge
4,455,463,YarsRevenge
4,451,459,YarsRevenge
4,447,455,YarsRevenge
4,443,451,YarsRevenge
4,439,447,YarsRevenge
4,435,443,YarsRevenge
4,431,439,YarsRevenge
4,427,435,YarsRevenge
4,423,431,YarsRevenge
4,419,427,YarsRevenge
4,415,423,YarsRevenge
4,411,419,YarsRevenge
4,407,415,YarsRevenge
4,403,411,YarsRevenge
4,399,407,YarsRevenge
4,395,403,YarsRevenge
4,391,399,YarsRevenge
4,387,395,YarsRevenge
4,383,391,YarsRevenge
4,379,387,YarsRevenge
4,375,383,YarsRevenge
4,371,379,YarsRevenge
4,367,375,YarsRevenge
4,363,371,YarsRevenge
4,359,367,YarsRevenge
4,355,363,YarsRevenge
4,351,359,YarsRevenge
4,347,355,YarsRevenge
4,343,351,YarsRevenge
4,339,347,YarsRevenge
4,335,343,YarsRevenge
4,331,339,YarsRevenge
4,327,335,YarsRevenge
4,323,331,YarsRevenge
4,319,327,YarsRevenge
4,315,323,YarsRevenge
4,311,319,YarsRevenge
4,307,315,YarsRevenge
4,303,311,YarsRevenge
4,299,307,YarsRevenge
4,295,303,YarsRevenge
4,291,299,YarsRevenge
4,287,295,YarsRevenge
4,283,291,YarsRevenge
4,279,287,YarsRevenge
4,275,283,YarsRevenge
4,271,279,YarsRevenge
4,267,275,YarsRevenge
4,263,271,YarsRevenge
4,259,267,YarsRevenge
4,255,263,YarsRevenge
4,251,259,YarsRevenge
4,247,255,YarsRevenge
4,243,251,YarsRevenge
4,239,247,YarsRevenge
4,235,243,YarsRevenge
4,231,239,YarsRevenge
4,227,235,YarsRevenge
4,223,231,YarsRevenge
4,219,227,YarsRevenge
4,215,223,YarsRevenge
4,211,219,YarsRevenge
4,207,215,YarsRevenge
4,203,211,YarsRevenge
4,199,207,YarsRevenge
4,195,203,YarsRevenge
4,191,199,YarsRevenge
4,187,195,YarsRevenge
4,183,191,YarsRevenge
4,179,187,YarsRevenge
4,175,183,YarsRevenge
4,171,179,YarsRevenge
4,167,175,YarsRevenge
4,163,171,YarsRevenge
4,159,167,YarsRevenge
4,155,163,YarsRevenge
4,151,159,YarsRevenge
4,147,155,YarsRevenge
4,143,151,YarsRevenge
4,139,147,YarsRevenge
4,135,143,YarsRevenge
4,131,139,YarsRevenge
4,127,135,YarsRevenge
4,123,131,YarsRevenge
4,119,127,YarsRevenge
4,115,123,YarsRevenge
4,111,119,YarsRevenge
4,107,115,YarsRevenge
4,103,111,YarsRevenge
4,99,107,YarsRevenge
4,95,103,YarsRevenge
4,91,99,YarsRevenge
4,87,95,YarsRevenge
4,83,91,YarsRevenge
4,79,87,YarsRevenge
4,75,83,YarsRevenge
4,71,79,YarsRevenge
4,67,75,YarsRevenge
4,63,71,YarsRevenge
4,59,67,YarsRevenge
4,55,63,YarsRevenge
4,51,59,YarsRevenge
4,47,55,YarsRevenge
4,43,51,YarsRevenge
4,39,47,YarsRevenge
4,35,43,YarsRevenge
4,31,39,YarsRevenge
4,27,35,YarsRevenge
4,23,31,YarsRevenge
4,19,27,YarsRevenge
4,15,23,YarsRevenge
4,11,19,YarsRevenge
4,7,15,YarsRevenge
4,3,11,YarsRevenge
4,-1,7,YarsRevenge
4,-5,3,YarsRevenge
5,577,585,YarsRevenge
5,573,581,YarsRevenge
5,569,577,YarsRevenge
5,565,573,YarsRevenge
5,561,569,YarsRevenge
5,557,565,YarsRevenge
5,553,561,YarsRevenge
5,549,557,YarsRevenge
5,545,553,YarsRevenge
5,541,549,YarsRevenge
5,537,545,YarsRevenge
5,533,541,YarsRevenge
5,529,537,YarsRevenge
5,525,533,YarsRevenge
5,521,529,YarsRevenge
5,517,525,YarsRevenge
5,513,521,YarsRevenge
5,509,517,YarsRevenge
5,505,513,YarsRevenge
5,501,509,YarsRevenge
5,497,505,YarsRevenge
5,493,501,YarsRevenge
5,489,497,YarsRevenge
5,485,493,YarsRevenge
5,481,489,YarsRevenge
5,477,485,YarsRevenge
5,473,481,YarsRevenge
5,469,477,YarsRevenge
5,465,473,YarsRevenge
5,461,469,YarsRevenge
5,457,465,YarsRevenge
5,453,461,YarsRevenge
5,449,457,YarsRevenge
5,445,453,YarsRevenge
5,441,449,YarsRevenge
5,437,445,YarsRevenge
5,433,441,YarsRevenge
5,429,437,YarsRevenge
5,425,433,YarsRevenge
5,421,429,YarsRevenge
5,417,425,YarsRevenge
5,413,421,YarsRevenge
5,409,417,YarsRevenge
5,405,413,YarsRevenge
5,401,409,YarsRevenge
5,397,405,YarsRevenge
5,393,401,YarsRevenge
5,389,397,YarsRevenge
5,385,393,YarsRevenge
5,381,389,YarsRevenge
5,377,385,YarsRevenge
5,373,381,YarsRevenge
5,369,377,YarsRevenge
5,365,373,YarsRevenge
5,361,369,YarsRevenge
5,357,365,YarsRevenge
5,353,361,YarsRevenge
5,349,357,YarsRevenge
5,345,353,YarsRevenge
5,341,349,YarsRevenge
5,337,345,YarsRevenge
5,333,341,YarsRevenge
5,329,337,YarsRevenge
5,325,333,YarsRevenge
5,321,329,YarsRevenge
5,317,325,YarsRevenge
5,313,321,YarsRevenge
5,309,317,YarsRevenge
5,305,313,YarsRevenge
5,301,309,YarsRevenge
5,297,305,YarsRevenge
5,293,301,YarsRevenge
5,289,297,YarsRevenge
5,285,293,YarsRevenge
5,281,289,YarsRevenge
5,277,285,YarsRevenge
5,273,281,YarsRevenge
5,269,277,YarsRevenge
5,265,273,YarsRevenge
5,261,269,YarsRevenge
5,257,265,YarsRevenge
5,253,261,YarsRevenge
5,249,257,YarsRevenge
5,245,253,YarsRevenge
5,241,249,YarsRevenge
5,237,245,YarsRevenge
5,233,241,YarsRevenge
5,229,237,YarsRevenge
5,225,233,YarsRevenge
5,221,229,YarsRevenge
5,217,225,YarsRevenge
5,213,221,YarsRevenge
5,209,217,YarsRevenge
5,205,213,YarsRevenge
5,201,209,YarsRevenge
5,197,205,YarsRevenge
5,193,201,YarsRevenge
5,189,197,YarsRevenge
5,185,193,YarsRevenge
5,181,189,YarsRevenge
5,177,185,YarsRevenge
5,173,181,YarsRevenge
5,169,177,YarsRevenge
5,165,173,YarsRevenge
5,161,169,YarsRevenge
5,157,165,YarsRevenge
5,153,161,YarsRevenge
5,149,157,YarsRevenge
5,145,153,YarsRevenge
5,141,149,YarsRevenge
5,137,145,YarsRevenge
5,133,141,YarsRevenge
5,129,137,YarsRevenge
5,125,133,YarsRevenge
5,121,129,YarsRevenge
5,117,125,YarsRevenge
5,113,121,YarsRevenge
5,109,117,YarsRevenge
5,105,113,YarsRevenge
5,101,109,YarsRevenge
5,97,105,YarsRevenge
5,93,101,YarsRevenge
5,89,97,YarsRevenge
5,85,93,YarsRevenge
5,81,89,YarsRevenge
5,77,85,YarsRevenge
5,73,81,YarsRevenge
5,69,77,YarsRevenge
5,65,73,YarsRevenge
5,61,69,YarsRevenge
5,57,65,YarsRevenge
5,53,61,YarsRevenge
5,49,57,YarsRevenge
5,45,53,YarsRevenge
5,41,49,YarsRevenge
5,37,45,YarsRevenge
5,33,41,YarsRevenge
5,29,37,YarsRevenge
5,25,33,YarsRevenge
5,21,29,YarsRevenge
5,17,25,YarsRevenge
5,13,21,YarsRevenge
5,9,17,YarsRevenge
5,5,13,YarsRevenge
5,1,9,YarsRevenge
5,-3,5,YarsRevenge
5,-7,1,YarsRevenge
6,529,537,YarsRevenge
6,525,533,YarsRevenge
6,521,529,YarsRevenge
6,517,525,YarsRevenge
6,513,521,YarsRevenge
6,509,517,YarsRevenge
6,505,513,YarsRevenge
6,501,509,YarsRevenge
6,497,505,YarsRevenge
6,493,501,YarsRevenge
6,489,497,YarsRevenge
6,485,493,YarsRevenge
6,481,489,YarsRevenge
6,477,485,YarsRevenge
6,473,481,YarsRevenge
6,469,477,YarsRevenge
6,465,473,YarsRevenge
6,461,469,YarsRevenge
6,457,465,YarsRevenge
6,453,461,YarsRevenge
6,449,457,YarsRevenge
6,445,453,YarsRevenge
6,441,449,YarsRevenge
6,437,445,YarsRevenge
6,433,441,YarsRevenge
6,429,437,YarsRevenge
6,425,433,YarsRevenge
6,421,429,YarsRevenge
6,417,425,YarsRevenge
6,413,421,YarsRevenge
6,409,417,YarsRevenge
6,405,413,YarsRevenge
6,401,409,YarsRevenge
6,397,405,YarsRevenge
6,393,401,YarsRevenge
6,389,397,YarsRevenge
6,385,393,YarsRevenge
6,381,389,YarsRevenge
6,377,385,YarsRevenge
6,373,381,YarsRevenge
6,369,377,YarsRevenge
6,365,373,YarsRevenge
6,361,369,YarsRevenge
6,357,365,YarsRevenge
6,353,361,YarsRevenge
6,349,357,YarsRevenge
6,345,353,YarsRevenge
6,341,349,YarsRevenge
6,337,345,YarsRevenge
6,333,341,YarsRevenge
6,329,337,YarsRevenge
6,325,333,YarsRevenge
6,321,329,YarsRevenge
6,317,325,YarsRevenge
6,313,321,YarsRevenge
6,309,317,YarsRevenge
6,305,313,YarsRevenge
6,301,309,YarsRevenge
6,297,305,YarsRevenge
6,293,301,YarsRevenge
6,289,297,YarsRevenge
6,285,293,YarsRevenge
6,281,289,YarsRevenge
6,277,285,YarsRevenge
6,273,281,YarsRevenge
6,269,277,YarsRevenge
6,265,273,YarsRevenge
6,261,269,YarsRevenge
6,257,265,YarsRevenge
6,253,261,YarsRevenge
6,249,257,YarsRevenge
6,245,253,YarsRevenge
6,241,249,YarsRevenge
6,237,245,YarsRevenge
6,233,241,YarsRevenge
6,229,237,YarsRevenge
6,225,233,YarsRevenge
6,221,229,YarsRevenge
6,217,225,YarsRevenge
6,213,221,YarsRevenge
6,209,217,YarsRevenge
6,205,213,YarsRevenge
6,201,209,YarsRevenge
6,197,205,YarsRevenge
6,193,201,YarsRevenge
6,189,197,YarsRevenge
6,185,193,YarsRevenge
6,181,189,YarsRevenge
6,177,185,YarsRevenge
6,173,181,YarsRevenge
6,169,177,YarsRevenge
6,165,173,YarsRevenge
6,161,169,YarsRevenge
6,157,165,YarsRevenge
6,153,161,YarsRevenge
6,149,157,YarsRevenge
6,145,153,YarsRevenge
6,141,149,YarsRevenge
6,137,145,YarsRevenge
6,133,141,YarsRevenge
6,129,137,YarsRevenge
6,125,133,YarsRevenge
6,121,129,YarsRevenge
6,117,125,YarsRevenge
6,113,121,YarsRevenge
6,109,117,YarsRevenge
6,105,113,YarsRevenge
6,101,109,YarsRevenge
6,97,105,YarsRevenge
6,93,101,YarsRevenge
6,89,97,YarsRevenge
6,85,93,YarsRevenge
6,81,89,YarsRevenge
6,77,85,YarsRevenge
6,73,81,YarsRevenge
6,69,77,YarsRevenge
6,65,73,YarsRevenge
6,61,69,YarsRevenge
6,57,65,YarsRevenge
6,53,61,YarsRevenge
6,49,57,YarsRevenge
6,45,53,YarsRevenge
6,41,49,YarsRevenge
6,37,45,YarsRevenge
6,33,41,YarsRevenge
6,29,37,YarsRevenge
6,25,33,YarsRevenge
6,21,29,YarsRevenge
6,17,25,YarsRevenge
6,13,21,YarsRevenge
6,9,17,YarsRevenge
6,5,13,YarsRevenge
6,1,9,YarsRevenge
6,-3,5,YarsRevenge
6,-7,1,YarsRevenge
7,753,761,YarsRevenge
7,749,757,YarsRevenge
7,745,753,YarsRevenge
7,741,749,YarsRevenge
7,737,745,YarsRevenge
7,733,741,YarsRevenge
7,729,737,YarsRevenge
7,725,733,YarsRevenge
7,721,729,YarsRevenge
7,717,725,YarsRevenge
7,713,721,YarsRevenge
7,709,717,YarsRevenge
7,705,713,YarsRevenge
7,701,709,YarsRevenge
7,697,705,YarsRevenge
7,693,701,YarsRevenge
7,689,697,YarsRevenge
7,685,693,YarsRevenge
7,681,689,YarsRevenge
7,677,685,YarsRevenge
7,673,681,YarsRevenge
7,669,677,YarsRevenge
7,665,673,YarsRevenge
7,661,669,YarsRevenge
7,657,665,YarsRevenge
7,653,661,YarsRevenge
7,649,657,YarsRevenge
7,645,653,YarsRevenge
7,641,649,YarsRevenge
7,637,645,YarsRevenge
7,633,641,YarsRevenge
7,629,637,YarsRevenge
7,625,633,YarsRevenge
7,621,629,YarsRevenge
7,617,625,YarsRevenge
7,613,621,YarsRevenge
7,609,617,YarsRevenge
7,605,613,YarsRevenge
7,601,609,YarsRevenge
7,597,605,YarsRevenge
7,593,601,YarsRevenge
7,589,597,YarsRevenge
7,585,593,YarsRevenge
7,581,589,YarsRevenge
7,577,585,YarsRevenge
7,573,581,YarsRevenge
7,569,577,YarsRevenge
7,565,573,YarsRevenge
7,561,569,YarsRevenge
7,557,565,YarsRevenge
7,553,561,YarsRevenge
7,549,557,YarsRevenge
7,545,553,YarsRevenge
7,541,549,YarsRevenge
7,537,545,YarsRevenge
7,533,541,YarsRevenge
7,529,537,YarsRevenge
7,525,533,YarsRevenge
7,521,529,YarsRevenge
7,517,525,YarsRevenge
7,513,521,YarsRevenge
7,509,517,YarsRevenge
7,505,513,YarsRevenge
7,501,509,YarsRevenge
7,497,505,YarsRevenge
7,493,501,YarsRevenge
7,489,497,YarsRevenge
7,485,493,YarsRevenge
7,481,489,YarsRevenge
7,477,485,YarsRevenge
7,473,481,YarsRevenge
7,469,477,YarsRevenge
7,465,473,YarsRevenge
7,461,469,YarsRevenge
7,457,465,YarsRevenge
7,453,461,YarsRevenge
7,449,457,YarsRevenge
7,445,453,YarsRevenge
7,441,449,YarsRevenge
7,437,445,YarsRevenge
7,433,441,YarsRevenge
7,429,437,YarsRevenge
7,425,433,YarsRevenge
7,421,429,YarsRevenge
7,417,425,YarsRevenge
7,413,421,YarsRevenge
7,409,417,YarsRevenge
7,405,413,YarsRevenge
7,401,409,YarsRevenge
7,397,405,YarsRevenge
7,393,401,YarsRevenge
7,389,397,YarsRevenge
7,385,393,YarsRevenge
7,381,389,YarsRevenge
7,377,385,YarsRevenge
7,373,381,YarsRevenge
7,369,377,YarsRevenge
7,365,373,YarsRevenge
7,361,369,YarsRevenge
7,357,365,YarsRevenge
7,353,361,YarsRevenge
7,349,357,YarsRevenge
7,345,353,YarsRevenge
7,341,349,YarsRevenge
7,337,345,YarsRevenge
7,333,341,YarsRevenge
7,329,337,YarsRevenge
7,325,333,YarsRevenge
7,321,329,YarsRevenge
7,317,325,YarsRevenge
7,313,321,YarsRevenge
7,309,317,YarsRevenge
7,305,313,YarsRevenge
7,301,309,YarsRevenge
7,297,305,YarsRevenge
7,293,301,YarsRevenge
7,289,297,YarsRevenge
7,285,293,YarsRevenge
7,281,289,YarsRevenge
7,277,285,YarsRevenge
7,273,281,YarsRevenge
7,269,277,YarsRevenge
7,265,273,YarsRevenge
7,261,269,YarsRevenge
7,257,265,YarsRevenge
7,253,261,YarsRevenge
7,249,257,YarsRevenge
7,245,253,YarsRevenge
7,241,249,YarsRevenge
7,237,245,YarsRevenge
7,233,241,YarsRevenge
7,229,237,YarsRevenge
7,225,233,YarsRevenge
7,221,229,YarsRevenge
7,217,225,YarsRevenge
7,213,221,YarsRevenge
7,209,217,YarsRevenge
7,205,213,YarsRevenge
7,201,209,YarsRevenge
7,197,205,YarsRevenge
7,193,201,YarsRevenge
7,189,197,YarsRevenge
7,185,193,YarsRevenge
7,181,189,YarsRevenge
7,177,185,YarsRevenge
7,173,181,YarsRevenge
7,169,177,YarsRevenge
7,165,173,YarsRevenge
7,161,169,YarsRevenge
7,157,165,YarsRevenge
7,153,161,YarsRevenge
7,149,157,YarsRevenge
7,145,153,YarsRevenge
7,141,149,YarsRevenge
7,137,145,YarsRevenge
7,133,141,YarsRevenge
7,129,137,YarsRevenge
7,125,133,YarsRevenge
7,121,129,YarsRevenge
7,117,125,YarsRevenge
7,113,121,YarsRevenge
7,109,117,YarsRevenge
7,105,113,YarsRevenge
7,101,109,YarsRevenge
7,97,105,YarsRevenge
7,93,101,YarsRevenge
7,89,97,YarsRevenge
7,85,93,YarsRevenge
7,81,89,YarsRevenge
7,77,85,YarsRevenge
7,73,81,YarsRevenge
7,69,77,YarsRevenge
7,65,73,YarsRevenge
7,61,69,YarsRevenge
7,57,65,YarsRevenge
7,53,61,YarsRevenge
7,49,57,YarsRevenge
7,45,53,YarsRevenge
7,41,49,YarsRevenge
7,37,45,YarsRevenge
7,33,41,YarsRevenge
7,29,37,YarsRevenge
7,25,33,YarsRevenge
7,21,29,YarsRevenge
7,17,25,YarsRevenge
7,13,21,YarsRevenge
7,9,17,YarsRevenge
7,5,13,YarsRevenge
7,1,9,YarsRevenge
7,-3,5,YarsRevenge
7,-7,1,YarsRevenge
