Episode index,Start index,End index,Environment
0,0,8,YarsRevenge
0,4,12,YarsRevenge
0,8,16,YarsRevenge
0,12,20,YarsRevenge
0,16,24,YarsRevenge
0,20,28,YarsRevenge
0,24,32,YarsRevenge
0,28,36,YarsRevenge
0,32,40,YarsRevenge
0,36,44,YarsRevenge
0,40,48,YarsRevenge
0,44,52,YarsRevenge
0,48,56,YarsRevenge
0,52,60,YarsRevenge
0,56,64,YarsRevenge
0,60,68,YarsRevenge
0,64,72,YarsRevenge
0,68,76,YarsRevenge
0,72,80,YarsRevenge
0,76,84,YarsRevenge
0,80,88,YarsRevenge
0,84,92,YarsRevenge
0,88,96,YarsRevenge
0,92,100,YarsRevenge
0,96,104,YarsRevenge
0,100,108,YarsRevenge
0,104,112,YarsRevenge
0,108,116,YarsRevenge
0,112,120,YarsRevenge
0,116,124,YarsRevenge
0,120,128,YarsRevenge
0,124,132,YarsRevenge
0,128,136,YarsRevenge
0,132,140,YarsRevenge
0,136,144,YarsRevenge
0,140,148,YarsRevenge
0,144,152,YarsRevenge
0,148,156,YarsRevenge
0,152,160,YarsRevenge
0,156,164,YarsRevenge
0,160,168,YarsRevenge
0,164,172,YarsRevenge
0,168,176,YarsRevenge
0,172,180,YarsRevenge
0,176,184,YarsRevenge
0,180,188,YarsRevenge
0,184,192,YarsRevenge
0,188,196,YarsRevenge
0,192,200,YarsRevenge
0,196,204,YarsRevenge
0,200,208,YarsRevenge
0,204,212,YarsRevenge
0,208,216,YarsRevenge
0,212,220,YarsRevenge
0,216,224,YarsRevenge
0,220,228,YarsRevenge
0,224,232,YarsRevenge
0,228,236,YarsRevenge
0,232,240,YarsRevenge
0,236,244,YarsRevenge
0,240,248,YarsRevenge
0,244,252,YarsRevenge
0,248,256,YarsRevenge
0,252,260,YarsRevenge
0,256,264,YarsRevenge
0,260,268,YarsRevenge
0,264,272,YarsRevenge
0,268,276,YarsRevenge
0,272,280,YarsRevenge
0,276,284,YarsRevenge
0,280,288,YarsRevenge
0,284,292,YarsRevenge
0,288,296,YarsRevenge
0,292,300,YarsRevenge
0,296,304,YarsRevenge
0,300,308,YarsRevenge
0,304,312,YarsRevenge
0,308,316,YarsRevenge
0,312,320,YarsRevenge
0,316,324,YarsRevenge
0,320,328,YarsRevenge
0,324,332,YarsRevenge
0,328,336,YarsRevenge
0,332,340,YarsRevenge
0,336,344,YarsRevenge
0,340,348,YarsRevenge
0,344,352,YarsRevenge
0,348,356,YarsRevenge
0,352,360,YarsRevenge
0,356,364,YarsRevenge
0,360,368,YarsRevenge
0,364,372,YarsRevenge
0,368,376,YarsRevenge
0,372,380,YarsRevenge
0,376,384,YarsRevenge
0,380,388,YarsRevenge
0,384,392,YarsRevenge
0,388,396,YarsRevenge
0,392,400,YarsRevenge
0,396,404,YarsRevenge
0,400,408,YarsRevenge
0,404,412,YarsRevenge
0,408,416,YarsRevenge
0,412,420,YarsRevenge
0,416,424,YarsRevenge
0,420,428,YarsRevenge
0,424,432,YarsRevenge
0,428,436,YarsRevenge
0,432,440,YarsRevenge
0,436,444,YarsRevenge
0,440,448,YarsRevenge
0,444,452,YarsRevenge
0,448,456,YarsRevenge
0,452,460,YarsRevenge
0,456,464,YarsRevenge
0,460,468,YarsRevenge
0,464,472,YarsRevenge
0,468,476,YarsRevenge
0,472,480,YarsRevenge
0,476,484,YarsRevenge
0,480,488,YarsRevenge
0,484,492,YarsRevenge
0,488,496,YarsRevenge
0,492,500,YarsRevenge
0,496,504,YarsRevenge
0,500,508,YarsRevenge
0,504,512,YarsRevenge
0,508,516,YarsRevenge
0,512,520,YarsRevenge
0,516,524,YarsRevenge
0,520,528,YarsRevenge
0,524,532,YarsRevenge
0,528,536,YarsRevenge
0,532,540,YarsRevenge
0,536,544,YarsRevenge
0,540,548,YarsRevenge
0,544,552,YarsRevenge
0,548,556,YarsRevenge
0,552,560,YarsRevenge
0,556,564,YarsRevenge
0,560,568,YarsRevenge
0,564,572,YarsRevenge
0,568,576,YarsRevenge
0,572,580,YarsRevenge
0,576,584,YarsRevenge
0,580,588,YarsRevenge
0,584,592,YarsRevenge
0,588,596,YarsRevenge
0,592,600,YarsRevenge
0,596,604,YarsRevenge
0,600,608,YarsRevenge
0,604,612,YarsRevenge
0,608,616,YarsRevenge
0,612,620,YarsRevenge
0,616,624,YarsRevenge
0,620,628,YarsRevenge
0,624,632,YarsRevenge
0,628,636,YarsRevenge
0,632,640,YarsRevenge
0,636,644,YarsRevenge
0,640,648,YarsRevenge
0,644,652,YarsRevenge
0,648,656,YarsRevenge
0,652,660,YarsRevenge
0,656,664,YarsRevenge
0,660,668,YarsRevenge
0,664,672,YarsRevenge
0,668,676,YarsRevenge
0,672,680,YarsRevenge
0,676,684,YarsRevenge
0,680,688,YarsRevenge
0,684,692,YarsRevenge
0,688,696,YarsRevenge
0,692,700,YarsRevenge
0,696,704,YarsRevenge
0,700,708,YarsRevenge
0,704,712,YarsRevenge
0,708,716,YarsRevenge
0,712,720,YarsRevenge
0,716,724,YarsRevenge
0,720,728,YarsRevenge
0,724,732,YarsRevenge
0,728,736,YarsRevenge
0,732,740,YarsRevenge
0,736,744,YarsRevenge
0,740,748,YarsRevenge
0,744,752,YarsRevenge
0,748,756,YarsRevenge
0,752,760,YarsRevenge
0,756,764,YarsRevenge
0,760,768,YarsRevenge
0,764,772,YarsRevenge
0,768,776,YarsRevenge
0,772,780,YarsRevenge
0,776,784,YarsRevenge
0,780,788,YarsRevenge
0,784,792,YarsRevenge
0,788,796,YarsRevenge
0,792,800,YarsRevenge
0,796,804,YarsRevenge
0,800,808,YarsRevenge
0,804,812,YarsRevenge
0,808,816,YarsRevenge
0,812,820,YarsRevenge
0,816,824,YarsRevenge
0,820,828,YarsRevenge
0,824,832,YarsRevenge
0,828,836,YarsRevenge
0,832,840,YarsRevenge
0,836,844,YarsRevenge
0,840,848,YarsRevenge
0,844,852,YarsRevenge
0,848,856,YarsRevenge
0,852,860,YarsRevenge
0,856,864,YarsRevenge
0,860,868,YarsRevenge
0,864,872,YarsRevenge
0,868,876,YarsRevenge
0,872,880,YarsRevenge
0,876,884,YarsRevenge
0,880,888,YarsRevenge
0,884,892,YarsRevenge
0,888,896,YarsRevenge
0,892,900,YarsRevenge
0,896,904,YarsRevenge
0,900,908,YarsRevenge
0,904,912,YarsRevenge
0,908,916,YarsRevenge
0,912,920,YarsRevenge
0,916,924,YarsRevenge
0,920,928,YarsRevenge
0,924,932,YarsRevenge
0,928,936,YarsRevenge
0,932,940,YarsRevenge
0,936,944,YarsRevenge
0,940,948,YarsRevenge
0,944,952,YarsRevenge
0,948,956,YarsRevenge
0,952,960,YarsRevenge
0,956,964,YarsRevenge
0,960,968,YarsRevenge
0,964,972,YarsRevenge
0,968,976,YarsRevenge
0,972,980,YarsRevenge
0,976,984,YarsRevenge
0,980,988,YarsRevenge
0,984,992,YarsRevenge
0,988,996,YarsRevenge
0,992,1000,YarsRevenge
0,996,1004,YarsRevenge
0,1000,1008,YarsRevenge
0,1004,1012,YarsRevenge
0,1008,1016,YarsRevenge
0,1012,1020,YarsRevenge
0,1016,1024,YarsRevenge
0,1020,1028,YarsRevenge
0,1024,1032,YarsRevenge
0,1028,1036,YarsRevenge
0,1032,1040,YarsRevenge
0,1036,1044,YarsRevenge
0,1040,1048,YarsRevenge
0,1044,1052,YarsRevenge
0,1048,1056,YarsRevenge
0,1052,1060,YarsRevenge
0,1056,1064,YarsRevenge
0,1060,1068,YarsRevenge
0,1064,1072,YarsRevenge
1,0,8,YarsRevenge
1,4,12,YarsRevenge
1,8,16,YarsRevenge
1,12,20,YarsRevenge
1,16,24,YarsRevenge
1,20,28,YarsRevenge
1,24,32,YarsRevenge
1,28,36,YarsRevenge
1,32,40,YarsRevenge
1,36,44,YarsRevenge
1,40,48,YarsRevenge
1,44,52,YarsRevenge
1,48,56,YarsRevenge
1,52,60,YarsRevenge
1,56,64,YarsRevenge
1,60,68,YarsRevenge
1,64,72,YarsRevenge
1,68,76,YarsRevenge
1,72,80,YarsRevenge
1,76,84,YarsRevenge
1,80,88,YarsRevenge
1,84,92,YarsRevenge
1,88,96,YarsRevenge
1,92,100,YarsRevenge
1,96,104,YarsRevenge
1,100,108,YarsRevenge
1,104,112,YarsRevenge
1,108,116,YarsRevenge
1,112,120,YarsRevenge
1,116,124,YarsRevenge
1,120,128,YarsRevenge
1,124,132,YarsRevenge
1,128,136,YarsRevenge
1,132,140,YarsRevenge
1,136,144,YarsRevenge
1,140,148,YarsRevenge
1,144,152,YarsRevenge
1,148,156,YarsRevenge
1,152,160,YarsRevenge
1,156,164,YarsRevenge
1,160,168,YarsRevenge
1,164,172,YarsRevenge
1,168,176,YarsRevenge
1,172,180,YarsRevenge
1,176,184,YarsRevenge
1,180,188,YarsRevenge
1,184,192,YarsRevenge
1,188,196,YarsRevenge
1,192,200,YarsRevenge
1,196,204,YarsRevenge
1,200,208,YarsRevenge
1,204,212,YarsRevenge
1,208,216,YarsRevenge
1,212,220,YarsRevenge
1,216,224,YarsRevenge
1,220,228,YarsRevenge
1,224,232,YarsRevenge
1,228,236,YarsRevenge
1,232,240,YarsRevenge
1,236,244,YarsRevenge
1,240,248,YarsRevenge
1,244,252,YarsRevenge
1,248,256,YarsRevenge
1,252,260,YarsRevenge
1,256,264,YarsRevenge
1,260,268,YarsRevenge
1,264,272,YarsRevenge
1,268,276,YarsRevenge
1,272,280,YarsRevenge
1,276,284,YarsRevenge
1,280,288,YarsRevenge
1,284,292,YarsRevenge
1,288,296,YarsRevenge
1,292,300,YarsRevenge
1,296,304,YarsRevenge
1,300,308,YarsRevenge
1,304,312,YarsRevenge
1,308,316,YarsRevenge
1,312,320,YarsRevenge
1,316,324,YarsRevenge
1,320,328,YarsRevenge
1,324,332,YarsRevenge
1,328,336,YarsRevenge
1,332,340,YarsRevenge
1,336,344,YarsRevenge
1,340,348,YarsRevenge
1,344,352,YarsRevenge
1,348,356,YarsRevenge
1,352,360,YarsRevenge
1,356,364,YarsRevenge
1,360,368,YarsRevenge
1,364,372,YarsRevenge
1,368,376,YarsRevenge
1,372,380,YarsRevenge
1,376,384,YarsRevenge
1,380,388,YarsRevenge
1,384,392,YarsRevenge
1,388,396,YarsRevenge
1,392,400,YarsRevenge
1,396,404,YarsRevenge
1,400,408,YarsRevenge
1,404,412,YarsRevenge
1,408,416,YarsRevenge
1,412,420,YarsRevenge
1,416,424,YarsRevenge
1,420,428,YarsRevenge
1,424,432,YarsRevenge
1,428,436,YarsRevenge
1,432,440,YarsRevenge
1,436,444,YarsRevenge
1,440,448,YarsRevenge
1,444,452,YarsRevenge
1,448,456,YarsRevenge
1,452,460,YarsRevenge
1,456,464,YarsRevenge
2,0,8,YarsRevenge
2,4,12,YarsRevenge
2,8,16,YarsRevenge
2,12,20,YarsRevenge
2,16,24,YarsRevenge
2,20,28,YarsRevenge
2,24,32,YarsRevenge
2,28,36,YarsRevenge
2,32,40,YarsRevenge
2,36,44,YarsRevenge
2,40,48,YarsRevenge
2,44,52,YarsRevenge
2,48,56,YarsRevenge
2,52,60,YarsRevenge
2,56,64,YarsRevenge
2,60,68,YarsRevenge
2,64,72,YarsRevenge
2,68,76,YarsRevenge
2,72,80,YarsRevenge
2,76,84,YarsRevenge
2,80,88,YarsRevenge
2,84,92,YarsRevenge
2,88,96,YarsRevenge
2,92,100,YarsRevenge
2,96,104,YarsRevenge
2,100,108,YarsRevenge
2,104,112,YarsRevenge
2,108,116,YarsRevenge
2,112,120,YarsRevenge
2,116,124,YarsRevenge
2,120,128,YarsRevenge
2,124,132,YarsRevenge
2,128,136,YarsRevenge
2,132,140,YarsRevenge
2,136,144,YarsRevenge
2,140,148,YarsRevenge
2,144,152,YarsRevenge
2,148,156,YarsRevenge
2,152,160,YarsRevenge
2,156,164,YarsRevenge
2,160,168,YarsRevenge
2,164,172,YarsRevenge
2,168,176,YarsRevenge
2,172,180,YarsRevenge
2,176,184,YarsRevenge
2,180,188,YarsRevenge
2,184,192,YarsRevenge
2,188,196,YarsRevenge
2,192,200,YarsRevenge
2,196,204,YarsRevenge
2,200,208,YarsRevenge
2,204,212,YarsRevenge
2,208,216,YarsRevenge
2,212,220,YarsRevenge
2,216,224,YarsRevenge
2,220,228,YarsRevenge
2,224,232,YarsRevenge
2,228,236,YarsRevenge
2,232,240,YarsRevenge
2,236,244,YarsRevenge
2,240,248,YarsRevenge
2,244,252,YarsRevenge
2,248,256,YarsRevenge
2,252,260,YarsRevenge
2,256,264,YarsRevenge
2,260,268,YarsRevenge
2,264,272,YarsRevenge
2,268,276,YarsRevenge
2,272,280,YarsRevenge
2,276,284,YarsRevenge
2,280,288,YarsRevenge
2,284,292,YarsRevenge
2,288,296,YarsRevenge
2,292,300,YarsRevenge
2,296,304,YarsRevenge
2,300,308,YarsRevenge
2,304,312,YarsRevenge
2,308,316,YarsRevenge
2,312,320,YarsRevenge
2,316,324,YarsRevenge
2,320,328,YarsRevenge
2,324,332,YarsRevenge
2,328,336,YarsRevenge
2,332,340,YarsRevenge
2,336,344,YarsRevenge
2,340,348,YarsRevenge
2,344,352,YarsRevenge
2,348,356,YarsRevenge
2,352,360,YarsRevenge
2,356,364,YarsRevenge
2,360,368,YarsRevenge
2,364,372,YarsRevenge
2,368,376,YarsRevenge
2,372,380,YarsRevenge
2,376,384,YarsRevenge
2,380,388,YarsRevenge
2,384,392,YarsRevenge
2,388,396,YarsRevenge
2,392,400,YarsRevenge
2,396,404,YarsRevenge
2,400,408,YarsRevenge
2,404,412,YarsRevenge
2,408,416,YarsRevenge
2,412,420,YarsRevenge
2,416,424,YarsRevenge
2,420,428,YarsRevenge
2,424,432,YarsRevenge
2,428,436,YarsRevenge
2,432,440,YarsRevenge
2,436,444,YarsRevenge
2,440,448,YarsRevenge
2,444,452,YarsRevenge
2,448,456,YarsRevenge
2,452,460,YarsRevenge
2,456,464,YarsRevenge
2,460,468,YarsRevenge
2,464,472,YarsRevenge
2,468,476,YarsRevenge
2,472,480,YarsRevenge
2,476,484,YarsRevenge
2,480,488,YarsRevenge
2,484,492,YarsRevenge
2,488,496,YarsRevenge
2,492,500,YarsRevenge
2,496,504,YarsRevenge
2,500,508,YarsRevenge
2,504,512,YarsRevenge
2,508,516,YarsRevenge
2,512,520,YarsRevenge
2,516,524,YarsRevenge
2,520,528,YarsRevenge
2,524,532,YarsRevenge
2,528,536,YarsRevenge
2,532,540,YarsRevenge
2,536,544,YarsRevenge
2,540,548,YarsRevenge
2,544,552,YarsRevenge
2,548,556,YarsRevenge
2,552,560,YarsRevenge
2,556,564,YarsRevenge
2,560,568,YarsRevenge
2,564,572,YarsRevenge
3,0,8,YarsRevenge
3,4,12,YarsRevenge
3,8,16,YarsRevenge
3,12,20,YarsRevenge
3,16,24,YarsRevenge
3,20,28,YarsRevenge
3,24,32,YarsRevenge
3,28,36,YarsRevenge
3,32,40,YarsRevenge
3,36,44,YarsRevenge
3,40,48,YarsRevenge
3,44,52,YarsRevenge
3,48,56,YarsRevenge
3,52,60,YarsRevenge
3,56,64,YarsRevenge
3,60,68,YarsRevenge
3,64,72,YarsRevenge
3,68,76,YarsRevenge
3,72,80,YarsRevenge
3,76,84,YarsRevenge
3,80,88,YarsRevenge
3,84,92,YarsRevenge
3,88,96,YarsRevenge
3,92,100,YarsRevenge
3,96,104,YarsRevenge
3,100,108,YarsRevenge
3,104,112,YarsRevenge
3,108,116,YarsRevenge
3,112,120,YarsRevenge
3,116,124,YarsRevenge
3,120,128,YarsRevenge
3,124,132,YarsRevenge
3,128,136,YarsRevenge
3,132,140,YarsRevenge
3,136,144,YarsRevenge
3,140,148,YarsRevenge
3,144,152,YarsRevenge
3,148,156,YarsRevenge
3,152,160,YarsRevenge
3,156,164,YarsRevenge
3,160,168,YarsRevenge
3,164,172,YarsRevenge
3,168,176,YarsRevenge
3,172,180,YarsRevenge
3,176,184,YarsRevenge
3,180,188,YarsRevenge
3,184,192,YarsRevenge
3,188,196,YarsRevenge
3,192,200,YarsRevenge
3,196,204,YarsRevenge
3,200,208,YarsRevenge
3,204,212,YarsRevenge
3,208,216,YarsRevenge
3,212,220,YarsRevenge
3,216,224,YarsRevenge
3,220,228,YarsRevenge
3,224,232,YarsRevenge
3,228,236,YarsRevenge
3,232,240,YarsRevenge
3,236,244,YarsRevenge
3,240,248,YarsRevenge
3,244,252,YarsRevenge
3,248,256,YarsRevenge
3,252,260,YarsRevenge
3,256,264,YarsRevenge
3,260,268,YarsRevenge
3,264,272,YarsRevenge
3,268,276,YarsRevenge
3,272,280,YarsRevenge
3,276,284,YarsRevenge
3,280,288,YarsRevenge
3,284,292,YarsRevenge
3,288,296,YarsRevenge
3,292,300,YarsRevenge
3,296,304,YarsRevenge
3,300,308,YarsRevenge
3,304,312,YarsRevenge
3,308,316,YarsRevenge
3,312,320,YarsRevenge
3,316,324,YarsRevenge
3,320,328,YarsRevenge
3,324,332,YarsRevenge
3,328,336,YarsRevenge
3,332,340,YarsRevenge
3,336,344,YarsRevenge
3,340,348,YarsRevenge
3,344,352,YarsRevenge
3,348,356,YarsRevenge
3,352,360,YarsRevenge
3,356,364,YarsRevenge
3,360,368,YarsRevenge
3,364,372,YarsRevenge
3,368,376,YarsRevenge
3,372,380,YarsRevenge
3,376,384,YarsRevenge
3,380,388,YarsRevenge
3,384,392,YarsRevenge
3,388,396,YarsRevenge
3,392,400,YarsRevenge
3,396,404,YarsRevenge
3,400,408,YarsRevenge
3,404,412,YarsRevenge
3,408,416,YarsRevenge
3,412,420,YarsRevenge
3,416,424,YarsRevenge
3,420,428,YarsRevenge
3,424,432,YarsRevenge
3,428,436,YarsRevenge
3,432,440,YarsRevenge
3,436,444,YarsRevenge
3,440,448,YarsRevenge
3,444,452,YarsRevenge
3,448,456,YarsRevenge
3,452,460,YarsRevenge
3,456,464,YarsRevenge
3,460,468,YarsRevenge
3,464,472,YarsRevenge
3,468,476,YarsRevenge
3,472,480,YarsRevenge
3,476,484,YarsRevenge
3,480,488,YarsRevenge
3,484,492,YarsRevenge
3,488,496,YarsRevenge
3,492,500,YarsRevenge
3,496,504,YarsRevenge
3,500,508,YarsRevenge
3,504,512,YarsRevenge
3,508,516,YarsRevenge
3,512,520,YarsRevenge
3,516,524,YarsRevenge
3,520,528,YarsRevenge
3,524,532,YarsRevenge
3,528,536,YarsRevenge
3,532,540,YarsRevenge
3,536,544,YarsRevenge
3,540,548,YarsRevenge
3,544,552,YarsRevenge
3,548,556,YarsRevenge
3,552,560,YarsRevenge
4,0,8,YarsRevenge
4,4,12,YarsRevenge
4,8,16,YarsRevenge
4,12,20,YarsRevenge
4,16,24,YarsRevenge
4,20,28,YarsRevenge
4,24,32,YarsRevenge
4,28,36,YarsRevenge
4,32,40,YarsRevenge
4,36,44,YarsRevenge
4,40,48,YarsRevenge
4,44,52,YarsRevenge
4,48,56,YarsRevenge
4,52,60,YarsRevenge
4,56,64,YarsRevenge
4,60,68,YarsRevenge
4,64,72,YarsRevenge
4,68,76,YarsRevenge
4,72,80,YarsRevenge
4,76,84,YarsRevenge
4,80,88,YarsRevenge
4,84,92,YarsRevenge
4,88,96,YarsRevenge
4,92,100,YarsRevenge
4,96,104,YarsRevenge
4,100,108,YarsRevenge
4,104,112,YarsRevenge
4,108,116,YarsRevenge
4,112,120,YarsRevenge
4,116,124,YarsRevenge
4,120,128,YarsRevenge
4,124,132,YarsRevenge
4,128,136,YarsRevenge
4,132,140,YarsRevenge
4,136,144,YarsRevenge
4,140,148,YarsRevenge
4,144,152,YarsRevenge
4,148,156,YarsRevenge
4,152,160,YarsRevenge
4,156,164,YarsRevenge
4,160,168,YarsRevenge
4,164,172,YarsRevenge
4,168,176,YarsRevenge
4,172,180,YarsRevenge
4,176,184,YarsRevenge
4,180,188,YarsRevenge
4,184,192,YarsRevenge
4,188,196,YarsRevenge
4,192,200,YarsRevenge
4,196,204,YarsRevenge
4,200,208,YarsRevenge
4,204,212,YarsRevenge
4,208,216,YarsRevenge
4,212,220,YarsRevenge
4,216,224,YarsRevenge
4,220,228,YarsRevenge
4,224,232,YarsRevenge
4,228,236,YarsRevenge
4,232,240,YarsRevenge
4,236,244,YarsRevenge
4,240,248,YarsRevenge
4,244,252,YarsRevenge
4,248,256,YarsRevenge
4,252,260,YarsRevenge
4,256,264,YarsRevenge
4,260,268,YarsRevenge
4,264,272,YarsRevenge
4,268,276,YarsRevenge
4,272,280,YarsRevenge
4,276,284,YarsRevenge
4,280,288,YarsRevenge
4,284,292,YarsRevenge
4,288,296,YarsRevenge
4,292,300,YarsRevenge
4,296,304,YarsRevenge
4,300,308,YarsRevenge
4,304,312,YarsRevenge
4,308,316,YarsRevenge
4,312,320,YarsRevenge
4,316,324,YarsRevenge
4,320,328,YarsRevenge
4,324,332,YarsRevenge
4,328,336,YarsRevenge
4,332,340,YarsRevenge
4,336,344,YarsRevenge
4,340,348,YarsRevenge
4,344,352,YarsRevenge
4,348,356,YarsRevenge
4,352,360,YarsRevenge
4,356,364,YarsRevenge
4,360,368,YarsRevenge
4,364,372,YarsRevenge
4,368,376,YarsRevenge
4,372,380,YarsRevenge
4,376,384,YarsRevenge
4,380,388,YarsRevenge
4,384,392,YarsRevenge
4,388,396,YarsRevenge
4,392,400,YarsRevenge
4,396,404,YarsRevenge
4,400,408,YarsRevenge
4,404,412,YarsRevenge
4,408,416,YarsRevenge
4,412,420,YarsRevenge
4,416,424,YarsRevenge
4,420,428,YarsRevenge
4,424,432,YarsRevenge
4,428,436,YarsRevenge
4,432,440,YarsRevenge
4,436,444,YarsRevenge
4,440,448,YarsRevenge
4,444,452,YarsRevenge
4,448,456,YarsRevenge
4,452,460,YarsRevenge
4,456,464,YarsRevenge
4,460,468,YarsRevenge
4,464,472,YarsRevenge
4,468,476,YarsRevenge
4,472,480,YarsRevenge
4,476,484,YarsRevenge
4,480,488,YarsRevenge
4,484,492,YarsRevenge
4,488,496,YarsRevenge
4,492,500,YarsRevenge
4,496,504,YarsRevenge
4,500,508,YarsRevenge
4,504,512,YarsRevenge
4,508,516,YarsRevenge
4,512,520,YarsRevenge
4,516,524,YarsRevenge
4,520,528,YarsRevenge
4,524,532,YarsRevenge
4,528,536,YarsRevenge
4,532,540,YarsRevenge
4,536,544,YarsRevenge
4,540,548,YarsRevenge
5,0,8,YarsRevenge
5,4,12,YarsRevenge
5,8,16,YarsRevenge
5,12,20,YarsRevenge
5,16,24,YarsRevenge
5,20,28,YarsRevenge
5,24,32,YarsRevenge
5,28,36,YarsRevenge
5,32,40,YarsRevenge
5,36,44,YarsRevenge
5,40,48,YarsRevenge
5,44,52,YarsRevenge
5,48,56,YarsRevenge
5,52,60,YarsRevenge
5,56,64,YarsRevenge
5,60,68,YarsRevenge
5,64,72,YarsRevenge
5,68,76,YarsRevenge
5,72,80,YarsRevenge
5,76,84,YarsRevenge
5,80,88,YarsRevenge
5,84,92,YarsRevenge
5,88,96,YarsRevenge
5,92,100,YarsRevenge
5,96,104,YarsRevenge
5,100,108,YarsRevenge
5,104,112,YarsRevenge
5,108,116,YarsRevenge
5,112,120,YarsRevenge
5,116,124,YarsRevenge
5,120,128,YarsRevenge
5,124,132,YarsRevenge
5,128,136,YarsRevenge
5,132,140,YarsRevenge
5,136,144,YarsRevenge
5,140,148,YarsRevenge
5,144,152,YarsRevenge
5,148,156,YarsRevenge
5,152,160,YarsRevenge
5,156,164,YarsRevenge
5,160,168,YarsRevenge
5,164,172,YarsRevenge
5,168,176,YarsRevenge
5,172,180,YarsRevenge
5,176,184,YarsRevenge
5,180,188,YarsRevenge
5,184,192,YarsRevenge
5,188,196,YarsRevenge
5,192,200,YarsRevenge
5,196,204,YarsRevenge
5,200,208,YarsRevenge
5,204,212,YarsRevenge
5,208,216,YarsRevenge
5,212,220,YarsRevenge
5,216,224,YarsRevenge
5,220,228,YarsRevenge
5,224,232,YarsRevenge
5,228,236,YarsRevenge
5,232,240,YarsRevenge
5,236,244,YarsRevenge
5,240,248,YarsRevenge
5,244,252,YarsRevenge
5,248,256,YarsRevenge
5,252,260,YarsRevenge
5,256,264,YarsRevenge
5,260,268,YarsRevenge
5,264,272,YarsRevenge
5,268,276,YarsRevenge
5,272,280,YarsRevenge
5,276,284,YarsRevenge
5,280,288,YarsRevenge
5,284,292,YarsRevenge
5,288,296,YarsRevenge
5,292,300,YarsRevenge
5,296,304,YarsRevenge
5,300,308,YarsRevenge
5,304,312,YarsRevenge
5,308,316,YarsRevenge
5,312,320,YarsRevenge
5,316,324,YarsRevenge
5,320,328,YarsRevenge
5,324,332,YarsRevenge
5,328,336,YarsRevenge
5,332,340,YarsRevenge
5,336,344,YarsRevenge
5,340,348,YarsRevenge
5,344,352,YarsRevenge
5,348,356,YarsRevenge
5,352,360,YarsRevenge
5,356,364,YarsRevenge
5,360,368,YarsRevenge
5,364,372,YarsRevenge
5,368,376,YarsRevenge
5,372,380,YarsRevenge
5,376,384,YarsRevenge
5,380,388,YarsRevenge
5,384,392,YarsRevenge
5,388,396,YarsRevenge
5,392,400,YarsRevenge
5,396,404,YarsRevenge
5,400,408,YarsRevenge
5,404,412,YarsRevenge
5,408,416,YarsRevenge
5,412,420,YarsRevenge
5,416,424,YarsRevenge
5,420,428,YarsRevenge
5,424,432,YarsRevenge
5,428,436,YarsRevenge
5,432,440,YarsRevenge
5,436,444,YarsRevenge
5,440,448,YarsRevenge
5,444,452,YarsRevenge
5,448,456,YarsRevenge
5,452,460,YarsRevenge
5,456,464,YarsRevenge
5,460,468,YarsRevenge
5,464,472,YarsRevenge
5,468,476,YarsRevenge
5,472,480,YarsRevenge
5,476,484,YarsRevenge
5,480,488,YarsRevenge
5,484,492,YarsRevenge
5,488,496,YarsRevenge
5,492,500,YarsRevenge
5,496,504,YarsRevenge
5,500,508,YarsRevenge
5,504,512,YarsRevenge
5,508,516,YarsRevenge
5,512,520,YarsRevenge
5,516,524,YarsRevenge
5,520,528,YarsRevenge
5,524,532,YarsRevenge
5,528,536,YarsRevenge
5,532,540,YarsRevenge
5,536,544,YarsRevenge
5,540,548,YarsRevenge
5,544,552,YarsRevenge
5,548,556,YarsRevenge
5,552,560,YarsRevenge
5,556,564,YarsRevenge
5,560,568,YarsRevenge
5,564,572,YarsRevenge
5,568,576,YarsRevenge
5,572,580,YarsRevenge
5,576,584,YarsRevenge
5,580,588,YarsRevenge
5,584,592,YarsRevenge
6,0,8,YarsRevenge
6,4,12,YarsRevenge
6,8,16,YarsRevenge
6,12,20,YarsRevenge
6,16,24,YarsRevenge
6,20,28,YarsRevenge
6,24,32,YarsRevenge
6,28,36,YarsRevenge
6,32,40,YarsRevenge
6,36,44,YarsRevenge
6,40,48,YarsRevenge
6,44,52,YarsRevenge
6,48,56,YarsRevenge
6,52,60,YarsRevenge
6,56,64,YarsRevenge
6,60,68,YarsRevenge
6,64,72,YarsRevenge
6,68,76,YarsRevenge
6,72,80,YarsRevenge
6,76,84,YarsRevenge
6,80,88,YarsRevenge
6,84,92,YarsRevenge
6,88,96,YarsRevenge
6,92,100,YarsRevenge
6,96,104,YarsRevenge
6,100,108,YarsRevenge
6,104,112,YarsRevenge
6,108,116,YarsRevenge
6,112,120,YarsRevenge
6,116,124,YarsRevenge
6,120,128,YarsRevenge
6,124,132,YarsRevenge
6,128,136,YarsRevenge
6,132,140,YarsRevenge
6,136,144,YarsRevenge
6,140,148,YarsRevenge
6,144,152,YarsRevenge
6,148,156,YarsRevenge
6,152,160,YarsRevenge
6,156,164,YarsRevenge
6,160,168,YarsRevenge
6,164,172,YarsRevenge
6,168,176,YarsRevenge
6,172,180,YarsRevenge
6,176,184,YarsRevenge
6,180,188,YarsRevenge
6,184,192,YarsRevenge
6,188,196,YarsRevenge
6,192,200,YarsRevenge
6,196,204,YarsRevenge
6,200,208,YarsRevenge
6,204,212,YarsRevenge
6,208,216,YarsRevenge
6,212,220,YarsRevenge
6,216,224,YarsRevenge
6,220,228,YarsRevenge
6,224,232,YarsRevenge
6,228,236,YarsRevenge
6,232,240,YarsRevenge
6,236,244,YarsRevenge
6,240,248,YarsRevenge
6,244,252,YarsRevenge
6,248,256,YarsRevenge
6,252,260,YarsRevenge
6,256,264,YarsRevenge
6,260,268,YarsRevenge
6,264,272,YarsRevenge
6,268,276,YarsRevenge
6,272,280,YarsRevenge
6,276,284,YarsRevenge
6,280,288,YarsRevenge
6,284,292,YarsRevenge
6,288,296,YarsRevenge
6,292,300,YarsRevenge
6,296,304,YarsRevenge
6,300,308,YarsRevenge
6,304,312,YarsRevenge
6,308,316,YarsRevenge
6,312,320,YarsRevenge
6,316,324,YarsRevenge
6,320,328,YarsRevenge
6,324,332,YarsRevenge
6,328,336,YarsRevenge
6,332,340,YarsRevenge
6,336,344,YarsRevenge
6,340,348,YarsRevenge
6,344,352,YarsRevenge
6,348,356,YarsRevenge
6,352,360,YarsRevenge
6,356,364,YarsRevenge
6,360,368,YarsRevenge
6,364,372,YarsRevenge
6,368,376,YarsRevenge
6,372,380,YarsRevenge
6,376,384,YarsRevenge
6,380,388,YarsRevenge
6,384,392,YarsRevenge
6,388,396,YarsRevenge
6,392,400,YarsRevenge
6,396,404,YarsRevenge
6,400,408,YarsRevenge
6,404,412,YarsRevenge
6,408,416,YarsRevenge
6,412,420,YarsRevenge
6,416,424,YarsRevenge
6,420,428,YarsRevenge
6,424,432,YarsRevenge
6,428,436,YarsRevenge
6,432,440,YarsRevenge
6,436,444,YarsRevenge
6,440,448,YarsRevenge
6,444,452,YarsRevenge
6,448,456,YarsRevenge
6,452,460,YarsRevenge
6,456,464,YarsRevenge
6,460,468,YarsRevenge
6,464,472,YarsRevenge
6,468,476,YarsRevenge
6,472,480,YarsRevenge
6,476,484,YarsRevenge
6,480,488,YarsRevenge
6,484,492,YarsRevenge
6,488,496,YarsRevenge
6,492,500,YarsRevenge
6,496,504,YarsRevenge
6,500,508,YarsRevenge
6,504,512,YarsRevenge
6,508,516,YarsRevenge
6,512,520,YarsRevenge
6,516,524,YarsRevenge
6,520,528,YarsRevenge
6,524,532,YarsRevenge
6,528,536,YarsRevenge
6,532,540,YarsRevenge
6,536,544,YarsRevenge
7,0,8,YarsRevenge
7,4,12,YarsRevenge
7,8,16,YarsRevenge
7,12,20,YarsRevenge
7,16,24,YarsRevenge
7,20,28,YarsRevenge
7,24,32,YarsRevenge
7,28,36,YarsRevenge
7,32,40,YarsRevenge
7,36,44,YarsRevenge
7,40,48,YarsRevenge
7,44,52,YarsRevenge
7,48,56,YarsRevenge
7,52,60,YarsRevenge
7,56,64,YarsRevenge
7,60,68,YarsRevenge
7,64,72,YarsRevenge
7,68,76,YarsRevenge
7,72,80,YarsRevenge
7,76,84,YarsRevenge
7,80,88,YarsRevenge
7,84,92,YarsRevenge
7,88,96,YarsRevenge
7,92,100,YarsRevenge
7,96,104,YarsRevenge
7,100,108,YarsRevenge
7,104,112,YarsRevenge
7,108,116,YarsRevenge
7,112,120,YarsRevenge
7,116,124,YarsRevenge
7,120,128,YarsRevenge
7,124,132,YarsRevenge
7,128,136,YarsRevenge
7,132,140,YarsRevenge
7,136,144,YarsRevenge
7,140,148,YarsRevenge
7,144,152,YarsRevenge
7,148,156,YarsRevenge
7,152,160,YarsRevenge
7,156,164,YarsRevenge
7,160,168,YarsRevenge
7,164,172,YarsRevenge
7,168,176,YarsRevenge
7,172,180,YarsRevenge
7,176,184,YarsRevenge
7,180,188,YarsRevenge
7,184,192,YarsRevenge
7,188,196,YarsRevenge
7,192,200,YarsRevenge
7,196,204,YarsRevenge
7,200,208,YarsRevenge
7,204,212,YarsRevenge
7,208,216,YarsRevenge
7,212,220,YarsRevenge
7,216,224,YarsRevenge
7,220,228,YarsRevenge
7,224,232,YarsRevenge
7,228,236,YarsRevenge
7,232,240,YarsRevenge
7,236,244,YarsRevenge
7,240,248,YarsRevenge
7,244,252,YarsRevenge
7,248,256,YarsRevenge
7,252,260,YarsRevenge
7,256,264,YarsRevenge
7,260,268,YarsRevenge
7,264,272,YarsRevenge
7,268,276,YarsRevenge
7,272,280,YarsRevenge
7,276,284,YarsRevenge
7,280,288,YarsRevenge
7,284,292,YarsRevenge
7,288,296,YarsRevenge
7,292,300,YarsRevenge
7,296,304,YarsRevenge
7,300,308,YarsRevenge
7,304,312,YarsRevenge
7,308,316,YarsRevenge
7,312,320,YarsRevenge
7,316,324,YarsRevenge
7,320,328,YarsRevenge
7,324,332,YarsRevenge
7,328,336,YarsRevenge
7,332,340,YarsRevenge
7,336,344,YarsRevenge
7,340,348,YarsRevenge
7,344,352,YarsRevenge
7,348,356,YarsRevenge
7,352,360,YarsRevenge
7,356,364,YarsRevenge
7,360,368,YarsRevenge
7,364,372,YarsRevenge
7,368,376,YarsRevenge
7,372,380,YarsRevenge
7,376,384,YarsRevenge
7,380,388,YarsRevenge
7,384,392,YarsRevenge
7,388,396,YarsRevenge
7,392,400,YarsRevenge
7,396,404,YarsRevenge
7,400,408,YarsRevenge
7,404,412,YarsRevenge
7,408,416,YarsRevenge
7,412,420,YarsRevenge
7,416,424,YarsRevenge
7,420,428,YarsRevenge
7,424,432,YarsRevenge
7,428,436,YarsRevenge
7,432,440,YarsRevenge
7,436,444,YarsRevenge
7,440,448,YarsRevenge
7,444,452,YarsRevenge
7,448,456,YarsRevenge
7,452,460,YarsRevenge
7,456,464,YarsRevenge
7,460,468,YarsRevenge
7,464,472,YarsRevenge
7,468,476,YarsRevenge
7,472,480,YarsRevenge
7,476,484,YarsRevenge
7,480,488,YarsRevenge
7,484,492,YarsRevenge
7,488,496,YarsRevenge
7,492,500,YarsRevenge
7,496,504,YarsRevenge
7,500,508,YarsRevenge
7,504,512,YarsRevenge
7,508,516,YarsRevenge
7,512,520,YarsRevenge
7,516,524,YarsRevenge
7,520,528,YarsRevenge
7,524,532,YarsRevenge
7,528,536,YarsRevenge
7,532,540,YarsRevenge
7,536,544,YarsRevenge
7,540,548,YarsRevenge
7,544,552,YarsRevenge
7,548,556,YarsRevenge
7,552,560,YarsRevenge
7,556,564,YarsRevenge
7,560,568,YarsRevenge
7,564,572,YarsRevenge
7,568,576,YarsRevenge
7,572,580,YarsRevenge
7,576,584,YarsRevenge
7,580,588,YarsRevenge
7,584,592,YarsRevenge
7,588,596,YarsRevenge
7,592,600,YarsRevenge
7,596,604,YarsRevenge
7,600,608,YarsRevenge
7,604,612,YarsRevenge
7,608,616,YarsRevenge
7,612,620,YarsRevenge
7,616,624,YarsRevenge
7,620,628,YarsRevenge
7,624,632,YarsRevenge
7,628,636,YarsRevenge
7,632,640,YarsRevenge
7,636,644,YarsRevenge
7,640,648,YarsRevenge
7,644,652,YarsRevenge
7,648,656,YarsRevenge
7,652,660,YarsRevenge
7,656,664,YarsRevenge
7,660,668,YarsRevenge
7,664,672,YarsRevenge
7,668,676,YarsRevenge
7,672,680,YarsRevenge
7,676,684,YarsRevenge
7,680,688,YarsRevenge
7,684,692,YarsRevenge
7,688,696,YarsRevenge
7,692,700,YarsRevenge
7,696,704,YarsRevenge
7,700,708,YarsRevenge
7,704,712,YarsRevenge
7,708,716,YarsRevenge
7,712,720,YarsRevenge
7,716,724,YarsRevenge
7,720,728,YarsRevenge
7,724,732,YarsRevenge
7,728,736,YarsRevenge
7,732,740,YarsRevenge
7,736,744,YarsRevenge
7,740,748,YarsRevenge
7,744,752,YarsRevenge
7,748,756,YarsRevenge
7,752,760,YarsRevenge
7,756,764,YarsRevenge
7,760,768,YarsRevenge
