Episode index,Start index,End index,Environment
0,856,864,Gravitar
0,852,860,Gravitar
0,848,856,Gravitar
0,844,852,Gravitar
0,840,848,Gravitar
0,836,844,Gravitar
0,832,840,Gravitar
0,828,836,Gravitar
0,824,832,Gravitar
0,820,828,Gravitar
0,816,824,Gravitar
0,812,820,Gravitar
0,808,816,Gravitar
0,804,812,Gravitar
0,800,808,Gravitar
0,796,804,Gravitar
0,792,800,Gravitar
0,788,796,Gravitar
0,784,792,Gravitar
0,780,788,Gravitar
0,776,784,Gravitar
0,772,780,Gravitar
0,768,776,Gravitar
0,764,772,Gravitar
0,760,768,Gravitar
0,756,764,Gravitar
0,752,760,Gravitar
0,748,756,Gravitar
0,744,752,Gravitar
0,740,748,Gravitar
0,736,744,Gravitar
0,732,740,Gravitar
0,728,736,Gravitar
0,724,732,Gravitar
0,720,728,Gravitar
0,716,724,Gravitar
0,712,720,Gravitar
0,708,716,Gravitar
0,704,712,Gravitar
0,700,708,Gravitar
0,696,704,Gravitar
0,692,700,Gravitar
0,688,696,Gravitar
0,684,692,Gravitar
0,680,688,Gravitar
0,676,684,Gravitar
0,672,680,Gravitar
0,668,676,Gravitar
0,664,672,Gravitar
0,660,668,Gravitar
0,656,664,Gravitar
0,652,660,Gravitar
0,648,656,Gravitar
0,644,652,Gravitar
0,640,648,Gravitar
0,636,644,Gravitar
0,632,640,Gravitar
0,628,636,Gravitar
0,624,632,Gravitar
0,620,628,Gravitar
0,616,624,Gravitar
0,612,620,Gravitar
0,608,616,Gravitar
0,604,612,Gravitar
0,600,608,Gravitar
0,596,604,Gravitar
0,592,600,Gravitar
0,588,596,Gravitar
0,584,592,Gravitar
0,580,588,Gravitar
0,576,584,Gravitar
0,572,580,Gravitar
0,568,576,Gravitar
0,564,572,Gravitar
0,560,568,Gravitar
0,556,564,Gravitar
0,552,560,Gravitar
0,548,556,Gravitar
0,544,552,Gravitar
0,540,548,Gravitar
0,536,544,Gravitar
0,532,540,Gravitar
0,528,536,Gravitar
0,524,532,Gravitar
0,520,528,Gravitar
0,516,524,Gravitar
0,512,520,Gravitar
0,508,516,Gravitar
0,504,512,Gravitar
0,500,508,Gravitar
0,496,504,Gravitar
0,492,500,Gravitar
0,488,496,Gravitar
0,484,492,Gravitar
0,480,488,Gravitar
0,476,484,Gravitar
0,472,480,Gravitar
0,468,476,Gravitar
0,464,472,Gravitar
0,460,468,Gravitar
0,456,464,Gravitar
0,452,460,Gravitar
0,448,456,Gravitar
0,444,452,Gravitar
0,440,448,Gravitar
0,436,444,Gravitar
0,432,440,Gravitar
0,428,436,Gravitar
0,424,432,Gravitar
0,420,428,Gravitar
0,416,424,Gravitar
0,412,420,Gravitar
0,408,416,Gravitar
0,404,412,Gravitar
0,400,408,Gravitar
0,396,404,Gravitar
0,392,400,Gravitar
0,388,396,Gravitar
0,384,392,Gravitar
0,380,388,Gravitar
0,376,384,Gravitar
0,372,380,Gravitar
0,368,376,Gravitar
0,364,372,Gravitar
0,360,368,Gravitar
0,356,364,Gravitar
0,352,360,Gravitar
0,348,356,Gravitar
0,344,352,Gravitar
0,340,348,Gravitar
0,336,344,Gravitar
0,332,340,Gravitar
0,328,336,Gravitar
0,324,332,Gravitar
0,320,328,Gravitar
0,316,324,Gravitar
0,312,320,Gravitar
0,308,316,Gravitar
0,304,312,Gravitar
0,300,308,Gravitar
0,296,304,Gravitar
0,292,300,Gravitar
0,288,296,Gravitar
0,284,292,Gravitar
0,280,288,Gravitar
0,276,284,Gravitar
0,272,280,Gravitar
0,268,276,Gravitar
0,264,272,Gravitar
0,260,268,Gravitar
0,256,264,Gravitar
0,252,260,Gravitar
0,248,256,Gravitar
0,244,252,Gravitar
0,240,248,Gravitar
0,236,244,Gravitar
0,232,240,Gravitar
0,228,236,Gravitar
0,224,232,Gravitar
0,220,228,Gravitar
0,216,224,Gravitar
0,212,220,Gravitar
0,208,216,Gravitar
0,204,212,Gravitar
0,200,208,Gravitar
0,196,204,Gravitar
0,192,200,Gravitar
0,188,196,Gravitar
0,184,192,Gravitar
0,180,188,Gravitar
0,176,184,Gravitar
0,172,180,Gravitar
0,168,176,Gravitar
0,164,172,Gravitar
0,160,168,Gravitar
0,156,164,Gravitar
0,152,160,Gravitar
0,148,156,Gravitar
0,144,152,Gravitar
0,140,148,Gravitar
0,136,144,Gravitar
0,132,140,Gravitar
0,128,136,Gravitar
0,124,132,Gravitar
0,120,128,Gravitar
0,116,124,Gravitar
0,112,120,Gravitar
0,108,116,Gravitar
0,104,112,Gravitar
0,100,108,Gravitar
0,96,104,Gravitar
0,92,100,Gravitar
0,88,96,Gravitar
0,84,92,Gravitar
0,80,88,Gravitar
0,76,84,Gravitar
0,72,80,Gravitar
0,68,76,Gravitar
0,64,72,Gravitar
0,60,68,Gravitar
0,56,64,Gravitar
0,52,60,Gravitar
0,48,56,Gravitar
0,44,52,Gravitar
0,40,48,Gravitar
0,36,44,Gravitar
0,32,40,Gravitar
0,28,36,Gravitar
0,24,32,Gravitar
0,20,28,Gravitar
0,16,24,Gravitar
0,12,20,Gravitar
0,8,16,Gravitar
0,4,12,Gravitar
0,0,8,Gravitar
0,-4,4,Gravitar
1,900,908,Gravitar
1,896,904,Gravitar
1,892,900,Gravitar
1,888,896,Gravitar
1,884,892,Gravitar
1,880,888,Gravitar
1,876,884,Gravitar
1,872,880,Gravitar
1,868,876,Gravitar
1,864,872,Gravitar
1,860,868,Gravitar
1,856,864,Gravitar
1,852,860,Gravitar
1,848,856,Gravitar
1,844,852,Gravitar
1,840,848,Gravitar
1,836,844,Gravitar
1,832,840,Gravitar
1,828,836,Gravitar
1,824,832,Gravitar
1,820,828,Gravitar
1,816,824,Gravitar
1,812,820,Gravitar
1,808,816,Gravitar
1,804,812,Gravitar
1,800,808,Gravitar
1,796,804,Gravitar
1,792,800,Gravitar
1,788,796,Gravitar
1,784,792,Gravitar
1,780,788,Gravitar
1,776,784,Gravitar
1,772,780,Gravitar
1,768,776,Gravitar
1,764,772,Gravitar
1,760,768,Gravitar
1,756,764,Gravitar
1,752,760,Gravitar
1,748,756,Gravitar
1,744,752,Gravitar
1,740,748,Gravitar
1,736,744,Gravitar
1,732,740,Gravitar
1,728,736,Gravitar
1,724,732,Gravitar
1,720,728,Gravitar
1,716,724,Gravitar
1,712,720,Gravitar
1,708,716,Gravitar
1,704,712,Gravitar
1,700,708,Gravitar
1,696,704,Gravitar
1,692,700,Gravitar
1,688,696,Gravitar
1,684,692,Gravitar
1,680,688,Gravitar
1,676,684,Gravitar
1,672,680,Gravitar
1,668,676,Gravitar
1,664,672,Gravitar
1,660,668,Gravitar
1,656,664,Gravitar
1,652,660,Gravitar
1,648,656,Gravitar
1,644,652,Gravitar
1,640,648,Gravitar
1,636,644,Gravitar
1,632,640,Gravitar
1,628,636,Gravitar
1,624,632,Gravitar
1,620,628,Gravitar
1,616,624,Gravitar
1,612,620,Gravitar
1,608,616,Gravitar
1,604,612,Gravitar
1,600,608,Gravitar
1,596,604,Gravitar
1,592,600,Gravitar
1,588,596,Gravitar
1,584,592,Gravitar
1,580,588,Gravitar
1,576,584,Gravitar
1,572,580,Gravitar
1,568,576,Gravitar
1,564,572,Gravitar
1,560,568,Gravitar
1,556,564,Gravitar
1,552,560,Gravitar
1,548,556,Gravitar
1,544,552,Gravitar
1,540,548,Gravitar
1,536,544,Gravitar
1,532,540,Gravitar
1,528,536,Gravitar
1,524,532,Gravitar
1,520,528,Gravitar
1,516,524,Gravitar
1,512,520,Gravitar
1,508,516,Gravitar
1,504,512,Gravitar
1,500,508,Gravitar
1,496,504,Gravitar
1,492,500,Gravitar
1,488,496,Gravitar
1,484,492,Gravitar
1,480,488,Gravitar
1,476,484,Gravitar
1,472,480,Gravitar
1,468,476,Gravitar
1,464,472,Gravitar
1,460,468,Gravitar
1,456,464,Gravitar
1,452,460,Gravitar
1,448,456,Gravitar
1,444,452,Gravitar
1,440,448,Gravitar
1,436,444,Gravitar
1,432,440,Gravitar
1,428,436,Gravitar
1,424,432,Gravitar
1,420,428,Gravitar
1,416,424,Gravitar
1,412,420,Gravitar
1,408,416,Gravitar
1,404,412,Gravitar
1,400,408,Gravitar
1,396,404,Gravitar
1,392,400,Gravitar
1,388,396,Gravitar
1,384,392,Gravitar
1,380,388,Gravitar
1,376,384,Gravitar
1,372,380,Gravitar
1,368,376,Gravitar
1,364,372,Gravitar
1,360,368,Gravitar
1,356,364,Gravitar
1,352,360,Gravitar
1,348,356,Gravitar
1,344,352,Gravitar
1,340,348,Gravitar
1,336,344,Gravitar
1,332,340,Gravitar
1,328,336,Gravitar
1,324,332,Gravitar
1,320,328,Gravitar
1,316,324,Gravitar
1,312,320,Gravitar
1,308,316,Gravitar
1,304,312,Gravitar
1,300,308,Gravitar
1,296,304,Gravitar
1,292,300,Gravitar
1,288,296,Gravitar
1,284,292,Gravitar
1,280,288,Gravitar
1,276,284,Gravitar
1,272,280,Gravitar
1,268,276,Gravitar
1,264,272,Gravitar
1,260,268,Gravitar
1,256,264,Gravitar
1,252,260,Gravitar
1,248,256,Gravitar
1,244,252,Gravitar
1,240,248,Gravitar
1,236,244,Gravitar
1,232,240,Gravitar
1,228,236,Gravitar
1,224,232,Gravitar
1,220,228,Gravitar
1,216,224,Gravitar
1,212,220,Gravitar
1,208,216,Gravitar
1,204,212,Gravitar
1,200,208,Gravitar
1,196,204,Gravitar
1,192,200,Gravitar
1,188,196,Gravitar
1,184,192,Gravitar
1,180,188,Gravitar
1,176,184,Gravitar
1,172,180,Gravitar
1,168,176,Gravitar
1,164,172,Gravitar
1,160,168,Gravitar
1,156,164,Gravitar
1,152,160,Gravitar
1,148,156,Gravitar
1,144,152,Gravitar
1,140,148,Gravitar
1,136,144,Gravitar
1,132,140,Gravitar
1,128,136,Gravitar
1,124,132,Gravitar
1,120,128,Gravitar
1,116,124,Gravitar
1,112,120,Gravitar
1,108,116,Gravitar
1,104,112,Gravitar
1,100,108,Gravitar
1,96,104,Gravitar
1,92,100,Gravitar
1,88,96,Gravitar
1,84,92,Gravitar
1,80,88,Gravitar
1,76,84,Gravitar
1,72,80,Gravitar
1,68,76,Gravitar
1,64,72,Gravitar
1,60,68,Gravitar
1,56,64,Gravitar
1,52,60,Gravitar
1,48,56,Gravitar
1,44,52,Gravitar
1,40,48,Gravitar
1,36,44,Gravitar
1,32,40,Gravitar
1,28,36,Gravitar
1,24,32,Gravitar
1,20,28,Gravitar
1,16,24,Gravitar
1,12,20,Gravitar
1,8,16,Gravitar
1,4,12,Gravitar
1,0,8,Gravitar
1,-4,4,Gravitar
2,574,582,Gravitar
2,570,578,Gravitar
2,566,574,Gravitar
2,562,570,Gravitar
2,558,566,Gravitar
2,554,562,Gravitar
2,550,558,Gravitar
2,546,554,Gravitar
2,542,550,Gravitar
2,538,546,Gravitar
2,534,542,Gravitar
2,530,538,Gravitar
2,526,534,Gravitar
2,522,530,Gravitar
2,518,526,Gravitar
2,514,522,Gravitar
2,510,518,Gravitar
2,506,514,Gravitar
2,502,510,Gravitar
2,498,506,Gravitar
2,494,502,Gravitar
2,490,498,Gravitar
2,486,494,Gravitar
2,482,490,Gravitar
2,478,486,Gravitar
2,474,482,Gravitar
2,470,478,Gravitar
2,466,474,Gravitar
2,462,470,Gravitar
2,458,466,Gravitar
2,454,462,Gravitar
2,450,458,Gravitar
2,446,454,Gravitar
2,442,450,Gravitar
2,438,446,Gravitar
2,434,442,Gravitar
2,430,438,Gravitar
2,426,434,Gravitar
2,422,430,Gravitar
2,418,426,Gravitar
2,414,422,Gravitar
2,410,418,Gravitar
2,406,414,Gravitar
2,402,410,Gravitar
2,398,406,Gravitar
2,394,402,Gravitar
2,390,398,Gravitar
2,386,394,Gravitar
2,382,390,Gravitar
2,378,386,Gravitar
2,374,382,Gravitar
2,370,378,Gravitar
2,366,374,Gravitar
2,362,370,Gravitar
2,358,366,Gravitar
2,354,362,Gravitar
2,350,358,Gravitar
2,346,354,Gravitar
2,342,350,Gravitar
2,338,346,Gravitar
2,334,342,Gravitar
2,330,338,Gravitar
2,326,334,Gravitar
2,322,330,Gravitar
2,318,326,Gravitar
2,314,322,Gravitar
2,310,318,Gravitar
2,306,314,Gravitar
2,302,310,Gravitar
2,298,306,Gravitar
2,294,302,Gravitar
2,290,298,Gravitar
2,286,294,Gravitar
2,282,290,Gravitar
2,278,286,Gravitar
2,274,282,Gravitar
2,270,278,Gravitar
2,266,274,Gravitar
2,262,270,Gravitar
2,258,266,Gravitar
2,254,262,Gravitar
2,250,258,Gravitar
2,246,254,Gravitar
2,242,250,Gravitar
2,238,246,Gravitar
2,234,242,Gravitar
2,230,238,Gravitar
2,226,234,Gravitar
2,222,230,Gravitar
2,218,226,Gravitar
2,214,222,Gravitar
2,210,218,Gravitar
2,206,214,Gravitar
2,202,210,Gravitar
2,198,206,Gravitar
2,194,202,Gravitar
2,190,198,Gravitar
2,186,194,Gravitar
2,182,190,Gravitar
2,178,186,Gravitar
2,174,182,Gravitar
2,170,178,Gravitar
2,166,174,Gravitar
2,162,170,Gravitar
2,158,166,Gravitar
2,154,162,Gravitar
2,150,158,Gravitar
2,146,154,Gravitar
2,142,150,Gravitar
2,138,146,Gravitar
2,134,142,Gravitar
2,130,138,Gravitar
2,126,134,Gravitar
2,122,130,Gravitar
2,118,126,Gravitar
2,114,122,Gravitar
2,110,118,Gravitar
2,106,114,Gravitar
2,102,110,Gravitar
2,98,106,Gravitar
2,94,102,Gravitar
2,90,98,Gravitar
2,86,94,Gravitar
2,82,90,Gravitar
2,78,86,Gravitar
2,74,82,Gravitar
2,70,78,Gravitar
2,66,74,Gravitar
2,62,70,Gravitar
2,58,66,Gravitar
2,54,62,Gravitar
2,50,58,Gravitar
2,46,54,Gravitar
2,42,50,Gravitar
2,38,46,Gravitar
2,34,42,Gravitar
2,30,38,Gravitar
2,26,34,Gravitar
2,22,30,Gravitar
2,18,26,Gravitar
2,14,22,Gravitar
2,10,18,Gravitar
2,6,14,Gravitar
2,2,10,Gravitar
2,-2,6,Gravitar
2,-6,2,Gravitar
3,697,705,Gravitar
3,693,701,Gravitar
3,689,697,Gravitar
3,685,693,Gravitar
3,681,689,Gravitar
3,677,685,Gravitar
3,673,681,Gravitar
3,669,677,Gravitar
3,665,673,Gravitar
3,661,669,Gravitar
3,657,665,Gravitar
3,653,661,Gravitar
3,649,657,Gravitar
3,645,653,Gravitar
3,641,649,Gravitar
3,637,645,Gravitar
3,633,641,Gravitar
3,629,637,Gravitar
3,625,633,Gravitar
3,621,629,Gravitar
3,617,625,Gravitar
3,613,621,Gravitar
3,609,617,Gravitar
3,605,613,Gravitar
3,601,609,Gravitar
3,597,605,Gravitar
3,593,601,Gravitar
3,589,597,Gravitar
3,585,593,Gravitar
3,581,589,Gravitar
3,577,585,Gravitar
3,573,581,Gravitar
3,569,577,Gravitar
3,565,573,Gravitar
3,561,569,Gravitar
3,557,565,Gravitar
3,553,561,Gravitar
3,549,557,Gravitar
3,545,553,Gravitar
3,541,549,Gravitar
3,537,545,Gravitar
3,533,541,Gravitar
3,529,537,Gravitar
3,525,533,Gravitar
3,521,529,Gravitar
3,517,525,Gravitar
3,513,521,Gravitar
3,509,517,Gravitar
3,505,513,Gravitar
3,501,509,Gravitar
3,497,505,Gravitar
3,493,501,Gravitar
3,489,497,Gravitar
3,485,493,Gravitar
3,481,489,Gravitar
3,477,485,Gravitar
3,473,481,Gravitar
3,469,477,Gravitar
3,465,473,Gravitar
3,461,469,Gravitar
3,457,465,Gravitar
3,453,461,Gravitar
3,449,457,Gravitar
3,445,453,Gravitar
3,441,449,Gravitar
3,437,445,Gravitar
3,433,441,Gravitar
3,429,437,Gravitar
3,425,433,Gravitar
3,421,429,Gravitar
3,417,425,Gravitar
3,413,421,Gravitar
3,409,417,Gravitar
3,405,413,Gravitar
3,401,409,Gravitar
3,397,405,Gravitar
3,393,401,Gravitar
3,389,397,Gravitar
3,385,393,Gravitar
3,381,389,Gravitar
3,377,385,Gravitar
3,373,381,Gravitar
3,369,377,Gravitar
3,365,373,Gravitar
3,361,369,Gravitar
3,357,365,Gravitar
3,353,361,Gravitar
3,349,357,Gravitar
3,345,353,Gravitar
3,341,349,Gravitar
3,337,345,Gravitar
3,333,341,Gravitar
3,329,337,Gravitar
3,325,333,Gravitar
3,321,329,Gravitar
3,317,325,Gravitar
3,313,321,Gravitar
3,309,317,Gravitar
3,305,313,Gravitar
3,301,309,Gravitar
3,297,305,Gravitar
3,293,301,Gravitar
3,289,297,Gravitar
3,285,293,Gravitar
3,281,289,Gravitar
3,277,285,Gravitar
3,273,281,Gravitar
3,269,277,Gravitar
3,265,273,Gravitar
3,261,269,Gravitar
3,257,265,Gravitar
3,253,261,Gravitar
3,249,257,Gravitar
3,245,253,Gravitar
3,241,249,Gravitar
3,237,245,Gravitar
3,233,241,Gravitar
3,229,237,Gravitar
3,225,233,Gravitar
3,221,229,Gravitar
3,217,225,Gravitar
3,213,221,Gravitar
3,209,217,Gravitar
3,205,213,Gravitar
3,201,209,Gravitar
3,197,205,Gravitar
3,193,201,Gravitar
3,189,197,Gravitar
3,185,193,Gravitar
3,181,189,Gravitar
3,177,185,Gravitar
3,173,181,Gravitar
3,169,177,Gravitar
3,165,173,Gravitar
3,161,169,Gravitar
3,157,165,Gravitar
3,153,161,Gravitar
3,149,157,Gravitar
3,145,153,Gravitar
3,141,149,Gravitar
3,137,145,Gravitar
3,133,141,Gravitar
3,129,137,Gravitar
3,125,133,Gravitar
3,121,129,Gravitar
3,117,125,Gravitar
3,113,121,Gravitar
3,109,117,Gravitar
3,105,113,Gravitar
3,101,109,Gravitar
3,97,105,Gravitar
3,93,101,Gravitar
3,89,97,Gravitar
3,85,93,Gravitar
3,81,89,Gravitar
3,77,85,Gravitar
3,73,81,Gravitar
3,69,77,Gravitar
3,65,73,Gravitar
3,61,69,Gravitar
3,57,65,Gravitar
3,53,61,Gravitar
3,49,57,Gravitar
3,45,53,Gravitar
3,41,49,Gravitar
3,37,45,Gravitar
3,33,41,Gravitar
3,29,37,Gravitar
3,25,33,Gravitar
3,21,29,Gravitar
3,17,25,Gravitar
3,13,21,Gravitar
3,9,17,Gravitar
3,5,13,Gravitar
3,1,9,Gravitar
3,-3,5,Gravitar
3,-7,1,Gravitar
4,573,581,Gravitar
4,569,577,Gravitar
4,565,573,Gravitar
4,561,569,Gravitar
4,557,565,Gravitar
4,553,561,Gravitar
4,549,557,Gravitar
4,545,553,Gravitar
4,541,549,Gravitar
4,537,545,Gravitar
4,533,541,Gravitar
4,529,537,Gravitar
4,525,533,Gravitar
4,521,529,Gravitar
4,517,525,Gravitar
4,513,521,Gravitar
4,509,517,Gravitar
4,505,513,Gravitar
4,501,509,Gravitar
4,497,505,Gravitar
4,493,501,Gravitar
4,489,497,Gravitar
4,485,493,Gravitar
4,481,489,Gravitar
4,477,485,Gravitar
4,473,481,Gravitar
4,469,477,Gravitar
4,465,473,Gravitar
4,461,469,Gravitar
4,457,465,Gravitar
4,453,461,Gravitar
4,449,457,Gravitar
4,445,453,Gravitar
4,441,449,Gravitar
4,437,445,Gravitar
4,433,441,Gravitar
4,429,437,Gravitar
4,425,433,Gravitar
4,421,429,Gravitar
4,417,425,Gravitar
4,413,421,Gravitar
4,409,417,Gravitar
4,405,413,Gravitar
4,401,409,Gravitar
4,397,405,Gravitar
4,393,401,Gravitar
4,389,397,Gravitar
4,385,393,Gravitar
4,381,389,Gravitar
4,377,385,Gravitar
4,373,381,Gravitar
4,369,377,Gravitar
4,365,373,Gravitar
4,361,369,Gravitar
4,357,365,Gravitar
4,353,361,Gravitar
4,349,357,Gravitar
4,345,353,Gravitar
4,341,349,Gravitar
4,337,345,Gravitar
4,333,341,Gravitar
4,329,337,Gravitar
4,325,333,Gravitar
4,321,329,Gravitar
4,317,325,Gravitar
4,313,321,Gravitar
4,309,317,Gravitar
4,305,313,Gravitar
4,301,309,Gravitar
4,297,305,Gravitar
4,293,301,Gravitar
4,289,297,Gravitar
4,285,293,Gravitar
4,281,289,Gravitar
4,277,285,Gravitar
4,273,281,Gravitar
4,269,277,Gravitar
4,265,273,Gravitar
4,261,269,Gravitar
4,257,265,Gravitar
4,253,261,Gravitar
4,249,257,Gravitar
4,245,253,Gravitar
4,241,249,Gravitar
4,237,245,Gravitar
4,233,241,Gravitar
4,229,237,Gravitar
4,225,233,Gravitar
4,221,229,Gravitar
4,217,225,Gravitar
4,213,221,Gravitar
4,209,217,Gravitar
4,205,213,Gravitar
4,201,209,Gravitar
4,197,205,Gravitar
4,193,201,Gravitar
4,189,197,Gravitar
4,185,193,Gravitar
4,181,189,Gravitar
4,177,185,Gravitar
4,173,181,Gravitar
4,169,177,Gravitar
4,165,173,Gravitar
4,161,169,Gravitar
4,157,165,Gravitar
4,153,161,Gravitar
4,149,157,Gravitar
4,145,153,Gravitar
4,141,149,Gravitar
4,137,145,Gravitar
4,133,141,Gravitar
4,129,137,Gravitar
4,125,133,Gravitar
4,121,129,Gravitar
4,117,125,Gravitar
4,113,121,Gravitar
4,109,117,Gravitar
4,105,113,Gravitar
4,101,109,Gravitar
4,97,105,Gravitar
4,93,101,Gravitar
4,89,97,Gravitar
4,85,93,Gravitar
4,81,89,Gravitar
4,77,85,Gravitar
4,73,81,Gravitar
4,69,77,Gravitar
4,65,73,Gravitar
4,61,69,Gravitar
4,57,65,Gravitar
4,53,61,Gravitar
4,49,57,Gravitar
4,45,53,Gravitar
4,41,49,Gravitar
4,37,45,Gravitar
4,33,41,Gravitar
4,29,37,Gravitar
4,25,33,Gravitar
4,21,29,Gravitar
4,17,25,Gravitar
4,13,21,Gravitar
4,9,17,Gravitar
4,5,13,Gravitar
4,1,9,Gravitar
4,-3,5,Gravitar
4,-7,1,Gravitar
5,883,891,Gravitar
5,879,887,Gravitar
5,875,883,Gravitar
5,871,879,Gravitar
5,867,875,Gravitar
5,863,871,Gravitar
5,859,867,Gravitar
5,855,863,Gravitar
5,851,859,Gravitar
5,847,855,Gravitar
5,843,851,Gravitar
5,839,847,Gravitar
5,835,843,Gravitar
5,831,839,Gravitar
5,827,835,Gravitar
5,823,831,Gravitar
5,819,827,Gravitar
5,815,823,Gravitar
5,811,819,Gravitar
5,807,815,Gravitar
5,803,811,Gravitar
5,799,807,Gravitar
5,795,803,Gravitar
5,791,799,Gravitar
5,787,795,Gravitar
5,783,791,Gravitar
5,779,787,Gravitar
5,775,783,Gravitar
5,771,779,Gravitar
5,767,775,Gravitar
5,763,771,Gravitar
5,759,767,Gravitar
5,755,763,Gravitar
5,751,759,Gravitar
5,747,755,Gravitar
5,743,751,Gravitar
5,739,747,Gravitar
5,735,743,Gravitar
5,731,739,Gravitar
5,727,735,Gravitar
5,723,731,Gravitar
5,719,727,Gravitar
5,715,723,Gravitar
5,711,719,Gravitar
5,707,715,Gravitar
5,703,711,Gravitar
5,699,707,Gravitar
5,695,703,Gravitar
5,691,699,Gravitar
5,687,695,Gravitar
5,683,691,Gravitar
5,679,687,Gravitar
5,675,683,Gravitar
5,671,679,Gravitar
5,667,675,Gravitar
5,663,671,Gravitar
5,659,667,Gravitar
5,655,663,Gravitar
5,651,659,Gravitar
5,647,655,Gravitar
5,643,651,Gravitar
5,639,647,Gravitar
5,635,643,Gravitar
5,631,639,Gravitar
5,627,635,Gravitar
5,623,631,Gravitar
5,619,627,Gravitar
5,615,623,Gravitar
5,611,619,Gravitar
5,607,615,Gravitar
5,603,611,Gravitar
5,599,607,Gravitar
5,595,603,Gravitar
5,591,599,Gravitar
5,587,595,Gravitar
5,583,591,Gravitar
5,579,587,Gravitar
5,575,583,Gravitar
5,571,579,Gravitar
5,567,575,Gravitar
5,563,571,Gravitar
5,559,567,Gravitar
5,555,563,Gravitar
5,551,559,Gravitar
5,547,555,Gravitar
5,543,551,Gravitar
5,539,547,Gravitar
5,535,543,Gravitar
5,531,539,Gravitar
5,527,535,Gravitar
5,523,531,Gravitar
5,519,527,Gravitar
5,515,523,Gravitar
5,511,519,Gravitar
5,507,515,Gravitar
5,503,511,Gravitar
5,499,507,Gravitar
5,495,503,Gravitar
5,491,499,Gravitar
5,487,495,Gravitar
5,483,491,Gravitar
5,479,487,Gravitar
5,475,483,Gravitar
5,471,479,Gravitar
5,467,475,Gravitar
5,463,471,Gravitar
5,459,467,Gravitar
5,455,463,Gravitar
5,451,459,Gravitar
5,447,455,Gravitar
5,443,451,Gravitar
5,439,447,Gravitar
5,435,443,Gravitar
5,431,439,Gravitar
5,427,435,Gravitar
5,423,431,Gravitar
5,419,427,Gravitar
5,415,423,Gravitar
5,411,419,Gravitar
5,407,415,Gravitar
5,403,411,Gravitar
5,399,407,Gravitar
5,395,403,Gravitar
5,391,399,Gravitar
5,387,395,Gravitar
5,383,391,Gravitar
5,379,387,Gravitar
5,375,383,Gravitar
5,371,379,Gravitar
5,367,375,Gravitar
5,363,371,Gravitar
5,359,367,Gravitar
5,355,363,Gravitar
5,351,359,Gravitar
5,347,355,Gravitar
5,343,351,Gravitar
5,339,347,Gravitar
5,335,343,Gravitar
5,331,339,Gravitar
5,327,335,Gravitar
5,323,331,Gravitar
5,319,327,Gravitar
5,315,323,Gravitar
5,311,319,Gravitar
5,307,315,Gravitar
5,303,311,Gravitar
5,299,307,Gravitar
5,295,303,Gravitar
5,291,299,Gravitar
5,287,295,Gravitar
5,283,291,Gravitar
5,279,287,Gravitar
5,275,283,Gravitar
5,271,279,Gravitar
5,267,275,Gravitar
5,263,271,Gravitar
5,259,267,Gravitar
5,255,263,Gravitar
5,251,259,Gravitar
5,247,255,Gravitar
5,243,251,Gravitar
5,239,247,Gravitar
5,235,243,Gravitar
5,231,239,Gravitar
5,227,235,Gravitar
5,223,231,Gravitar
5,219,227,Gravitar
5,215,223,Gravitar
5,211,219,Gravitar
5,207,215,Gravitar
5,203,211,Gravitar
5,199,207,Gravitar
5,195,203,Gravitar
5,191,199,Gravitar
5,187,195,Gravitar
5,183,191,Gravitar
5,179,187,Gravitar
5,175,183,Gravitar
5,171,179,Gravitar
5,167,175,Gravitar
5,163,171,Gravitar
5,159,167,Gravitar
5,155,163,Gravitar
5,151,159,Gravitar
5,147,155,Gravitar
5,143,151,Gravitar
5,139,147,Gravitar
5,135,143,Gravitar
5,131,139,Gravitar
5,127,135,Gravitar
5,123,131,Gravitar
5,119,127,Gravitar
5,115,123,Gravitar
5,111,119,Gravitar
5,107,115,Gravitar
5,103,111,Gravitar
5,99,107,Gravitar
5,95,103,Gravitar
5,91,99,Gravitar
5,87,95,Gravitar
5,83,91,Gravitar
5,79,87,Gravitar
5,75,83,Gravitar
5,71,79,Gravitar
5,67,75,Gravitar
5,63,71,Gravitar
5,59,67,Gravitar
5,55,63,Gravitar
5,51,59,Gravitar
5,47,55,Gravitar
5,43,51,Gravitar
5,39,47,Gravitar
5,35,43,Gravitar
5,31,39,Gravitar
5,27,35,Gravitar
5,23,31,Gravitar
5,19,27,Gravitar
5,15,23,Gravitar
5,11,19,Gravitar
5,7,15,Gravitar
5,3,11,Gravitar
5,-1,7,Gravitar
5,-5,3,Gravitar
6,582,590,Gravitar
6,578,586,Gravitar
6,574,582,Gravitar
6,570,578,Gravitar
6,566,574,Gravitar
6,562,570,Gravitar
6,558,566,Gravitar
6,554,562,Gravitar
6,550,558,Gravitar
6,546,554,Gravitar
6,542,550,Gravitar
6,538,546,Gravitar
6,534,542,Gravitar
6,530,538,Gravitar
6,526,534,Gravitar
6,522,530,Gravitar
6,518,526,Gravitar
6,514,522,Gravitar
6,510,518,Gravitar
6,506,514,Gravitar
6,502,510,Gravitar
6,498,506,Gravitar
6,494,502,Gravitar
6,490,498,Gravitar
6,486,494,Gravitar
6,482,490,Gravitar
6,478,486,Gravitar
6,474,482,Gravitar
6,470,478,Gravitar
6,466,474,Gravitar
6,462,470,Gravitar
6,458,466,Gravitar
6,454,462,Gravitar
6,450,458,Gravitar
6,446,454,Gravitar
6,442,450,Gravitar
6,438,446,Gravitar
6,434,442,Gravitar
6,430,438,Gravitar
6,426,434,Gravitar
6,422,430,Gravitar
6,418,426,Gravitar
6,414,422,Gravitar
6,410,418,Gravitar
6,406,414,Gravitar
6,402,410,Gravitar
6,398,406,Gravitar
6,394,402,Gravitar
6,390,398,Gravitar
6,386,394,Gravitar
6,382,390,Gravitar
6,378,386,Gravitar
6,374,382,Gravitar
6,370,378,Gravitar
6,366,374,Gravitar
6,362,370,Gravitar
6,358,366,Gravitar
6,354,362,Gravitar
6,350,358,Gravitar
6,346,354,Gravitar
6,342,350,Gravitar
6,338,346,Gravitar
6,334,342,Gravitar
6,330,338,Gravitar
6,326,334,Gravitar
6,322,330,Gravitar
6,318,326,Gravitar
6,314,322,Gravitar
6,310,318,Gravitar
6,306,314,Gravitar
6,302,310,Gravitar
6,298,306,Gravitar
6,294,302,Gravitar
6,290,298,Gravitar
6,286,294,Gravitar
6,282,290,Gravitar
6,278,286,Gravitar
6,274,282,Gravitar
6,270,278,Gravitar
6,266,274,Gravitar
6,262,270,Gravitar
6,258,266,Gravitar
6,254,262,Gravitar
6,250,258,Gravitar
6,246,254,Gravitar
6,242,250,Gravitar
6,238,246,Gravitar
6,234,242,Gravitar
6,230,238,Gravitar
6,226,234,Gravitar
6,222,230,Gravitar
6,218,226,Gravitar
6,214,222,Gravitar
6,210,218,Gravitar
6,206,214,Gravitar
6,202,210,Gravitar
6,198,206,Gravitar
6,194,202,Gravitar
6,190,198,Gravitar
6,186,194,Gravitar
6,182,190,Gravitar
6,178,186,Gravitar
6,174,182,Gravitar
6,170,178,Gravitar
6,166,174,Gravitar
6,162,170,Gravitar
6,158,166,Gravitar
6,154,162,Gravitar
6,150,158,Gravitar
6,146,154,Gravitar
6,142,150,Gravitar
6,138,146,Gravitar
6,134,142,Gravitar
6,130,138,Gravitar
6,126,134,Gravitar
6,122,130,Gravitar
6,118,126,Gravitar
6,114,122,Gravitar
6,110,118,Gravitar
6,106,114,Gravitar
6,102,110,Gravitar
6,98,106,Gravitar
6,94,102,Gravitar
6,90,98,Gravitar
6,86,94,Gravitar
6,82,90,Gravitar
6,78,86,Gravitar
6,74,82,Gravitar
6,70,78,Gravitar
6,66,74,Gravitar
6,62,70,Gravitar
6,58,66,Gravitar
6,54,62,Gravitar
6,50,58,Gravitar
6,46,54,Gravitar
6,42,50,Gravitar
6,38,46,Gravitar
6,34,42,Gravitar
6,30,38,Gravitar
6,26,34,Gravitar
6,22,30,Gravitar
6,18,26,Gravitar
6,14,22,Gravitar
6,10,18,Gravitar
6,6,14,Gravitar
6,2,10,Gravitar
6,-2,6,Gravitar
6,-6,2,Gravitar
7,586,594,Gravitar
7,582,590,Gravitar
7,578,586,Gravitar
7,574,582,Gravitar
7,570,578,Gravitar
7,566,574,Gravitar
7,562,570,Gravitar
7,558,566,Gravitar
7,554,562,Gravitar
7,550,558,Gravitar
7,546,554,Gravitar
7,542,550,Gravitar
7,538,546,Gravitar
7,534,542,Gravitar
7,530,538,Gravitar
7,526,534,Gravitar
7,522,530,Gravitar
7,518,526,Gravitar
7,514,522,Gravitar
7,510,518,Gravitar
7,506,514,Gravitar
7,502,510,Gravitar
7,498,506,Gravitar
7,494,502,Gravitar
7,490,498,Gravitar
7,486,494,Gravitar
7,482,490,Gravitar
7,478,486,Gravitar
7,474,482,Gravitar
7,470,478,Gravitar
7,466,474,Gravitar
7,462,470,Gravitar
7,458,466,Gravitar
7,454,462,Gravitar
7,450,458,Gravitar
7,446,454,Gravitar
7,442,450,Gravitar
7,438,446,Gravitar
7,434,442,Gravitar
7,430,438,Gravitar
7,426,434,Gravitar
7,422,430,Gravitar
7,418,426,Gravitar
7,414,422,Gravitar
7,410,418,Gravitar
7,406,414,Gravitar
7,402,410,Gravitar
7,398,406,Gravitar
7,394,402,Gravitar
7,390,398,Gravitar
7,386,394,Gravitar
7,382,390,Gravitar
7,378,386,Gravitar
7,374,382,Gravitar
7,370,378,Gravitar
7,366,374,Gravitar
7,362,370,Gravitar
7,358,366,Gravitar
7,354,362,Gravitar
7,350,358,Gravitar
7,346,354,Gravitar
7,342,350,Gravitar
7,338,346,Gravitar
7,334,342,Gravitar
7,330,338,Gravitar
7,326,334,Gravitar
7,322,330,Gravitar
7,318,326,Gravitar
7,314,322,Gravitar
7,310,318,Gravitar
7,306,314,Gravitar
7,302,310,Gravitar
7,298,306,Gravitar
7,294,302,Gravitar
7,290,298,Gravitar
7,286,294,Gravitar
7,282,290,Gravitar
7,278,286,Gravitar
7,274,282,Gravitar
7,270,278,Gravitar
7,266,274,Gravitar
7,262,270,Gravitar
7,258,266,Gravitar
7,254,262,Gravitar
7,250,258,Gravitar
7,246,254,Gravitar
7,242,250,Gravitar
7,238,246,Gravitar
7,234,242,Gravitar
7,230,238,Gravitar
7,226,234,Gravitar
7,222,230,Gravitar
7,218,226,Gravitar
7,214,222,Gravitar
7,210,218,Gravitar
7,206,214,Gravitar
7,202,210,Gravitar
7,198,206,Gravitar
7,194,202,Gravitar
7,190,198,Gravitar
7,186,194,Gravitar
7,182,190,Gravitar
7,178,186,Gravitar
7,174,182,Gravitar
7,170,178,Gravitar
7,166,174,Gravitar
7,162,170,Gravitar
7,158,166,Gravitar
7,154,162,Gravitar
7,150,158,Gravitar
7,146,154,Gravitar
7,142,150,Gravitar
7,138,146,Gravitar
7,134,142,Gravitar
7,130,138,Gravitar
7,126,134,Gravitar
7,122,130,Gravitar
7,118,126,Gravitar
7,114,122,Gravitar
7,110,118,Gravitar
7,106,114,Gravitar
7,102,110,Gravitar
7,98,106,Gravitar
7,94,102,Gravitar
7,90,98,Gravitar
7,86,94,Gravitar
7,82,90,Gravitar
7,78,86,Gravitar
7,74,82,Gravitar
7,70,78,Gravitar
7,66,74,Gravitar
7,62,70,Gravitar
7,58,66,Gravitar
7,54,62,Gravitar
7,50,58,Gravitar
7,46,54,Gravitar
7,42,50,Gravitar
7,38,46,Gravitar
7,34,42,Gravitar
7,30,38,Gravitar
7,26,34,Gravitar
7,22,30,Gravitar
7,18,26,Gravitar
7,14,22,Gravitar
7,10,18,Gravitar
7,6,14,Gravitar
7,2,10,Gravitar
7,-2,6,Gravitar
7,-6,2,Gravitar
