Episode index,Start index,End index,Environment
0,1389,1397,MsPacman
0,1385,1393,MsPacman
0,1381,1389,MsPacman
0,1377,1385,MsPacman
0,1373,1381,MsPacman
0,1369,1377,MsPacman
0,1365,1373,MsPacman
0,1361,1369,MsPacman
0,1357,1365,MsPacman
0,1353,1361,MsPacman
0,1349,1357,MsPacman
0,1345,1353,MsPacman
0,1341,1349,MsPacman
0,1337,1345,MsPacman
0,1333,1341,MsPacman
0,1329,1337,MsPacman
0,1325,1333,MsPacman
0,1321,1329,MsPacman
0,1317,1325,MsPacman
0,1313,1321,MsPacman
0,1309,1317,MsPacman
0,1305,1313,MsPacman
0,1301,1309,MsPacman
0,1297,1305,MsPacman
0,1293,1301,MsPacman
0,1289,1297,MsPacman
0,1285,1293,MsPacman
0,1281,1289,MsPacman
0,1277,1285,MsPacman
0,1273,1281,MsPacman
0,1269,1277,MsPacman
0,1265,1273,MsPacman
0,1261,1269,MsPacman
0,1257,1265,MsPacman
0,1253,1261,MsPacman
0,1249,1257,MsPacman
0,1245,1253,MsPacman
0,1241,1249,MsPacman
0,1237,1245,MsPacman
0,1233,1241,MsPacman
0,1229,1237,MsPacman
0,1225,1233,MsPacman
0,1221,1229,MsPacman
0,1217,1225,MsPacman
0,1213,1221,MsPacman
0,1209,1217,MsPacman
0,1205,1213,MsPacman
0,1201,1209,MsPacman
0,1197,1205,MsPacman
0,1193,1201,MsPacman
0,1189,1197,MsPacman
0,1185,1193,MsPacman
0,1181,1189,MsPacman
0,1177,1185,MsPacman
0,1173,1181,MsPacman
0,1169,1177,MsPacman
0,1165,1173,MsPacman
0,1161,1169,MsPacman
0,1157,1165,MsPacman
0,1153,1161,MsPacman
0,1149,1157,MsPacman
0,1145,1153,MsPacman
0,1141,1149,MsPacman
0,1137,1145,MsPacman
0,1133,1141,MsPacman
0,1129,1137,MsPacman
0,1125,1133,MsPacman
0,1121,1129,MsPacman
0,1117,1125,MsPacman
0,1113,1121,MsPacman
0,1109,1117,MsPacman
0,1105,1113,MsPacman
0,1101,1109,MsPacman
0,1097,1105,MsPacman
0,1093,1101,MsPacman
0,1089,1097,MsPacman
0,1085,1093,MsPacman
0,1081,1089,MsPacman
0,1077,1085,MsPacman
0,1073,1081,MsPacman
0,1069,1077,MsPacman
0,1065,1073,MsPacman
0,1061,1069,MsPacman
0,1057,1065,MsPacman
0,1053,1061,MsPacman
0,1049,1057,MsPacman
0,1045,1053,MsPacman
0,1041,1049,MsPacman
0,1037,1045,MsPacman
0,1033,1041,MsPacman
0,1029,1037,MsPacman
0,1025,1033,MsPacman
0,1021,1029,MsPacman
0,1017,1025,MsPacman
0,1013,1021,MsPacman
0,1009,1017,MsPacman
0,1005,1013,MsPacman
0,1001,1009,MsPacman
0,997,1005,MsPacman
0,993,1001,MsPacman
0,989,997,MsPacman
0,985,993,MsPacman
0,981,989,MsPacman
0,977,985,MsPacman
0,973,981,MsPacman
0,969,977,MsPacman
0,965,973,MsPacman
0,961,969,MsPacman
0,957,965,MsPacman
0,953,961,MsPacman
0,949,957,MsPacman
0,945,953,MsPacman
0,941,949,MsPacman
0,937,945,MsPacman
0,933,941,MsPacman
0,929,937,MsPacman
0,925,933,MsPacman
0,921,929,MsPacman
0,917,925,MsPacman
0,913,921,MsPacman
0,909,917,MsPacman
0,905,913,MsPacman
0,901,909,MsPacman
0,897,905,MsPacman
0,893,901,MsPacman
0,889,897,MsPacman
0,885,893,MsPacman
0,881,889,MsPacman
0,877,885,MsPacman
0,873,881,MsPacman
0,869,877,MsPacman
0,865,873,MsPacman
0,861,869,MsPacman
0,857,865,MsPacman
0,853,861,MsPacman
0,849,857,MsPacman
0,845,853,MsPacman
0,841,849,MsPacman
0,837,845,MsPacman
0,833,841,MsPacman
0,829,837,MsPacman
0,825,833,MsPacman
0,821,829,MsPacman
0,817,825,MsPacman
0,813,821,MsPacman
0,809,817,MsPacman
0,805,813,MsPacman
0,801,809,MsPacman
0,797,805,MsPacman
0,793,801,MsPacman
0,789,797,MsPacman
0,785,793,MsPacman
0,781,789,MsPacman
0,777,785,MsPacman
0,773,781,MsPacman
0,769,777,MsPacman
0,765,773,MsPacman
0,761,769,MsPacman
0,757,765,MsPacman
0,753,761,MsPacman
0,749,757,MsPacman
0,745,753,MsPacman
0,741,749,MsPacman
0,737,745,MsPacman
0,733,741,MsPacman
0,729,737,MsPacman
0,725,733,MsPacman
0,721,729,MsPacman
0,717,725,MsPacman
0,713,721,MsPacman
0,709,717,MsPacman
0,705,713,MsPacman
0,701,709,MsPacman
0,697,705,MsPacman
0,693,701,MsPacman
0,689,697,MsPacman
0,685,693,MsPacman
0,681,689,MsPacman
0,677,685,MsPacman
0,673,681,MsPacman
0,669,677,MsPacman
0,665,673,MsPacman
0,661,669,MsPacman
0,657,665,MsPacman
0,653,661,MsPacman
0,649,657,MsPacman
0,645,653,MsPacman
0,641,649,MsPacman
0,637,645,MsPacman
0,633,641,MsPacman
0,629,637,MsPacman
0,625,633,MsPacman
0,621,629,MsPacman
0,617,625,MsPacman
0,613,621,MsPacman
0,609,617,MsPacman
0,605,613,MsPacman
0,601,609,MsPacman
0,597,605,MsPacman
0,593,601,MsPacman
0,589,597,MsPacman
0,585,593,MsPacman
0,581,589,MsPacman
0,577,585,MsPacman
0,573,581,MsPacman
0,569,577,MsPacman
0,565,573,MsPacman
0,561,569,MsPacman
0,557,565,MsPacman
0,553,561,MsPacman
0,549,557,MsPacman
0,545,553,MsPacman
0,541,549,MsPacman
0,537,545,MsPacman
0,533,541,MsPacman
0,529,537,MsPacman
0,525,533,MsPacman
0,521,529,MsPacman
0,517,525,MsPacman
0,513,521,MsPacman
0,509,517,MsPacman
0,505,513,MsPacman
0,501,509,MsPacman
0,497,505,MsPacman
0,493,501,MsPacman
0,489,497,MsPacman
0,485,493,MsPacman
0,481,489,MsPacman
0,477,485,MsPacman
0,473,481,MsPacman
0,469,477,MsPacman
0,465,473,MsPacman
0,461,469,MsPacman
0,457,465,MsPacman
0,453,461,MsPacman
0,449,457,MsPacman
0,445,453,MsPacman
0,441,449,MsPacman
0,437,445,MsPacman
0,433,441,MsPacman
0,429,437,MsPacman
0,425,433,MsPacman
0,421,429,MsPacman
0,417,425,MsPacman
0,413,421,MsPacman
0,409,417,MsPacman
0,405,413,MsPacman
0,401,409,MsPacman
0,397,405,MsPacman
0,393,401,MsPacman
0,389,397,MsPacman
0,385,393,MsPacman
0,381,389,MsPacman
0,377,385,MsPacman
0,373,381,MsPacman
0,369,377,MsPacman
0,365,373,MsPacman
0,361,369,MsPacman
0,357,365,MsPacman
0,353,361,MsPacman
0,349,357,MsPacman
0,345,353,MsPacman
0,341,349,MsPacman
0,337,345,MsPacman
0,333,341,MsPacman
0,329,337,MsPacman
0,325,333,MsPacman
0,321,329,MsPacman
0,317,325,MsPacman
0,313,321,MsPacman
0,309,317,MsPacman
0,305,313,MsPacman
0,301,309,MsPacman
0,297,305,MsPacman
0,293,301,MsPacman
0,289,297,MsPacman
0,285,293,MsPacman
0,281,289,MsPacman
0,277,285,MsPacman
0,273,281,MsPacman
0,269,277,MsPacman
0,265,273,MsPacman
0,261,269,MsPacman
0,257,265,MsPacman
0,253,261,MsPacman
0,249,257,MsPacman
0,245,253,MsPacman
0,241,249,MsPacman
0,237,245,MsPacman
0,233,241,MsPacman
0,229,237,MsPacman
0,225,233,MsPacman
0,221,229,MsPacman
0,217,225,MsPacman
0,213,221,MsPacman
0,209,217,MsPacman
0,205,213,MsPacman
0,201,209,MsPacman
0,197,205,MsPacman
0,193,201,MsPacman
0,189,197,MsPacman
0,185,193,MsPacman
0,181,189,MsPacman
0,177,185,MsPacman
0,173,181,MsPacman
0,169,177,MsPacman
0,165,173,MsPacman
0,161,169,MsPacman
0,157,165,MsPacman
0,153,161,MsPacman
0,149,157,MsPacman
0,145,153,MsPacman
0,141,149,MsPacman
0,137,145,MsPacman
0,133,141,MsPacman
0,129,137,MsPacman
0,125,133,MsPacman
0,121,129,MsPacman
0,117,125,MsPacman
0,113,121,MsPacman
0,109,117,MsPacman
0,105,113,MsPacman
0,101,109,MsPacman
0,97,105,MsPacman
0,93,101,MsPacman
0,89,97,MsPacman
0,85,93,MsPacman
0,81,89,MsPacman
0,77,85,MsPacman
0,73,81,MsPacman
0,69,77,MsPacman
0,65,73,MsPacman
0,61,69,MsPacman
0,57,65,MsPacman
0,53,61,MsPacman
0,49,57,MsPacman
0,45,53,MsPacman
0,41,49,MsPacman
0,37,45,MsPacman
0,33,41,MsPacman
0,29,37,MsPacman
0,25,33,MsPacman
0,21,29,MsPacman
0,17,25,MsPacman
0,13,21,MsPacman
0,9,17,MsPacman
0,5,13,MsPacman
0,1,9,MsPacman
0,-3,5,MsPacman
0,-7,1,MsPacman
1,1593,1601,MsPacman
1,1589,1597,MsPacman
1,1585,1593,MsPacman
1,1581,1589,MsPacman
1,1577,1585,MsPacman
1,1573,1581,MsPacman
1,1569,1577,MsPacman
1,1565,1573,MsPacman
1,1561,1569,MsPacman
1,1557,1565,MsPacman
1,1553,1561,MsPacman
1,1549,1557,MsPacman
1,1545,1553,MsPacman
1,1541,1549,MsPacman
1,1537,1545,MsPacman
1,1533,1541,MsPacman
1,1529,1537,MsPacman
1,1525,1533,MsPacman
1,1521,1529,MsPacman
1,1517,1525,MsPacman
1,1513,1521,MsPacman
1,1509,1517,MsPacman
1,1505,1513,MsPacman
1,1501,1509,MsPacman
1,1497,1505,MsPacman
1,1493,1501,MsPacman
1,1489,1497,MsPacman
1,1485,1493,MsPacman
1,1481,1489,MsPacman
1,1477,1485,MsPacman
1,1473,1481,MsPacman
1,1469,1477,MsPacman
1,1465,1473,MsPacman
1,1461,1469,MsPacman
1,1457,1465,MsPacman
1,1453,1461,MsPacman
1,1449,1457,MsPacman
1,1445,1453,MsPacman
1,1441,1449,MsPacman
1,1437,1445,MsPacman
1,1433,1441,MsPacman
1,1429,1437,MsPacman
1,1425,1433,MsPacman
1,1421,1429,MsPacman
1,1417,1425,MsPacman
1,1413,1421,MsPacman
1,1409,1417,MsPacman
1,1405,1413,MsPacman
1,1401,1409,MsPacman
1,1397,1405,MsPacman
1,1393,1401,MsPacman
1,1389,1397,MsPacman
1,1385,1393,MsPacman
1,1381,1389,MsPacman
1,1377,1385,MsPacman
1,1373,1381,MsPacman
1,1369,1377,MsPacman
1,1365,1373,MsPacman
1,1361,1369,MsPacman
1,1357,1365,MsPacman
1,1353,1361,MsPacman
1,1349,1357,MsPacman
1,1345,1353,MsPacman
1,1341,1349,MsPacman
1,1337,1345,MsPacman
1,1333,1341,MsPacman
1,1329,1337,MsPacman
1,1325,1333,MsPacman
1,1321,1329,MsPacman
1,1317,1325,MsPacman
1,1313,1321,MsPacman
1,1309,1317,MsPacman
1,1305,1313,MsPacman
1,1301,1309,MsPacman
1,1297,1305,MsPacman
1,1293,1301,MsPacman
1,1289,1297,MsPacman
1,1285,1293,MsPacman
1,1281,1289,MsPacman
1,1277,1285,MsPacman
1,1273,1281,MsPacman
1,1269,1277,MsPacman
1,1265,1273,MsPacman
1,1261,1269,MsPacman
1,1257,1265,MsPacman
1,1253,1261,MsPacman
1,1249,1257,MsPacman
1,1245,1253,MsPacman
1,1241,1249,MsPacman
1,1237,1245,MsPacman
1,1233,1241,MsPacman
1,1229,1237,MsPacman
1,1225,1233,MsPacman
1,1221,1229,MsPacman
1,1217,1225,MsPacman
1,1213,1221,MsPacman
1,1209,1217,MsPacman
1,1205,1213,MsPacman
1,1201,1209,MsPacman
1,1197,1205,MsPacman
1,1193,1201,MsPacman
1,1189,1197,MsPacman
1,1185,1193,MsPacman
1,1181,1189,MsPacman
1,1177,1185,MsPacman
1,1173,1181,MsPacman
1,1169,1177,MsPacman
1,1165,1173,MsPacman
1,1161,1169,MsPacman
1,1157,1165,MsPacman
1,1153,1161,MsPacman
1,1149,1157,MsPacman
1,1145,1153,MsPacman
1,1141,1149,MsPacman
1,1137,1145,MsPacman
1,1133,1141,MsPacman
1,1129,1137,MsPacman
1,1125,1133,MsPacman
1,1121,1129,MsPacman
1,1117,1125,MsPacman
1,1113,1121,MsPacman
1,1109,1117,MsPacman
1,1105,1113,MsPacman
1,1101,1109,MsPacman
1,1097,1105,MsPacman
1,1093,1101,MsPacman
1,1089,1097,MsPacman
1,1085,1093,MsPacman
1,1081,1089,MsPacman
1,1077,1085,MsPacman
1,1073,1081,MsPacman
1,1069,1077,MsPacman
1,1065,1073,MsPacman
1,1061,1069,MsPacman
1,1057,1065,MsPacman
1,1053,1061,MsPacman
1,1049,1057,MsPacman
1,1045,1053,MsPacman
1,1041,1049,MsPacman
1,1037,1045,MsPacman
1,1033,1041,MsPacman
1,1029,1037,MsPacman
1,1025,1033,MsPacman
1,1021,1029,MsPacman
1,1017,1025,MsPacman
1,1013,1021,MsPacman
1,1009,1017,MsPacman
1,1005,1013,MsPacman
1,1001,1009,MsPacman
1,997,1005,MsPacman
1,993,1001,MsPacman
1,989,997,MsPacman
1,985,993,MsPacman
1,981,989,MsPacman
1,977,985,MsPacman
1,973,981,MsPacman
1,969,977,MsPacman
1,965,973,MsPacman
1,961,969,MsPacman
1,957,965,MsPacman
1,953,961,MsPacman
1,949,957,MsPacman
1,945,953,MsPacman
1,941,949,MsPacman
1,937,945,MsPacman
1,933,941,MsPacman
1,929,937,MsPacman
1,925,933,MsPacman
1,921,929,MsPacman
1,917,925,MsPacman
1,913,921,MsPacman
1,909,917,MsPacman
1,905,913,MsPacman
1,901,909,MsPacman
1,897,905,MsPacman
1,893,901,MsPacman
1,889,897,MsPacman
1,885,893,MsPacman
1,881,889,MsPacman
1,877,885,MsPacman
1,873,881,MsPacman
1,869,877,MsPacman
1,865,873,MsPacman
1,861,869,MsPacman
1,857,865,MsPacman
1,853,861,MsPacman
1,849,857,MsPacman
1,845,853,MsPacman
1,841,849,MsPacman
1,837,845,MsPacman
1,833,841,MsPacman
1,829,837,MsPacman
1,825,833,MsPacman
1,821,829,MsPacman
1,817,825,MsPacman
1,813,821,MsPacman
1,809,817,MsPacman
1,805,813,MsPacman
1,801,809,MsPacman
1,797,805,MsPacman
1,793,801,MsPacman
1,789,797,MsPacman
1,785,793,MsPacman
1,781,789,MsPacman
1,777,785,MsPacman
1,773,781,MsPacman
1,769,777,MsPacman
1,765,773,MsPacman
1,761,769,MsPacman
1,757,765,MsPacman
1,753,761,MsPacman
1,749,757,MsPacman
1,745,753,MsPacman
1,741,749,MsPacman
1,737,745,MsPacman
1,733,741,MsPacman
1,729,737,MsPacman
1,725,733,MsPacman
1,721,729,MsPacman
1,717,725,MsPacman
1,713,721,MsPacman
1,709,717,MsPacman
1,705,713,MsPacman
1,701,709,MsPacman
1,697,705,MsPacman
1,693,701,MsPacman
1,689,697,MsPacman
1,685,693,MsPacman
1,681,689,MsPacman
1,677,685,MsPacman
1,673,681,MsPacman
1,669,677,MsPacman
1,665,673,MsPacman
1,661,669,MsPacman
1,657,665,MsPacman
1,653,661,MsPacman
1,649,657,MsPacman
1,645,653,MsPacman
1,641,649,MsPacman
1,637,645,MsPacman
1,633,641,MsPacman
1,629,637,MsPacman
1,625,633,MsPacman
1,621,629,MsPacman
1,617,625,MsPacman
1,613,621,MsPacman
1,609,617,MsPacman
1,605,613,MsPacman
1,601,609,MsPacman
1,597,605,MsPacman
1,593,601,MsPacman
1,589,597,MsPacman
1,585,593,MsPacman
1,581,589,MsPacman
1,577,585,MsPacman
1,573,581,MsPacman
1,569,577,MsPacman
1,565,573,MsPacman
1,561,569,MsPacman
1,557,565,MsPacman
1,553,561,MsPacman
1,549,557,MsPacman
1,545,553,MsPacman
1,541,549,MsPacman
1,537,545,MsPacman
1,533,541,MsPacman
1,529,537,MsPacman
1,525,533,MsPacman
1,521,529,MsPacman
1,517,525,MsPacman
1,513,521,MsPacman
1,509,517,MsPacman
1,505,513,MsPacman
1,501,509,MsPacman
1,497,505,MsPacman
1,493,501,MsPacman
1,489,497,MsPacman
1,485,493,MsPacman
1,481,489,MsPacman
1,477,485,MsPacman
1,473,481,MsPacman
1,469,477,MsPacman
1,465,473,MsPacman
1,461,469,MsPacman
1,457,465,MsPacman
1,453,461,MsPacman
1,449,457,MsPacman
1,445,453,MsPacman
1,441,449,MsPacman
1,437,445,MsPacman
1,433,441,MsPacman
1,429,437,MsPacman
1,425,433,MsPacman
1,421,429,MsPacman
1,417,425,MsPacman
1,413,421,MsPacman
1,409,417,MsPacman
1,405,413,MsPacman
1,401,409,MsPacman
1,397,405,MsPacman
1,393,401,MsPacman
1,389,397,MsPacman
1,385,393,MsPacman
1,381,389,MsPacman
1,377,385,MsPacman
1,373,381,MsPacman
1,369,377,MsPacman
1,365,373,MsPacman
1,361,369,MsPacman
1,357,365,MsPacman
1,353,361,MsPacman
1,349,357,MsPacman
1,345,353,MsPacman
1,341,349,MsPacman
1,337,345,MsPacman
1,333,341,MsPacman
1,329,337,MsPacman
1,325,333,MsPacman
1,321,329,MsPacman
1,317,325,MsPacman
1,313,321,MsPacman
1,309,317,MsPacman
1,305,313,MsPacman
1,301,309,MsPacman
1,297,305,MsPacman
1,293,301,MsPacman
1,289,297,MsPacman
1,285,293,MsPacman
1,281,289,MsPacman
1,277,285,MsPacman
1,273,281,MsPacman
1,269,277,MsPacman
1,265,273,MsPacman
1,261,269,MsPacman
1,257,265,MsPacman
1,253,261,MsPacman
1,249,257,MsPacman
1,245,253,MsPacman
1,241,249,MsPacman
1,237,245,MsPacman
1,233,241,MsPacman
1,229,237,MsPacman
1,225,233,MsPacman
1,221,229,MsPacman
1,217,225,MsPacman
1,213,221,MsPacman
1,209,217,MsPacman
1,205,213,MsPacman
1,201,209,MsPacman
1,197,205,MsPacman
1,193,201,MsPacman
1,189,197,MsPacman
1,185,193,MsPacman
1,181,189,MsPacman
1,177,185,MsPacman
1,173,181,MsPacman
1,169,177,MsPacman
1,165,173,MsPacman
1,161,169,MsPacman
1,157,165,MsPacman
1,153,161,MsPacman
1,149,157,MsPacman
1,145,153,MsPacman
1,141,149,MsPacman
1,137,145,MsPacman
1,133,141,MsPacman
1,129,137,MsPacman
1,125,133,MsPacman
1,121,129,MsPacman
1,117,125,MsPacman
1,113,121,MsPacman
1,109,117,MsPacman
1,105,113,MsPacman
1,101,109,MsPacman
1,97,105,MsPacman
1,93,101,MsPacman
1,89,97,MsPacman
1,85,93,MsPacman
1,81,89,MsPacman
1,77,85,MsPacman
1,73,81,MsPacman
1,69,77,MsPacman
1,65,73,MsPacman
1,61,69,MsPacman
1,57,65,MsPacman
1,53,61,MsPacman
1,49,57,MsPacman
1,45,53,MsPacman
1,41,49,MsPacman
1,37,45,MsPacman
1,33,41,MsPacman
1,29,37,MsPacman
1,25,33,MsPacman
1,21,29,MsPacman
1,17,25,MsPacman
1,13,21,MsPacman
1,9,17,MsPacman
1,5,13,MsPacman
1,1,9,MsPacman
1,-3,5,MsPacman
1,-7,1,MsPacman
2,1411,1419,MsPacman
2,1407,1415,MsPacman
2,1403,1411,MsPacman
2,1399,1407,MsPacman
2,1395,1403,MsPacman
2,1391,1399,MsPacman
2,1387,1395,MsPacman
2,1383,1391,MsPacman
2,1379,1387,MsPacman
2,1375,1383,MsPacman
2,1371,1379,MsPacman
2,1367,1375,MsPacman
2,1363,1371,MsPacman
2,1359,1367,MsPacman
2,1355,1363,MsPacman
2,1351,1359,MsPacman
2,1347,1355,MsPacman
2,1343,1351,MsPacman
2,1339,1347,MsPacman
2,1335,1343,MsPacman
2,1331,1339,MsPacman
2,1327,1335,MsPacman
2,1323,1331,MsPacman
2,1319,1327,MsPacman
2,1315,1323,MsPacman
2,1311,1319,MsPacman
2,1307,1315,MsPacman
2,1303,1311,MsPacman
2,1299,1307,MsPacman
2,1295,1303,MsPacman
2,1291,1299,MsPacman
2,1287,1295,MsPacman
2,1283,1291,MsPacman
2,1279,1287,MsPacman
2,1275,1283,MsPacman
2,1271,1279,MsPacman
2,1267,1275,MsPacman
2,1263,1271,MsPacman
2,1259,1267,MsPacman
2,1255,1263,MsPacman
2,1251,1259,MsPacman
2,1247,1255,MsPacman
2,1243,1251,MsPacman
2,1239,1247,MsPacman
2,1235,1243,MsPacman
2,1231,1239,MsPacman
2,1227,1235,MsPacman
2,1223,1231,MsPacman
2,1219,1227,MsPacman
2,1215,1223,MsPacman
2,1211,1219,MsPacman
2,1207,1215,MsPacman
2,1203,1211,MsPacman
2,1199,1207,MsPacman
2,1195,1203,MsPacman
2,1191,1199,MsPacman
2,1187,1195,MsPacman
2,1183,1191,MsPacman
2,1179,1187,MsPacman
2,1175,1183,MsPacman
2,1171,1179,MsPacman
2,1167,1175,MsPacman
2,1163,1171,MsPacman
2,1159,1167,MsPacman
2,1155,1163,MsPacman
2,1151,1159,MsPacman
2,1147,1155,MsPacman
2,1143,1151,MsPacman
2,1139,1147,MsPacman
2,1135,1143,MsPacman
2,1131,1139,MsPacman
2,1127,1135,MsPacman
2,1123,1131,MsPacman
2,1119,1127,MsPacman
2,1115,1123,MsPacman
2,1111,1119,MsPacman
2,1107,1115,MsPacman
2,1103,1111,MsPacman
2,1099,1107,MsPacman
2,1095,1103,MsPacman
2,1091,1099,MsPacman
2,1087,1095,MsPacman
2,1083,1091,MsPacman
2,1079,1087,MsPacman
2,1075,1083,MsPacman
2,1071,1079,MsPacman
2,1067,1075,MsPacman
2,1063,1071,MsPacman
2,1059,1067,MsPacman
2,1055,1063,MsPacman
2,1051,1059,MsPacman
2,1047,1055,MsPacman
2,1043,1051,MsPacman
2,1039,1047,MsPacman
2,1035,1043,MsPacman
2,1031,1039,MsPacman
2,1027,1035,MsPacman
2,1023,1031,MsPacman
2,1019,1027,MsPacman
2,1015,1023,MsPacman
2,1011,1019,MsPacman
2,1007,1015,MsPacman
2,1003,1011,MsPacman
2,999,1007,MsPacman
2,995,1003,MsPacman
2,991,999,MsPacman
2,987,995,MsPacman
2,983,991,MsPacman
2,979,987,MsPacman
2,975,983,MsPacman
2,971,979,MsPacman
2,967,975,MsPacman
2,963,971,MsPacman
2,959,967,MsPacman
2,955,963,MsPacman
2,951,959,MsPacman
2,947,955,MsPacman
2,943,951,MsPacman
2,939,947,MsPacman
2,935,943,MsPacman
2,931,939,MsPacman
2,927,935,MsPacman
2,923,931,MsPacman
2,919,927,MsPacman
2,915,923,MsPacman
2,911,919,MsPacman
2,907,915,MsPacman
2,903,911,MsPacman
2,899,907,MsPacman
2,895,903,MsPacman
2,891,899,MsPacman
2,887,895,MsPacman
2,883,891,MsPacman
2,879,887,MsPacman
2,875,883,MsPacman
2,871,879,MsPacman
2,867,875,MsPacman
2,863,871,MsPacman
2,859,867,MsPacman
2,855,863,MsPacman
2,851,859,MsPacman
2,847,855,MsPacman
2,843,851,MsPacman
2,839,847,MsPacman
2,835,843,MsPacman
2,831,839,MsPacman
2,827,835,MsPacman
2,823,831,MsPacman
2,819,827,MsPacman
2,815,823,MsPacman
2,811,819,MsPacman
2,807,815,MsPacman
2,803,811,MsPacman
2,799,807,MsPacman
2,795,803,MsPacman
2,791,799,MsPacman
2,787,795,MsPacman
2,783,791,MsPacman
2,779,787,MsPacman
2,775,783,MsPacman
2,771,779,MsPacman
2,767,775,MsPacman
2,763,771,MsPacman
2,759,767,MsPacman
2,755,763,MsPacman
2,751,759,MsPacman
2,747,755,MsPacman
2,743,751,MsPacman
2,739,747,MsPacman
2,735,743,MsPacman
2,731,739,MsPacman
2,727,735,MsPacman
2,723,731,MsPacman
2,719,727,MsPacman
2,715,723,MsPacman
2,711,719,MsPacman
2,707,715,MsPacman
2,703,711,MsPacman
2,699,707,MsPacman
2,695,703,MsPacman
2,691,699,MsPacman
2,687,695,MsPacman
2,683,691,MsPacman
2,679,687,MsPacman
2,675,683,MsPacman
2,671,679,MsPacman
2,667,675,MsPacman
2,663,671,MsPacman
2,659,667,MsPacman
2,655,663,MsPacman
2,651,659,MsPacman
2,647,655,MsPacman
2,643,651,MsPacman
2,639,647,MsPacman
2,635,643,MsPacman
2,631,639,MsPacman
2,627,635,MsPacman
2,623,631,MsPacman
2,619,627,MsPacman
2,615,623,MsPacman
2,611,619,MsPacman
2,607,615,MsPacman
2,603,611,MsPacman
2,599,607,MsPacman
2,595,603,MsPacman
2,591,599,MsPacman
2,587,595,MsPacman
2,583,591,MsPacman
2,579,587,MsPacman
2,575,583,MsPacman
2,571,579,MsPacman
2,567,575,MsPacman
2,563,571,MsPacman
2,559,567,MsPacman
2,555,563,MsPacman
2,551,559,MsPacman
2,547,555,MsPacman
2,543,551,MsPacman
2,539,547,MsPacman
2,535,543,MsPacman
2,531,539,MsPacman
2,527,535,MsPacman
2,523,531,MsPacman
2,519,527,MsPacman
2,515,523,MsPacman
2,511,519,MsPacman
2,507,515,MsPacman
2,503,511,MsPacman
2,499,507,MsPacman
2,495,503,MsPacman
2,491,499,MsPacman
2,487,495,MsPacman
2,483,491,MsPacman
2,479,487,MsPacman
2,475,483,MsPacman
2,471,479,MsPacman
2,467,475,MsPacman
2,463,471,MsPacman
2,459,467,MsPacman
2,455,463,MsPacman
2,451,459,MsPacman
2,447,455,MsPacman
2,443,451,MsPacman
2,439,447,MsPacman
2,435,443,MsPacman
2,431,439,MsPacman
2,427,435,MsPacman
2,423,431,MsPacman
2,419,427,MsPacman
2,415,423,MsPacman
2,411,419,MsPacman
2,407,415,MsPacman
2,403,411,MsPacman
2,399,407,MsPacman
2,395,403,MsPacman
2,391,399,MsPacman
2,387,395,MsPacman
2,383,391,MsPacman
2,379,387,MsPacman
2,375,383,MsPacman
2,371,379,MsPacman
2,367,375,MsPacman
2,363,371,MsPacman
2,359,367,MsPacman
2,355,363,MsPacman
2,351,359,MsPacman
2,347,355,MsPacman
2,343,351,MsPacman
2,339,347,MsPacman
2,335,343,MsPacman
2,331,339,MsPacman
2,327,335,MsPacman
2,323,331,MsPacman
2,319,327,MsPacman
2,315,323,MsPacman
2,311,319,MsPacman
2,307,315,MsPacman
2,303,311,MsPacman
2,299,307,MsPacman
2,295,303,MsPacman
2,291,299,MsPacman
2,287,295,MsPacman
2,283,291,MsPacman
2,279,287,MsPacman
2,275,283,MsPacman
2,271,279,MsPacman
2,267,275,MsPacman
2,263,271,MsPacman
2,259,267,MsPacman
2,255,263,MsPacman
2,251,259,MsPacman
2,247,255,MsPacman
2,243,251,MsPacman
2,239,247,MsPacman
2,235,243,MsPacman
2,231,239,MsPacman
2,227,235,MsPacman
2,223,231,MsPacman
2,219,227,MsPacman
2,215,223,MsPacman
2,211,219,MsPacman
2,207,215,MsPacman
2,203,211,MsPacman
2,199,207,MsPacman
2,195,203,MsPacman
2,191,199,MsPacman
2,187,195,MsPacman
2,183,191,MsPacman
2,179,187,MsPacman
2,175,183,MsPacman
2,171,179,MsPacman
2,167,175,MsPacman
2,163,171,MsPacman
2,159,167,MsPacman
2,155,163,MsPacman
2,151,159,MsPacman
2,147,155,MsPacman
2,143,151,MsPacman
2,139,147,MsPacman
2,135,143,MsPacman
2,131,139,MsPacman
2,127,135,MsPacman
2,123,131,MsPacman
2,119,127,MsPacman
2,115,123,MsPacman
2,111,119,MsPacman
2,107,115,MsPacman
2,103,111,MsPacman
2,99,107,MsPacman
2,95,103,MsPacman
2,91,99,MsPacman
2,87,95,MsPacman
2,83,91,MsPacman
2,79,87,MsPacman
2,75,83,MsPacman
2,71,79,MsPacman
2,67,75,MsPacman
2,63,71,MsPacman
2,59,67,MsPacman
2,55,63,MsPacman
2,51,59,MsPacman
2,47,55,MsPacman
2,43,51,MsPacman
2,39,47,MsPacman
2,35,43,MsPacman
2,31,39,MsPacman
2,27,35,MsPacman
2,23,31,MsPacman
2,19,27,MsPacman
2,15,23,MsPacman
2,11,19,MsPacman
2,7,15,MsPacman
2,3,11,MsPacman
2,-1,7,MsPacman
2,-5,3,MsPacman
3,867,875,MsPacman
3,863,871,MsPacman
3,859,867,MsPacman
3,855,863,MsPacman
3,851,859,MsPacman
3,847,855,MsPacman
3,843,851,MsPacman
3,839,847,MsPacman
3,835,843,MsPacman
3,831,839,MsPacman
3,827,835,MsPacman
3,823,831,MsPacman
3,819,827,MsPacman
3,815,823,MsPacman
3,811,819,MsPacman
3,807,815,MsPacman
3,803,811,MsPacman
3,799,807,MsPacman
3,795,803,MsPacman
3,791,799,MsPacman
3,787,795,MsPacman
3,783,791,MsPacman
3,779,787,MsPacman
3,775,783,MsPacman
3,771,779,MsPacman
3,767,775,MsPacman
3,763,771,MsPacman
3,759,767,MsPacman
3,755,763,MsPacman
3,751,759,MsPacman
3,747,755,MsPacman
3,743,751,MsPacman
3,739,747,MsPacman
3,735,743,MsPacman
3,731,739,MsPacman
3,727,735,MsPacman
3,723,731,MsPacman
3,719,727,MsPacman
3,715,723,MsPacman
3,711,719,MsPacman
3,707,715,MsPacman
3,703,711,MsPacman
3,699,707,MsPacman
3,695,703,MsPacman
3,691,699,MsPacman
3,687,695,MsPacman
3,683,691,MsPacman
3,679,687,MsPacman
3,675,683,MsPacman
3,671,679,MsPacman
3,667,675,MsPacman
3,663,671,MsPacman
3,659,667,MsPacman
3,655,663,MsPacman
3,651,659,MsPacman
3,647,655,MsPacman
3,643,651,MsPacman
3,639,647,MsPacman
3,635,643,MsPacman
3,631,639,MsPacman
3,627,635,MsPacman
3,623,631,MsPacman
3,619,627,MsPacman
3,615,623,MsPacman
3,611,619,MsPacman
3,607,615,MsPacman
3,603,611,MsPacman
3,599,607,MsPacman
3,595,603,MsPacman
3,591,599,MsPacman
3,587,595,MsPacman
3,583,591,MsPacman
3,579,587,MsPacman
3,575,583,MsPacman
3,571,579,MsPacman
3,567,575,MsPacman
3,563,571,MsPacman
3,559,567,MsPacman
3,555,563,MsPacman
3,551,559,MsPacman
3,547,555,MsPacman
3,543,551,MsPacman
3,539,547,MsPacman
3,535,543,MsPacman
3,531,539,MsPacman
3,527,535,MsPacman
3,523,531,MsPacman
3,519,527,MsPacman
3,515,523,MsPacman
3,511,519,MsPacman
3,507,515,MsPacman
3,503,511,MsPacman
3,499,507,MsPacman
3,495,503,MsPacman
3,491,499,MsPacman
3,487,495,MsPacman
3,483,491,MsPacman
3,479,487,MsPacman
3,475,483,MsPacman
3,471,479,MsPacman
3,467,475,MsPacman
3,463,471,MsPacman
3,459,467,MsPacman
3,455,463,MsPacman
3,451,459,MsPacman
3,447,455,MsPacman
3,443,451,MsPacman
3,439,447,MsPacman
3,435,443,MsPacman
3,431,439,MsPacman
3,427,435,MsPacman
3,423,431,MsPacman
3,419,427,MsPacman
3,415,423,MsPacman
3,411,419,MsPacman
3,407,415,MsPacman
3,403,411,MsPacman
3,399,407,MsPacman
3,395,403,MsPacman
3,391,399,MsPacman
3,387,395,MsPacman
3,383,391,MsPacman
3,379,387,MsPacman
3,375,383,MsPacman
3,371,379,MsPacman
3,367,375,MsPacman
3,363,371,MsPacman
3,359,367,MsPacman
3,355,363,MsPacman
3,351,359,MsPacman
3,347,355,MsPacman
3,343,351,MsPacman
3,339,347,MsPacman
3,335,343,MsPacman
3,331,339,MsPacman
3,327,335,MsPacman
3,323,331,MsPacman
3,319,327,MsPacman
3,315,323,MsPacman
3,311,319,MsPacman
3,307,315,MsPacman
3,303,311,MsPacman
3,299,307,MsPacman
3,295,303,MsPacman
3,291,299,MsPacman
3,287,295,MsPacman
3,283,291,MsPacman
3,279,287,MsPacman
3,275,283,MsPacman
3,271,279,MsPacman
3,267,275,MsPacman
3,263,271,MsPacman
3,259,267,MsPacman
3,255,263,MsPacman
3,251,259,MsPacman
3,247,255,MsPacman
3,243,251,MsPacman
3,239,247,MsPacman
3,235,243,MsPacman
3,231,239,MsPacman
3,227,235,MsPacman
3,223,231,MsPacman
3,219,227,MsPacman
3,215,223,MsPacman
3,211,219,MsPacman
3,207,215,MsPacman
3,203,211,MsPacman
3,199,207,MsPacman
3,195,203,MsPacman
3,191,199,MsPacman
3,187,195,MsPacman
3,183,191,MsPacman
3,179,187,MsPacman
3,175,183,MsPacman
3,171,179,MsPacman
3,167,175,MsPacman
3,163,171,MsPacman
3,159,167,MsPacman
3,155,163,MsPacman
3,151,159,MsPacman
3,147,155,MsPacman
3,143,151,MsPacman
3,139,147,MsPacman
3,135,143,MsPacman
3,131,139,MsPacman
3,127,135,MsPacman
3,123,131,MsPacman
3,119,127,MsPacman
3,115,123,MsPacman
3,111,119,MsPacman
3,107,115,MsPacman
3,103,111,MsPacman
3,99,107,MsPacman
3,95,103,MsPacman
3,91,99,MsPacman
3,87,95,MsPacman
3,83,91,MsPacman
3,79,87,MsPacman
3,75,83,MsPacman
3,71,79,MsPacman
3,67,75,MsPacman
3,63,71,MsPacman
3,59,67,MsPacman
3,55,63,MsPacman
3,51,59,MsPacman
3,47,55,MsPacman
3,43,51,MsPacman
3,39,47,MsPacman
3,35,43,MsPacman
3,31,39,MsPacman
3,27,35,MsPacman
3,23,31,MsPacman
3,19,27,MsPacman
3,15,23,MsPacman
3,11,19,MsPacman
3,7,15,MsPacman
3,3,11,MsPacman
3,-1,7,MsPacman
3,-5,3,MsPacman
