Episode index,Start index,End index,Environment
0,777,785,YarsRevenge
0,773,781,YarsRevenge
0,769,777,YarsRevenge
0,765,773,YarsRevenge
0,761,769,YarsRevenge
0,757,765,YarsRevenge
0,753,761,YarsRevenge
0,749,757,YarsRevenge
0,745,753,YarsRevenge
0,741,749,YarsRevenge
0,737,745,YarsRevenge
0,733,741,YarsRevenge
0,729,737,YarsRevenge
0,725,733,YarsRevenge
0,721,729,YarsRevenge
0,717,725,YarsRevenge
0,713,721,YarsRevenge
0,709,717,YarsRevenge
0,705,713,YarsRevenge
0,701,709,YarsRevenge
0,697,705,YarsRevenge
0,693,701,YarsRevenge
0,689,697,YarsRevenge
0,685,693,YarsRevenge
0,681,689,YarsRevenge
0,677,685,YarsRevenge
0,673,681,YarsRevenge
0,669,677,YarsRevenge
0,665,673,YarsRevenge
0,661,669,YarsRevenge
0,657,665,YarsRevenge
0,653,661,YarsRevenge
0,649,657,YarsRevenge
0,645,653,YarsRevenge
0,641,649,YarsRevenge
0,637,645,YarsRevenge
0,633,641,YarsRevenge
0,629,637,YarsRevenge
0,625,633,YarsRevenge
0,621,629,YarsRevenge
0,617,625,YarsRevenge
0,613,621,YarsRevenge
0,609,617,YarsRevenge
0,605,613,YarsRevenge
0,601,609,YarsRevenge
0,597,605,YarsRevenge
0,593,601,YarsRevenge
0,589,597,YarsRevenge
0,585,593,YarsRevenge
0,581,589,YarsRevenge
0,577,585,YarsRevenge
0,573,581,YarsRevenge
0,569,577,YarsRevenge
0,565,573,YarsRevenge
0,561,569,YarsRevenge
0,557,565,YarsRevenge
0,553,561,YarsRevenge
0,549,557,YarsRevenge
0,545,553,YarsRevenge
0,541,549,YarsRevenge
0,537,545,YarsRevenge
0,533,541,YarsRevenge
0,529,537,YarsRevenge
0,525,533,YarsRevenge
0,521,529,YarsRevenge
0,517,525,YarsRevenge
0,513,521,YarsRevenge
0,509,517,YarsRevenge
0,505,513,YarsRevenge
0,501,509,YarsRevenge
0,497,505,YarsRevenge
0,493,501,YarsRevenge
0,489,497,YarsRevenge
0,485,493,YarsRevenge
0,481,489,YarsRevenge
0,477,485,YarsRevenge
0,473,481,YarsRevenge
0,469,477,YarsRevenge
0,465,473,YarsRevenge
0,461,469,YarsRevenge
0,457,465,YarsRevenge
0,453,461,YarsRevenge
0,449,457,YarsRevenge
0,445,453,YarsRevenge
0,441,449,YarsRevenge
0,437,445,YarsRevenge
0,433,441,YarsRevenge
0,429,437,YarsRevenge
0,425,433,YarsRevenge
0,421,429,YarsRevenge
0,417,425,YarsRevenge
0,413,421,YarsRevenge
0,409,417,YarsRevenge
0,405,413,YarsRevenge
0,401,409,YarsRevenge
0,397,405,YarsRevenge
0,393,401,YarsRevenge
0,389,397,YarsRevenge
0,385,393,YarsRevenge
0,381,389,YarsRevenge
0,377,385,YarsRevenge
0,373,381,YarsRevenge
0,369,377,YarsRevenge
0,365,373,YarsRevenge
0,361,369,YarsRevenge
0,357,365,YarsRevenge
0,353,361,YarsRevenge
0,349,357,YarsRevenge
0,345,353,YarsRevenge
0,341,349,YarsRevenge
0,337,345,YarsRevenge
0,333,341,YarsRevenge
0,329,337,YarsRevenge
0,325,333,YarsRevenge
0,321,329,YarsRevenge
0,317,325,YarsRevenge
0,313,321,YarsRevenge
0,309,317,YarsRevenge
0,305,313,YarsRevenge
0,301,309,YarsRevenge
0,297,305,YarsRevenge
0,293,301,YarsRevenge
0,289,297,YarsRevenge
0,285,293,YarsRevenge
0,281,289,YarsRevenge
0,277,285,YarsRevenge
0,273,281,YarsRevenge
0,269,277,YarsRevenge
0,265,273,YarsRevenge
0,261,269,YarsRevenge
0,257,265,YarsRevenge
0,253,261,YarsRevenge
0,249,257,YarsRevenge
0,245,253,YarsRevenge
0,241,249,YarsRevenge
0,237,245,YarsRevenge
0,233,241,YarsRevenge
0,229,237,YarsRevenge
0,225,233,YarsRevenge
0,221,229,YarsRevenge
0,217,225,YarsRevenge
0,213,221,YarsRevenge
0,209,217,YarsRevenge
0,205,213,YarsRevenge
0,201,209,YarsRevenge
0,197,205,YarsRevenge
0,193,201,YarsRevenge
0,189,197,YarsRevenge
0,185,193,YarsRevenge
0,181,189,YarsRevenge
0,177,185,YarsRevenge
0,173,181,YarsRevenge
0,169,177,YarsRevenge
0,165,173,YarsRevenge
0,161,169,YarsRevenge
0,157,165,YarsRevenge
0,153,161,YarsRevenge
0,149,157,YarsRevenge
0,145,153,YarsRevenge
0,141,149,YarsRevenge
0,137,145,YarsRevenge
0,133,141,YarsRevenge
0,129,137,YarsRevenge
0,125,133,YarsRevenge
0,121,129,YarsRevenge
0,117,125,YarsRevenge
0,113,121,YarsRevenge
0,109,117,YarsRevenge
0,105,113,YarsRevenge
0,101,109,YarsRevenge
0,97,105,YarsRevenge
0,93,101,YarsRevenge
0,89,97,YarsRevenge
0,85,93,YarsRevenge
0,81,89,YarsRevenge
0,77,85,YarsRevenge
0,73,81,YarsRevenge
0,69,77,YarsRevenge
0,65,73,YarsRevenge
0,61,69,YarsRevenge
0,57,65,YarsRevenge
0,53,61,YarsRevenge
0,49,57,YarsRevenge
0,45,53,YarsRevenge
0,41,49,YarsRevenge
0,37,45,YarsRevenge
0,33,41,YarsRevenge
0,29,37,YarsRevenge
0,25,33,YarsRevenge
0,21,29,YarsRevenge
0,17,25,YarsRevenge
0,13,21,YarsRevenge
0,9,17,YarsRevenge
0,5,13,YarsRevenge
0,1,9,YarsRevenge
0,-3,5,YarsRevenge
0,-7,1,YarsRevenge
1,1417,1425,YarsRevenge
1,1413,1421,YarsRevenge
1,1409,1417,YarsRevenge
1,1405,1413,YarsRevenge
1,1401,1409,YarsRevenge
1,1397,1405,YarsRevenge
1,1393,1401,YarsRevenge
1,1389,1397,YarsRevenge
1,1385,1393,YarsRevenge
1,1381,1389,YarsRevenge
1,1377,1385,YarsRevenge
1,1373,1381,YarsRevenge
1,1369,1377,YarsRevenge
1,1365,1373,YarsRevenge
1,1361,1369,YarsRevenge
1,1357,1365,YarsRevenge
1,1353,1361,YarsRevenge
1,1349,1357,YarsRevenge
1,1345,1353,YarsRevenge
1,1341,1349,YarsRevenge
1,1337,1345,YarsRevenge
1,1333,1341,YarsRevenge
1,1329,1337,YarsRevenge
1,1325,1333,YarsRevenge
1,1321,1329,YarsRevenge
1,1317,1325,YarsRevenge
1,1313,1321,YarsRevenge
1,1309,1317,YarsRevenge
1,1305,1313,YarsRevenge
1,1301,1309,YarsRevenge
1,1297,1305,YarsRevenge
1,1293,1301,YarsRevenge
1,1289,1297,YarsRevenge
1,1285,1293,YarsRevenge
1,1281,1289,YarsRevenge
1,1277,1285,YarsRevenge
1,1273,1281,YarsRevenge
1,1269,1277,YarsRevenge
1,1265,1273,YarsRevenge
1,1261,1269,YarsRevenge
1,1257,1265,YarsRevenge
1,1253,1261,YarsRevenge
1,1249,1257,YarsRevenge
1,1245,1253,YarsRevenge
1,1241,1249,YarsRevenge
1,1237,1245,YarsRevenge
1,1233,1241,YarsRevenge
1,1229,1237,YarsRevenge
1,1225,1233,YarsRevenge
1,1221,1229,YarsRevenge
1,1217,1225,YarsRevenge
1,1213,1221,YarsRevenge
1,1209,1217,YarsRevenge
1,1205,1213,YarsRevenge
1,1201,1209,YarsRevenge
1,1197,1205,YarsRevenge
1,1193,1201,YarsRevenge
1,1189,1197,YarsRevenge
1,1185,1193,YarsRevenge
1,1181,1189,YarsRevenge
1,1177,1185,YarsRevenge
1,1173,1181,YarsRevenge
1,1169,1177,YarsRevenge
1,1165,1173,YarsRevenge
1,1161,1169,YarsRevenge
1,1157,1165,YarsRevenge
1,1153,1161,YarsRevenge
1,1149,1157,YarsRevenge
1,1145,1153,YarsRevenge
1,1141,1149,YarsRevenge
1,1137,1145,YarsRevenge
1,1133,1141,YarsRevenge
1,1129,1137,YarsRevenge
1,1125,1133,YarsRevenge
1,1121,1129,YarsRevenge
1,1117,1125,YarsRevenge
1,1113,1121,YarsRevenge
1,1109,1117,YarsRevenge
1,1105,1113,YarsRevenge
1,1101,1109,YarsRevenge
1,1097,1105,YarsRevenge
1,1093,1101,YarsRevenge
1,1089,1097,YarsRevenge
1,1085,1093,YarsRevenge
1,1081,1089,YarsRevenge
1,1077,1085,YarsRevenge
1,1073,1081,YarsRevenge
1,1069,1077,YarsRevenge
1,1065,1073,YarsRevenge
1,1061,1069,YarsRevenge
1,1057,1065,YarsRevenge
1,1053,1061,YarsRevenge
1,1049,1057,YarsRevenge
1,1045,1053,YarsRevenge
1,1041,1049,YarsRevenge
1,1037,1045,YarsRevenge
1,1033,1041,YarsRevenge
1,1029,1037,YarsRevenge
1,1025,1033,YarsRevenge
1,1021,1029,YarsRevenge
1,1017,1025,YarsRevenge
1,1013,1021,YarsRevenge
1,1009,1017,YarsRevenge
1,1005,1013,YarsRevenge
1,1001,1009,YarsRevenge
1,997,1005,YarsRevenge
1,993,1001,YarsRevenge
1,989,997,YarsRevenge
1,985,993,YarsRevenge
1,981,989,YarsRevenge
1,977,985,YarsRevenge
1,973,981,YarsRevenge
1,969,977,YarsRevenge
1,965,973,YarsRevenge
1,961,969,YarsRevenge
1,957,965,YarsRevenge
1,953,961,YarsRevenge
1,949,957,YarsRevenge
1,945,953,YarsRevenge
1,941,949,YarsRevenge
1,937,945,YarsRevenge
1,933,941,YarsRevenge
1,929,937,YarsRevenge
1,925,933,YarsRevenge
1,921,929,YarsRevenge
1,917,925,YarsRevenge
1,913,921,YarsRevenge
1,909,917,YarsRevenge
1,905,913,YarsRevenge
1,901,909,YarsRevenge
1,897,905,YarsRevenge
1,893,901,YarsRevenge
1,889,897,YarsRevenge
1,885,893,YarsRevenge
1,881,889,YarsRevenge
1,877,885,YarsRevenge
1,873,881,YarsRevenge
1,869,877,YarsRevenge
1,865,873,YarsRevenge
1,861,869,YarsRevenge
1,857,865,YarsRevenge
1,853,861,YarsRevenge
1,849,857,YarsRevenge
1,845,853,YarsRevenge
1,841,849,YarsRevenge
1,837,845,YarsRevenge
1,833,841,YarsRevenge
1,829,837,YarsRevenge
1,825,833,YarsRevenge
1,821,829,YarsRevenge
1,817,825,YarsRevenge
1,813,821,YarsRevenge
1,809,817,YarsRevenge
1,805,813,YarsRevenge
1,801,809,YarsRevenge
1,797,805,YarsRevenge
1,793,801,YarsRevenge
1,789,797,YarsRevenge
1,785,793,YarsRevenge
1,781,789,YarsRevenge
1,777,785,YarsRevenge
1,773,781,YarsRevenge
1,769,777,YarsRevenge
1,765,773,YarsRevenge
1,761,769,YarsRevenge
1,757,765,YarsRevenge
1,753,761,YarsRevenge
1,749,757,YarsRevenge
1,745,753,YarsRevenge
1,741,749,YarsRevenge
1,737,745,YarsRevenge
1,733,741,YarsRevenge
1,729,737,YarsRevenge
1,725,733,YarsRevenge
1,721,729,YarsRevenge
1,717,725,YarsRevenge
1,713,721,YarsRevenge
1,709,717,YarsRevenge
1,705,713,YarsRevenge
1,701,709,YarsRevenge
1,697,705,YarsRevenge
1,693,701,YarsRevenge
1,689,697,YarsRevenge
1,685,693,YarsRevenge
1,681,689,YarsRevenge
1,677,685,YarsRevenge
1,673,681,YarsRevenge
1,669,677,YarsRevenge
1,665,673,YarsRevenge
1,661,669,YarsRevenge
1,657,665,YarsRevenge
1,653,661,YarsRevenge
1,649,657,YarsRevenge
1,645,653,YarsRevenge
1,641,649,YarsRevenge
1,637,645,YarsRevenge
1,633,641,YarsRevenge
1,629,637,YarsRevenge
1,625,633,YarsRevenge
1,621,629,YarsRevenge
1,617,625,YarsRevenge
1,613,621,YarsRevenge
1,609,617,YarsRevenge
1,605,613,YarsRevenge
1,601,609,YarsRevenge
1,597,605,YarsRevenge
1,593,601,YarsRevenge
1,589,597,YarsRevenge
1,585,593,YarsRevenge
1,581,589,YarsRevenge
1,577,585,YarsRevenge
1,573,581,YarsRevenge
1,569,577,YarsRevenge
1,565,573,YarsRevenge
1,561,569,YarsRevenge
1,557,565,YarsRevenge
1,553,561,YarsRevenge
1,549,557,YarsRevenge
1,545,553,YarsRevenge
1,541,549,YarsRevenge
1,537,545,YarsRevenge
1,533,541,YarsRevenge
1,529,537,YarsRevenge
1,525,533,YarsRevenge
1,521,529,YarsRevenge
1,517,525,YarsRevenge
1,513,521,YarsRevenge
1,509,517,YarsRevenge
1,505,513,YarsRevenge
1,501,509,YarsRevenge
1,497,505,YarsRevenge
1,493,501,YarsRevenge
1,489,497,YarsRevenge
1,485,493,YarsRevenge
1,481,489,YarsRevenge
1,477,485,YarsRevenge
1,473,481,YarsRevenge
1,469,477,YarsRevenge
1,465,473,YarsRevenge
1,461,469,YarsRevenge
1,457,465,YarsRevenge
1,453,461,YarsRevenge
1,449,457,YarsRevenge
1,445,453,YarsRevenge
1,441,449,YarsRevenge
1,437,445,YarsRevenge
1,433,441,YarsRevenge
1,429,437,YarsRevenge
1,425,433,YarsRevenge
1,421,429,YarsRevenge
1,417,425,YarsRevenge
1,413,421,YarsRevenge
1,409,417,YarsRevenge
1,405,413,YarsRevenge
1,401,409,YarsRevenge
1,397,405,YarsRevenge
1,393,401,YarsRevenge
1,389,397,YarsRevenge
1,385,393,YarsRevenge
1,381,389,YarsRevenge
1,377,385,YarsRevenge
1,373,381,YarsRevenge
1,369,377,YarsRevenge
1,365,373,YarsRevenge
1,361,369,YarsRevenge
1,357,365,YarsRevenge
1,353,361,YarsRevenge
1,349,357,YarsRevenge
1,345,353,YarsRevenge
1,341,349,YarsRevenge
1,337,345,YarsRevenge
1,333,341,YarsRevenge
1,329,337,YarsRevenge
1,325,333,YarsRevenge
1,321,329,YarsRevenge
1,317,325,YarsRevenge
1,313,321,YarsRevenge
1,309,317,YarsRevenge
1,305,313,YarsRevenge
1,301,309,YarsRevenge
1,297,305,YarsRevenge
1,293,301,YarsRevenge
1,289,297,YarsRevenge
1,285,293,YarsRevenge
1,281,289,YarsRevenge
1,277,285,YarsRevenge
1,273,281,YarsRevenge
1,269,277,YarsRevenge
1,265,273,YarsRevenge
1,261,269,YarsRevenge
1,257,265,YarsRevenge
1,253,261,YarsRevenge
1,249,257,YarsRevenge
1,245,253,YarsRevenge
1,241,249,YarsRevenge
1,237,245,YarsRevenge
1,233,241,YarsRevenge
1,229,237,YarsRevenge
1,225,233,YarsRevenge
1,221,229,YarsRevenge
1,217,225,YarsRevenge
1,213,221,YarsRevenge
1,209,217,YarsRevenge
1,205,213,YarsRevenge
1,201,209,YarsRevenge
1,197,205,YarsRevenge
1,193,201,YarsRevenge
1,189,197,YarsRevenge
1,185,193,YarsRevenge
1,181,189,YarsRevenge
1,177,185,YarsRevenge
1,173,181,YarsRevenge
1,169,177,YarsRevenge
1,165,173,YarsRevenge
1,161,169,YarsRevenge
1,157,165,YarsRevenge
1,153,161,YarsRevenge
1,149,157,YarsRevenge
1,145,153,YarsRevenge
1,141,149,YarsRevenge
1,137,145,YarsRevenge
1,133,141,YarsRevenge
1,129,137,YarsRevenge
1,125,133,YarsRevenge
1,121,129,YarsRevenge
1,117,125,YarsRevenge
1,113,121,YarsRevenge
1,109,117,YarsRevenge
1,105,113,YarsRevenge
1,101,109,YarsRevenge
1,97,105,YarsRevenge
1,93,101,YarsRevenge
1,89,97,YarsRevenge
1,85,93,YarsRevenge
1,81,89,YarsRevenge
1,77,85,YarsRevenge
1,73,81,YarsRevenge
1,69,77,YarsRevenge
1,65,73,YarsRevenge
1,61,69,YarsRevenge
1,57,65,YarsRevenge
1,53,61,YarsRevenge
1,49,57,YarsRevenge
1,45,53,YarsRevenge
1,41,49,YarsRevenge
1,37,45,YarsRevenge
1,33,41,YarsRevenge
1,29,37,YarsRevenge
1,25,33,YarsRevenge
1,21,29,YarsRevenge
1,17,25,YarsRevenge
1,13,21,YarsRevenge
1,9,17,YarsRevenge
1,5,13,YarsRevenge
1,1,9,YarsRevenge
1,-3,5,YarsRevenge
1,-7,1,YarsRevenge
2,921,929,YarsRevenge
2,917,925,YarsRevenge
2,913,921,YarsRevenge
2,909,917,YarsRevenge
2,905,913,YarsRevenge
2,901,909,YarsRevenge
2,897,905,YarsRevenge
2,893,901,YarsRevenge
2,889,897,YarsRevenge
2,885,893,YarsRevenge
2,881,889,YarsRevenge
2,877,885,YarsRevenge
2,873,881,YarsRevenge
2,869,877,YarsRevenge
2,865,873,YarsRevenge
2,861,869,YarsRevenge
2,857,865,YarsRevenge
2,853,861,YarsRevenge
2,849,857,YarsRevenge
2,845,853,YarsRevenge
2,841,849,YarsRevenge
2,837,845,YarsRevenge
2,833,841,YarsRevenge
2,829,837,YarsRevenge
2,825,833,YarsRevenge
2,821,829,YarsRevenge
2,817,825,YarsRevenge
2,813,821,YarsRevenge
2,809,817,YarsRevenge
2,805,813,YarsRevenge
2,801,809,YarsRevenge
2,797,805,YarsRevenge
2,793,801,YarsRevenge
2,789,797,YarsRevenge
2,785,793,YarsRevenge
2,781,789,YarsRevenge
2,777,785,YarsRevenge
2,773,781,YarsRevenge
2,769,777,YarsRevenge
2,765,773,YarsRevenge
2,761,769,YarsRevenge
2,757,765,YarsRevenge
2,753,761,YarsRevenge
2,749,757,YarsRevenge
2,745,753,YarsRevenge
2,741,749,YarsRevenge
2,737,745,YarsRevenge
2,733,741,YarsRevenge
2,729,737,YarsRevenge
2,725,733,YarsRevenge
2,721,729,YarsRevenge
2,717,725,YarsRevenge
2,713,721,YarsRevenge
2,709,717,YarsRevenge
2,705,713,YarsRevenge
2,701,709,YarsRevenge
2,697,705,YarsRevenge
2,693,701,YarsRevenge
2,689,697,YarsRevenge
2,685,693,YarsRevenge
2,681,689,YarsRevenge
2,677,685,YarsRevenge
2,673,681,YarsRevenge
2,669,677,YarsRevenge
2,665,673,YarsRevenge
2,661,669,YarsRevenge
2,657,665,YarsRevenge
2,653,661,YarsRevenge
2,649,657,YarsRevenge
2,645,653,YarsRevenge
2,641,649,YarsRevenge
2,637,645,YarsRevenge
2,633,641,YarsRevenge
2,629,637,YarsRevenge
2,625,633,YarsRevenge
2,621,629,YarsRevenge
2,617,625,YarsRevenge
2,613,621,YarsRevenge
2,609,617,YarsRevenge
2,605,613,YarsRevenge
2,601,609,YarsRevenge
2,597,605,YarsRevenge
2,593,601,YarsRevenge
2,589,597,YarsRevenge
2,585,593,YarsRevenge
2,581,589,YarsRevenge
2,577,585,YarsRevenge
2,573,581,YarsRevenge
2,569,577,YarsRevenge
2,565,573,YarsRevenge
2,561,569,YarsRevenge
2,557,565,YarsRevenge
2,553,561,YarsRevenge
2,549,557,YarsRevenge
2,545,553,YarsRevenge
2,541,549,YarsRevenge
2,537,545,YarsRevenge
2,533,541,YarsRevenge
2,529,537,YarsRevenge
2,525,533,YarsRevenge
2,521,529,YarsRevenge
2,517,525,YarsRevenge
2,513,521,YarsRevenge
2,509,517,YarsRevenge
2,505,513,YarsRevenge
2,501,509,YarsRevenge
2,497,505,YarsRevenge
2,493,501,YarsRevenge
2,489,497,YarsRevenge
2,485,493,YarsRevenge
2,481,489,YarsRevenge
2,477,485,YarsRevenge
2,473,481,YarsRevenge
2,469,477,YarsRevenge
2,465,473,YarsRevenge
2,461,469,YarsRevenge
2,457,465,YarsRevenge
2,453,461,YarsRevenge
2,449,457,YarsRevenge
2,445,453,YarsRevenge
2,441,449,YarsRevenge
2,437,445,YarsRevenge
2,433,441,YarsRevenge
2,429,437,YarsRevenge
2,425,433,YarsRevenge
2,421,429,YarsRevenge
2,417,425,YarsRevenge
2,413,421,YarsRevenge
2,409,417,YarsRevenge
2,405,413,YarsRevenge
2,401,409,YarsRevenge
2,397,405,YarsRevenge
2,393,401,YarsRevenge
2,389,397,YarsRevenge
2,385,393,YarsRevenge
2,381,389,YarsRevenge
2,377,385,YarsRevenge
2,373,381,YarsRevenge
2,369,377,YarsRevenge
2,365,373,YarsRevenge
2,361,369,YarsRevenge
2,357,365,YarsRevenge
2,353,361,YarsRevenge
2,349,357,YarsRevenge
2,345,353,YarsRevenge
2,341,349,YarsRevenge
2,337,345,YarsRevenge
2,333,341,YarsRevenge
2,329,337,YarsRevenge
2,325,333,YarsRevenge
2,321,329,YarsRevenge
2,317,325,YarsRevenge
2,313,321,YarsRevenge
2,309,317,YarsRevenge
2,305,313,YarsRevenge
2,301,309,YarsRevenge
2,297,305,YarsRevenge
2,293,301,YarsRevenge
2,289,297,YarsRevenge
2,285,293,YarsRevenge
2,281,289,YarsRevenge
2,277,285,YarsRevenge
2,273,281,YarsRevenge
2,269,277,YarsRevenge
2,265,273,YarsRevenge
2,261,269,YarsRevenge
2,257,265,YarsRevenge
2,253,261,YarsRevenge
2,249,257,YarsRevenge
2,245,253,YarsRevenge
2,241,249,YarsRevenge
2,237,245,YarsRevenge
2,233,241,YarsRevenge
2,229,237,YarsRevenge
2,225,233,YarsRevenge
2,221,229,YarsRevenge
2,217,225,YarsRevenge
2,213,221,YarsRevenge
2,209,217,YarsRevenge
2,205,213,YarsRevenge
2,201,209,YarsRevenge
2,197,205,YarsRevenge
2,193,201,YarsRevenge
2,189,197,YarsRevenge
2,185,193,YarsRevenge
2,181,189,YarsRevenge
2,177,185,YarsRevenge
2,173,181,YarsRevenge
2,169,177,YarsRevenge
2,165,173,YarsRevenge
2,161,169,YarsRevenge
2,157,165,YarsRevenge
2,153,161,YarsRevenge
2,149,157,YarsRevenge
2,145,153,YarsRevenge
2,141,149,YarsRevenge
2,137,145,YarsRevenge
2,133,141,YarsRevenge
2,129,137,YarsRevenge
2,125,133,YarsRevenge
2,121,129,YarsRevenge
2,117,125,YarsRevenge
2,113,121,YarsRevenge
2,109,117,YarsRevenge
2,105,113,YarsRevenge
2,101,109,YarsRevenge
2,97,105,YarsRevenge
2,93,101,YarsRevenge
2,89,97,YarsRevenge
2,85,93,YarsRevenge
2,81,89,YarsRevenge
2,77,85,YarsRevenge
2,73,81,YarsRevenge
2,69,77,YarsRevenge
2,65,73,YarsRevenge
2,61,69,YarsRevenge
2,57,65,YarsRevenge
2,53,61,YarsRevenge
2,49,57,YarsRevenge
2,45,53,YarsRevenge
2,41,49,YarsRevenge
2,37,45,YarsRevenge
2,33,41,YarsRevenge
2,29,37,YarsRevenge
2,25,33,YarsRevenge
2,21,29,YarsRevenge
2,17,25,YarsRevenge
2,13,21,YarsRevenge
2,9,17,YarsRevenge
2,5,13,YarsRevenge
2,1,9,YarsRevenge
2,-3,5,YarsRevenge
2,-7,1,YarsRevenge
3,1310,1318,YarsRevenge
3,1306,1314,YarsRevenge
3,1302,1310,YarsRevenge
3,1298,1306,YarsRevenge
3,1294,1302,YarsRevenge
3,1290,1298,YarsRevenge
3,1286,1294,YarsRevenge
3,1282,1290,YarsRevenge
3,1278,1286,YarsRevenge
3,1274,1282,YarsRevenge
3,1270,1278,YarsRevenge
3,1266,1274,YarsRevenge
3,1262,1270,YarsRevenge
3,1258,1266,YarsRevenge
3,1254,1262,YarsRevenge
3,1250,1258,YarsRevenge
3,1246,1254,YarsRevenge
3,1242,1250,YarsRevenge
3,1238,1246,YarsRevenge
3,1234,1242,YarsRevenge
3,1230,1238,YarsRevenge
3,1226,1234,YarsRevenge
3,1222,1230,YarsRevenge
3,1218,1226,YarsRevenge
3,1214,1222,YarsRevenge
3,1210,1218,YarsRevenge
3,1206,1214,YarsRevenge
3,1202,1210,YarsRevenge
3,1198,1206,YarsRevenge
3,1194,1202,YarsRevenge
3,1190,1198,YarsRevenge
3,1186,1194,YarsRevenge
3,1182,1190,YarsRevenge
3,1178,1186,YarsRevenge
3,1174,1182,YarsRevenge
3,1170,1178,YarsRevenge
3,1166,1174,YarsRevenge
3,1162,1170,YarsRevenge
3,1158,1166,YarsRevenge
3,1154,1162,YarsRevenge
3,1150,1158,YarsRevenge
3,1146,1154,YarsRevenge
3,1142,1150,YarsRevenge
3,1138,1146,YarsRevenge
3,1134,1142,YarsRevenge
3,1130,1138,YarsRevenge
3,1126,1134,YarsRevenge
3,1122,1130,YarsRevenge
3,1118,1126,YarsRevenge
3,1114,1122,YarsRevenge
3,1110,1118,YarsRevenge
3,1106,1114,YarsRevenge
3,1102,1110,YarsRevenge
3,1098,1106,YarsRevenge
3,1094,1102,YarsRevenge
3,1090,1098,YarsRevenge
3,1086,1094,YarsRevenge
3,1082,1090,YarsRevenge
3,1078,1086,YarsRevenge
3,1074,1082,YarsRevenge
3,1070,1078,YarsRevenge
3,1066,1074,YarsRevenge
3,1062,1070,YarsRevenge
3,1058,1066,YarsRevenge
3,1054,1062,YarsRevenge
3,1050,1058,YarsRevenge
3,1046,1054,YarsRevenge
3,1042,1050,YarsRevenge
3,1038,1046,YarsRevenge
3,1034,1042,YarsRevenge
3,1030,1038,YarsRevenge
3,1026,1034,YarsRevenge
3,1022,1030,YarsRevenge
3,1018,1026,YarsRevenge
3,1014,1022,YarsRevenge
3,1010,1018,YarsRevenge
3,1006,1014,YarsRevenge
3,1002,1010,YarsRevenge
3,998,1006,YarsRevenge
3,994,1002,YarsRevenge
3,990,998,YarsRevenge
3,986,994,YarsRevenge
3,982,990,YarsRevenge
3,978,986,YarsRevenge
3,974,982,YarsRevenge
3,970,978,YarsRevenge
3,966,974,YarsRevenge
3,962,970,YarsRevenge
3,958,966,YarsRevenge
3,954,962,YarsRevenge
3,950,958,YarsRevenge
3,946,954,YarsRevenge
3,942,950,YarsRevenge
3,938,946,YarsRevenge
3,934,942,YarsRevenge
3,930,938,YarsRevenge
3,926,934,YarsRevenge
3,922,930,YarsRevenge
3,918,926,YarsRevenge
3,914,922,YarsRevenge
3,910,918,YarsRevenge
3,906,914,YarsRevenge
3,902,910,YarsRevenge
3,898,906,YarsRevenge
3,894,902,YarsRevenge
3,890,898,YarsRevenge
3,886,894,YarsRevenge
3,882,890,YarsRevenge
3,878,886,YarsRevenge
3,874,882,YarsRevenge
3,870,878,YarsRevenge
3,866,874,YarsRevenge
3,862,870,YarsRevenge
3,858,866,YarsRevenge
3,854,862,YarsRevenge
3,850,858,YarsRevenge
3,846,854,YarsRevenge
3,842,850,YarsRevenge
3,838,846,YarsRevenge
3,834,842,YarsRevenge
3,830,838,YarsRevenge
3,826,834,YarsRevenge
3,822,830,YarsRevenge
3,818,826,YarsRevenge
3,814,822,YarsRevenge
3,810,818,YarsRevenge
3,806,814,YarsRevenge
3,802,810,YarsRevenge
3,798,806,YarsRevenge
3,794,802,YarsRevenge
3,790,798,YarsRevenge
3,786,794,YarsRevenge
3,782,790,YarsRevenge
3,778,786,YarsRevenge
3,774,782,YarsRevenge
3,770,778,YarsRevenge
3,766,774,YarsRevenge
3,762,770,YarsRevenge
3,758,766,YarsRevenge
3,754,762,YarsRevenge
3,750,758,YarsRevenge
3,746,754,YarsRevenge
3,742,750,YarsRevenge
3,738,746,YarsRevenge
3,734,742,YarsRevenge
3,730,738,YarsRevenge
3,726,734,YarsRevenge
3,722,730,YarsRevenge
3,718,726,YarsRevenge
3,714,722,YarsRevenge
3,710,718,YarsRevenge
3,706,714,YarsRevenge
3,702,710,YarsRevenge
3,698,706,YarsRevenge
3,694,702,YarsRevenge
3,690,698,YarsRevenge
3,686,694,YarsRevenge
3,682,690,YarsRevenge
3,678,686,YarsRevenge
3,674,682,YarsRevenge
3,670,678,YarsRevenge
3,666,674,YarsRevenge
3,662,670,YarsRevenge
3,658,666,YarsRevenge
3,654,662,YarsRevenge
3,650,658,YarsRevenge
3,646,654,YarsRevenge
3,642,650,YarsRevenge
3,638,646,YarsRevenge
3,634,642,YarsRevenge
3,630,638,YarsRevenge
3,626,634,YarsRevenge
3,622,630,YarsRevenge
3,618,626,YarsRevenge
3,614,622,YarsRevenge
3,610,618,YarsRevenge
3,606,614,YarsRevenge
3,602,610,YarsRevenge
3,598,606,YarsRevenge
3,594,602,YarsRevenge
3,590,598,YarsRevenge
3,586,594,YarsRevenge
3,582,590,YarsRevenge
3,578,586,YarsRevenge
3,574,582,YarsRevenge
3,570,578,YarsRevenge
3,566,574,YarsRevenge
3,562,570,YarsRevenge
3,558,566,YarsRevenge
3,554,562,YarsRevenge
3,550,558,YarsRevenge
3,546,554,YarsRevenge
3,542,550,YarsRevenge
3,538,546,YarsRevenge
3,534,542,YarsRevenge
3,530,538,YarsRevenge
3,526,534,YarsRevenge
3,522,530,YarsRevenge
3,518,526,YarsRevenge
3,514,522,YarsRevenge
3,510,518,YarsRevenge
3,506,514,YarsRevenge
3,502,510,YarsRevenge
3,498,506,YarsRevenge
3,494,502,YarsRevenge
3,490,498,YarsRevenge
3,486,494,YarsRevenge
3,482,490,YarsRevenge
3,478,486,YarsRevenge
3,474,482,YarsRevenge
3,470,478,YarsRevenge
3,466,474,YarsRevenge
3,462,470,YarsRevenge
3,458,466,YarsRevenge
3,454,462,YarsRevenge
3,450,458,YarsRevenge
3,446,454,YarsRevenge
3,442,450,YarsRevenge
3,438,446,YarsRevenge
3,434,442,YarsRevenge
3,430,438,YarsRevenge
3,426,434,YarsRevenge
3,422,430,YarsRevenge
3,418,426,YarsRevenge
3,414,422,YarsRevenge
3,410,418,YarsRevenge
3,406,414,YarsRevenge
3,402,410,YarsRevenge
3,398,406,YarsRevenge
3,394,402,YarsRevenge
3,390,398,YarsRevenge
3,386,394,YarsRevenge
3,382,390,YarsRevenge
3,378,386,YarsRevenge
3,374,382,YarsRevenge
3,370,378,YarsRevenge
3,366,374,YarsRevenge
3,362,370,YarsRevenge
3,358,366,YarsRevenge
3,354,362,YarsRevenge
3,350,358,YarsRevenge
3,346,354,YarsRevenge
3,342,350,YarsRevenge
3,338,346,YarsRevenge
3,334,342,YarsRevenge
3,330,338,YarsRevenge
3,326,334,YarsRevenge
3,322,330,YarsRevenge
3,318,326,YarsRevenge
3,314,322,YarsRevenge
3,310,318,YarsRevenge
3,306,314,YarsRevenge
3,302,310,YarsRevenge
3,298,306,YarsRevenge
3,294,302,YarsRevenge
3,290,298,YarsRevenge
3,286,294,YarsRevenge
3,282,290,YarsRevenge
3,278,286,YarsRevenge
3,274,282,YarsRevenge
3,270,278,YarsRevenge
3,266,274,YarsRevenge
3,262,270,YarsRevenge
3,258,266,YarsRevenge
3,254,262,YarsRevenge
3,250,258,YarsRevenge
3,246,254,YarsRevenge
3,242,250,YarsRevenge
3,238,246,YarsRevenge
3,234,242,YarsRevenge
3,230,238,YarsRevenge
3,226,234,YarsRevenge
3,222,230,YarsRevenge
3,218,226,YarsRevenge
3,214,222,YarsRevenge
3,210,218,YarsRevenge
3,206,214,YarsRevenge
3,202,210,YarsRevenge
3,198,206,YarsRevenge
3,194,202,YarsRevenge
3,190,198,YarsRevenge
3,186,194,YarsRevenge
3,182,190,YarsRevenge
3,178,186,YarsRevenge
3,174,182,YarsRevenge
3,170,178,YarsRevenge
3,166,174,YarsRevenge
3,162,170,YarsRevenge
3,158,166,YarsRevenge
3,154,162,YarsRevenge
3,150,158,YarsRevenge
3,146,154,YarsRevenge
3,142,150,YarsRevenge
3,138,146,YarsRevenge
3,134,142,YarsRevenge
3,130,138,YarsRevenge
3,126,134,YarsRevenge
3,122,130,YarsRevenge
3,118,126,YarsRevenge
3,114,122,YarsRevenge
3,110,118,YarsRevenge
3,106,114,YarsRevenge
3,102,110,YarsRevenge
3,98,106,YarsRevenge
3,94,102,YarsRevenge
3,90,98,YarsRevenge
3,86,94,YarsRevenge
3,82,90,YarsRevenge
3,78,86,YarsRevenge
3,74,82,YarsRevenge
3,70,78,YarsRevenge
3,66,74,YarsRevenge
3,62,70,YarsRevenge
3,58,66,YarsRevenge
3,54,62,YarsRevenge
3,50,58,YarsRevenge
3,46,54,YarsRevenge
3,42,50,YarsRevenge
3,38,46,YarsRevenge
3,34,42,YarsRevenge
3,30,38,YarsRevenge
3,26,34,YarsRevenge
3,22,30,YarsRevenge
3,18,26,YarsRevenge
3,14,22,YarsRevenge
3,10,18,YarsRevenge
3,6,14,YarsRevenge
3,2,10,YarsRevenge
3,-2,6,YarsRevenge
3,-6,2,YarsRevenge
4,665,673,YarsRevenge
4,661,669,YarsRevenge
4,657,665,YarsRevenge
4,653,661,YarsRevenge
4,649,657,YarsRevenge
4,645,653,YarsRevenge
4,641,649,YarsRevenge
4,637,645,YarsRevenge
4,633,641,YarsRevenge
4,629,637,YarsRevenge
4,625,633,YarsRevenge
4,621,629,YarsRevenge
4,617,625,YarsRevenge
4,613,621,YarsRevenge
4,609,617,YarsRevenge
4,605,613,YarsRevenge
4,601,609,YarsRevenge
4,597,605,YarsRevenge
4,593,601,YarsRevenge
4,589,597,YarsRevenge
4,585,593,YarsRevenge
4,581,589,YarsRevenge
4,577,585,YarsRevenge
4,573,581,YarsRevenge
4,569,577,YarsRevenge
4,565,573,YarsRevenge
4,561,569,YarsRevenge
4,557,565,YarsRevenge
4,553,561,YarsRevenge
4,549,557,YarsRevenge
4,545,553,YarsRevenge
4,541,549,YarsRevenge
4,537,545,YarsRevenge
4,533,541,YarsRevenge
4,529,537,YarsRevenge
4,525,533,YarsRevenge
4,521,529,YarsRevenge
4,517,525,YarsRevenge
4,513,521,YarsRevenge
4,509,517,YarsRevenge
4,505,513,YarsRevenge
4,501,509,YarsRevenge
4,497,505,YarsRevenge
4,493,501,YarsRevenge
4,489,497,YarsRevenge
4,485,493,YarsRevenge
4,481,489,YarsRevenge
4,477,485,YarsRevenge
4,473,481,YarsRevenge
4,469,477,YarsRevenge
4,465,473,YarsRevenge
4,461,469,YarsRevenge
4,457,465,YarsRevenge
4,453,461,YarsRevenge
4,449,457,YarsRevenge
4,445,453,YarsRevenge
4,441,449,YarsRevenge
4,437,445,YarsRevenge
4,433,441,YarsRevenge
4,429,437,YarsRevenge
4,425,433,YarsRevenge
4,421,429,YarsRevenge
4,417,425,YarsRevenge
4,413,421,YarsRevenge
4,409,417,YarsRevenge
4,405,413,YarsRevenge
4,401,409,YarsRevenge
4,397,405,YarsRevenge
4,393,401,YarsRevenge
4,389,397,YarsRevenge
4,385,393,YarsRevenge
4,381,389,YarsRevenge
4,377,385,YarsRevenge
4,373,381,YarsRevenge
4,369,377,YarsRevenge
4,365,373,YarsRevenge
4,361,369,YarsRevenge
4,357,365,YarsRevenge
4,353,361,YarsRevenge
4,349,357,YarsRevenge
4,345,353,YarsRevenge
4,341,349,YarsRevenge
4,337,345,YarsRevenge
4,333,341,YarsRevenge
4,329,337,YarsRevenge
4,325,333,YarsRevenge
4,321,329,YarsRevenge
4,317,325,YarsRevenge
4,313,321,YarsRevenge
4,309,317,YarsRevenge
4,305,313,YarsRevenge
4,301,309,YarsRevenge
4,297,305,YarsRevenge
4,293,301,YarsRevenge
4,289,297,YarsRevenge
4,285,293,YarsRevenge
4,281,289,YarsRevenge
4,277,285,YarsRevenge
4,273,281,YarsRevenge
4,269,277,YarsRevenge
4,265,273,YarsRevenge
4,261,269,YarsRevenge
4,257,265,YarsRevenge
4,253,261,YarsRevenge
4,249,257,YarsRevenge
4,245,253,YarsRevenge
4,241,249,YarsRevenge
4,237,245,YarsRevenge
4,233,241,YarsRevenge
4,229,237,YarsRevenge
4,225,233,YarsRevenge
4,221,229,YarsRevenge
4,217,225,YarsRevenge
4,213,221,YarsRevenge
4,209,217,YarsRevenge
4,205,213,YarsRevenge
4,201,209,YarsRevenge
4,197,205,YarsRevenge
4,193,201,YarsRevenge
4,189,197,YarsRevenge
4,185,193,YarsRevenge
4,181,189,YarsRevenge
4,177,185,YarsRevenge
4,173,181,YarsRevenge
4,169,177,YarsRevenge
4,165,173,YarsRevenge
4,161,169,YarsRevenge
4,157,165,YarsRevenge
4,153,161,YarsRevenge
4,149,157,YarsRevenge
4,145,153,YarsRevenge
4,141,149,YarsRevenge
4,137,145,YarsRevenge
4,133,141,YarsRevenge
4,129,137,YarsRevenge
4,125,133,YarsRevenge
4,121,129,YarsRevenge
4,117,125,YarsRevenge
4,113,121,YarsRevenge
4,109,117,YarsRevenge
4,105,113,YarsRevenge
4,101,109,YarsRevenge
4,97,105,YarsRevenge
4,93,101,YarsRevenge
4,89,97,YarsRevenge
4,85,93,YarsRevenge
4,81,89,YarsRevenge
4,77,85,YarsRevenge
4,73,81,YarsRevenge
4,69,77,YarsRevenge
4,65,73,YarsRevenge
4,61,69,YarsRevenge
4,57,65,YarsRevenge
4,53,61,YarsRevenge
4,49,57,YarsRevenge
4,45,53,YarsRevenge
4,41,49,YarsRevenge
4,37,45,YarsRevenge
4,33,41,YarsRevenge
4,29,37,YarsRevenge
4,25,33,YarsRevenge
4,21,29,YarsRevenge
4,17,25,YarsRevenge
4,13,21,YarsRevenge
4,9,17,YarsRevenge
4,5,13,YarsRevenge
4,1,9,YarsRevenge
4,-3,5,YarsRevenge
4,-7,1,YarsRevenge
